only_flg,com_nm,uni_social_crd_cd,org_no,biz_licn_reg_no,credit_cmnt_nm,cmnt_result,assess_dt,cmnt_org,cmnt_result_vlid_dt_bg,cmnt_result_exp_dt,record_state,input_dt,deal_state
,,92330206MA2EL62660,MA2EL626-6,,,,,,,,,,
,,92330206MA7FX69W9Y,MA7FX69W-9,,,,,,,,,,
,,92330206MACTXDYM7N,MACTXDYM-7,,,,,,,,,,
,,92330206MA2KNWW64Q,MA2KNWW6-4,,,,,,,,,,
,,92330206MA7C1XY7X4,MA7C1XY7-X,,,,,,,,,,
,,92330206MA7C3HQP3T,MA7C3HQP-3,,,,,,,,,,
,,92330206MA7F9LEA07,MA7F9LEA-0,,,,,,,,,,
,,9133020661026074XL,61026074-X,,,,,,,,,,
,,92330206MA7FA1668W,MA7FA166-8,,,,,,,,,,
,,9133020607921748XK,07921748-X,,,,,,,,,,
,,92330206MA2EKW8278,MA2EKW82-7,,,,,,,,,,
,,91330206MA2GT3XNX2,MA2GT3XN-X,,,,,,,,,,
,,92330206MA7JRX6D9D,MA7JRX6D-9,,,,,,,,,,
,,92330206MA2AHNYG2Y,MA2AHNYG-2,,,,,,,,,,
,,92330206MA2J65K60L,MA2J65K6-0,,,,,,,,,,
,,92330206MACU3HY569,MACU3HY5-6,,,,,,,,,,
,,92330206MA2KQHEG7W,MA2KQHEG-7,,,,,,,,,,
,,92330206MA7DYXCH2P,MA7DYXCH-2,,,,,,,,,,
,,92330206MA7C3HP960,MA7C3HP9-6,,,,,,,,,,
,,92330206MA7BJN2GXW,MA7BJN2G-X,,,,,,,,,,
,,92330206MA2H6DEL5D,MA2H6DEL-5,,,,,,,,,,
,,92330206MA2AFJR642,MA2AFJR6-4,,,,,,,,,,
,,92330206MACRTUTH77,MACRTUTH-7,,,,,,,,,,
,,91330206MA2CMHXQ0E,MA2CMHXQ-0,,,,,,,,,,
,,92330206MA7CJ3XN0U,MA7CJ3XN-0,,,,,,,,,,
,,92330206MA2903XX7N,MA2903XX-7,,,,,,,,,,
,,92330206MA2EL40174,MA2EL401-7,,,,,,,,,,
,,91330206567007705F,56700770-5,,,,,,,,,,
,,92330206MA2GRR495G,MA2GRR49-5,,,,,,,,,,
,,92330206MA2J6JJC16,MA2J6JJC-1,,,,,,,,,,
,,92330206MA7BBXL119,MA7BBXL1-1,,,,,,,,,,
,,91330206MA2J48WJ0D,MA2J48WJ-0,,,,,,,,,,
,,92330206MA2AHWN571,MA2AHWN5-7,,,,,,,,,,
,,92330206MA2KP1059W,MA2KP105-9,,,,,,,,,,
,,91330206MACYH2796M,MACYH279-6,,,,,,,,,,
,,92330206MA7DKA5T7A,MA7DKA5T-7,,,,,,,,,,
,,92330206MA2EKKKK8A,MA2EKKKK-8,,,,,,,,,,
,,92330206MA2J62J90C,MA2J62J9-0,,,,,,,,,,
,,92330206MA2J75800P,MA2J7580-0,,,,,,,,,,
,,92330206MA2KNLD989,MA2KNLD9-8,,,,,,,,,,
,,92330206MA7EFP8L5G,MA7EFP8L-5,,,,,,,,,,
,,92330206MA7E0E0A2A,MA7E0E0A-2,,,,,,,,,,
,,91330201MA2J70W505,MA2J70W5-0,,,,,,,,,,
,,92330206MA7FN87G66,MA7FN87G-6,,,,,,,,,,
,,92330206MA7EWWUPXJ,MA7EWWUP-X,,,,,,,,,,
,,92330206MA2J6WE31E,MA2J6WE3-1,,,,,,,,,,
,,92330206MA7FPYND5U,MA7FPYND-5,,,,,,,,,,
,,92330206MA2J6QAF8W,MA2J6QAF-8,,,,,,,,,,
,,92330206MA2J7T9H1R,MA2J7T9H-1,,,,,,,,,,
,,91330206MA2AG44L52,MA2AG44L-5,,,,,,,,,,
,,92330206MA2KNUED10,MA2KNUED-1,,,,,,,,,,
,,92330206MACP6DCM6K,MACP6DCM-6,,,,,,,,,,
,,92330206MA2EKNN95D,MA2EKNN9-5,,,,,,,,,,
,,92330206MA2J418G4G,MA2J418G-4,,,,,,,,,,
,,92330206MA2GUJXR1F,MA2GUJXR-1,,,,,,,,,,
,,92330206MA7EXL7D0T,MA7EXL7D-0,,,,,,,,,,
,,92330206MA2KN0EH24,MA2KN0EH-2,,,,,,,,,,
,,91330201MABRW6YN7F,MABRW6YN-7,,,,,,,,,,
,,91330206MA2GRBQAXB,MA2GRBQA-X,,,,,,,,,,
,,92330206MA2KNQ961N,MA2KNQ96-1,,,,,,,,,,
,,91330206MA282UG88P,MA282UG8-8,,,,,,,,,,
,,92330206MA284DF94X,MA284DF9-4,,,,,,,,,,
,,92330206MA2J72J7XU,MA2J72J7-X,,,,,,,,,,
,,92330206MA2CL09J9W,MA2CL09J-9,,,,,,,,,,
,,92330206MA7CB98W8Q,MA7CB98W-8,,,,,,,,,,
,,91330201MA8FRUN437,MA8FRUN4-3,,,,,,,,,,
,,91330206MA7LDB042M,MA7LDB04-2,,,,,,,,,,
,,92330206MACLB29E5P,MACLB29E-5,,,,,,,,,,
,,91330206308903425X,30890342-5,,,,,,,,,,
,,92330206MA7BMXAK73,MA7BMXAK-7,,,,,,,,,,
,,92330206MA2KNQU141,MA2KNQU1-4,,,,,,,,,,
,,92330206MA7LDJYB89,MA7LDJYB-8,,,,,,,,,,
,,92330206MA7CTDK87G,MA7CTDK8-7,,,,,,,,,,
,,92330206MA7FM75H3K,MA7FM75H-3,,,,,,,,,,
,,92330206MA2J7WPR36,MA2J7WPR-3,,,,,,,,,,
,,92330206MA2KP7YW2L,MA2KP7YW-2,,,,,,,,,,
,,92330206MA2J402X2E,MA2J402X-2,,,,,,,,,,
,,92330206MA292UM368,MA292UM3-6,,,,,,,,,,
,,92330206MA2J7JX08M,MA2J7JX0-8,,,,,,,,,,
,,92330206MA7EWMNY14,MA7EWMNY-1,,,,,,,,,,
,,92330206MA2KNDUE52,MA2KNDUE-5,,,,,,,,,,
,,92330206MA2J6W0247,MA2J6W02-4,,,,,,,,,,
,,92330206MA7BQN1E59,MA7BQN1E-5,,,,,,,,,,
,,92330206MA2EKTG38B,MA2EKTG3-8,,,,,,,,,,
,,92330206MA2KP31U5B,MA2KP31U-5,,,,,,,,,,
,,91330206MA8FUD7Q13,MA8FUD7Q-1,,,,,,,,,,
,,92330206MA2EKRBJ1H,MA2EKRBJ-1,,,,,,,,,,
,,91330206340565200A,34056520-0,,,,,,,,,,
,,92330206MABM4FLW5Q,MABM4FLW-5,,,,,,,,,,
,,92330206MA293YDHXX,MA293YDH-X,,,,,,,,,,
,,91330201MA2825TJ21,MA2825TJ-2,,,,,,,,,,
,,92330206MA7HCY5Q80,MA7HCY5Q-8,,,,,,,,,,
,,91330206MA2GWACN1W,MA2GWACN-1,,,,,,,,,,
,,92330206MA2920Q050,MA2920Q0-5,,,,,,,,,,
,,92330206MA2KPX5746,MA2KPX57-4,,,,,,,,,,
,,92330206MA7F9UNR1R,MA7F9UNR-1,,,,,,,,,,
,,92330206MA2J48UL43,MA2J48UL-4,,,,,,,,,,
,,92330206MA2J79KT5D,MA2J79KT-5,,,,,,,,,,
,,92330206MA2KNMC94E,MA2KNMC9-4,,,,,,,,,,
,,91330206MA2816FN3H,MA2816FN-3,,,,,,,,,,
,,91330206599458148M,59945814-8,,,,,,,,,,
,,91330201MA2GQAFXXL,MA2GQAFX-X,,,,,,,,,,
,,92330206MA7C76U575,MA7C76U5-7,,,,,,,,,,
,,91330206595392612L,59539261-2,,,,,,,,,,
,,92330206MA2KPEBT03,MA2KPEBT-0,,,,,,,,,,
,,92330206MABUNPGG0T,MABUNPGG-0,,,,,,,,,,
,,92330206MA7EK9YK69,MA7EK9YK-6,,,,,,,,,,
,,92330206MACPBFHG1G,MACPBFHG-1,,,,,,,,,,
,,92330206MA2KNLQY54,MA2KNLQY-5,,,,,,,,,,
,,91330206MA2J5RED4P,MA2J5RED-4,,,,,,,,,,
,,92330206MA2KNPW14F,MA2KNPW1-4,,,,,,,,,,
,,91330206MA7LDBL2XQ,MA7LDBL2-X,,,,,,,,,,
,,92330206MA7C0GQW1B,MA7C0GQW-1,,,,,,,,,,
,,91330206MA2CKCC934,MA2CKCC9-3,,,,,,,,,,
,,92330206MA2EKGYR3R,MA2EKGYR-3,,,,,,,,,,
,,92330206MA2KNQD08W,MA2KNQD0-8,,,,,,,,,,
,,92330206MA7CCF71XB,MA7CCF71-X,,,,,,,,,,
,,91330206316976202Q,31697620-2,,,,,,,,,,
,,91330206MA2H7YBD3L,MA2H7YBD-3,,,,,,,,,,
,,92330206MA2KN4WX9J,MA2KN4WX-9,,,,,,,,,,
,,92330201MA2EQ3AP1G,MA2EQ3AP-1,,,,,,,,,,
,,92330206MA2J46GY6N,MA2J46GY-6,,,,,,,,,,
,,92330206MA7EWMCE8G,MA7EWMCE-8,,,,,,,,,,
,,92330206MA2KPHUG3J,MA2KPHUG-3,,,,,,,,,,
,,92330206MA7F9Q1692,MA7F9Q16-9,,,,,,,,,,
,,91330206MA2KPNEA9C,MA2KPNEA-9,,,,,,,,,,
,,91330206MA2CL4KY2C,MA2CL4KY-2,,,,,,,,,,
,,91330201MA2GT6LY1X,MA2GT6LY-1,,,,,,,,,,
,,92330206MA2KNMBA60,MA2KNMBA-6,,,,,,,,,,
,,91330201MA2CHWHN89,MA2CHWHN-8,,,,,,,,,,
,,92330206MA2J4WGK2X,MA2J4WGK-2,,,,,,,,,,
,,91330201MA2CHLWK9X,MA2CHLWK-9,,,,,,,,,,
,,92330206MA2KN2FT2H,MA2KN2FT-2,,,,,,,,,,
,,92330206MA2KN8L50D,MA2KN8L5-0,,,,,,,,,,
,,92330206MA2KPX590U,MA2KPX59-0,,,,,,,,,,
,,92330206MA7EF921X0,MA7EF921-X,,,,,,,,,,
,,91330206MA2H743JX1,MA2H743J-X,,,,,,,,,,
,,91330206MA2J30GH56,MA2J30GH-5,,,,,,,,,,
,,91330206MA7G0CPH57,MA7G0CPH-5,,,,,,,,,,
,,91330206MAC7HTTCXX,MAC7HTTC-X,,,,,,,,,,
,,92330206MA7F1TBT5K,MA7F1TBT-5,,,,,,,,,,
,,92330206MA7EUJ2E51,MA7EUJ2E-5,,,,,,,,,,
,,91330206MA282C3353,MA282C33-5,,,,,,,,,,
,,92330206MA7F72CL54,MA7F72CL-5,,,,,,,,,,
,,92330206MA2EKD8U4C,MA2EKD8U-4,,,,,,,,,,
,,92330206MA2J5WR04B,MA2J5WR0-4,,,,,,,,,,
,,92330206MA2AHAPL0E,MA2AHAPL-0,,,,,,,,,,
,,92330206MAC4RB9314,MAC4RB93-1,,,,,,,,,,
,,92330206MA2J77JQ9K,MA2J77JQ-9,,,,,,,,,,
,,92330206MA2KNBNY94,MA2KNBNY-9,,,,,,,,,,
,,92330206MA2AGKNX84,MA2AGKNX-8,,,,,,,,,,
,,92330206MA2J3HN23A,MA2J3HN2-3,,,,,,,,,,
,,91330201MA2GWX2J8N,MA2GWX2J-8,,,,,,,,,,
,,92330206MA2KPC7U8P,MA2KPC7U-8,,,,,,,,,,
,,92330206MA2GQ2BH16,MA2GQ2BH-1,,,,,,,,,,
,,92330206MACXB25L8P,MACXB25L-8,,,,,,,,,,
,,92330282MA2KPBWY7R,MA2KPBWY-7,,,,,,,,,,
,,92330282MA293LRC23,MA293LRC-2,,,,,,,,,,
,,92330201MABPYTGP03,MABPYTGP-0,,,,,,,,,,
,,92330282MA2AECH90A,MA2AECH9-0,,,,,,,,,,
,,92330282MA2GQK052B,MA2GQK05-2,,,,,,,,,,
,,92330282MA2EHT7W1Y,MA2EHT7W-1,,,,,,,,,,
,,92330282MA2H67FX3W,MA2H67FX-3,,,,,,,,,,
,,92330282MA2EHU358D,MA2EHU35-8,,,,,,,,,,
,,92330282MA2EGN5M54,MA2EGN5M-5,,,,,,,,,,
,,92330282MA2EJNF13H,MA2EJNF1-3,,,,,,,,,,
,,91330201MAD9C98T7K,MAD9C98T-7,,,,,,,,,,
,,92330282MA2KN2X42C,MA2KN2X4-2,,,,,,,,,,
,,91330282695069476W,69506947-6,,,,,,,,,,
,,91330282MA2KPUFF51,MA2KPUFF-5,,,,,,,,,,
,,91330282MA281MKN99,MA281MKN-9,,,,,,,,,,
,,92330282MA2EK06B08,MA2EK06B-0,,,,,,,,,,
,,92330282MA2EJGJG2K,MA2EJGJG-2,,,,,,,,,,
,,92330282MA2EH33896,MA2EH338-9,,,,,,,,,,
,,91330282MA2H5GMC50,MA2H5GMC-5,,,,,,,,,,
,,92330282MA2EJYDK6U,MA2EJYDK-6,,,,,,,,,,
,,92330282MA2EJTCE77,MA2EJTCE-7,,,,,,,,,,
,,92330282MA2EJAQ69M,MA2EJAQ6-9,,,,,,,,,,
,,92330201MA2ENBQ554,MA2ENBQ5-5,,,,,,,,,,
,,92330282MA2AFT457Y,MA2AFT45-7,,,,,,,,,,
,,92330282MA2EK7TH52,MA2EK7TH-5,,,,,,,,,,
,,92330282MACML7UB33,MACML7UB-3,,,,,,,,,,
,,91330282MA282F0T7P,MA282F0T-7,,,,,,,,,,
,,92330282MAD478936T,MAD47893-6,,,,,,,,,,
,,92330282MA2917PA4E,MA2917PA-4,,,,,,,,,,
,,92330282MABR9NNR07,MABR9NNR-0,,,,,,,,,,
,,91330282MA2AJ40JX5,MA2AJ40J-X,,,,,,,,,,
,,92330282MA2EJ6KJ6F,MA2EJ6KJ-6,,,,,,,,,,
,,92330201MA2GUFM0X1,MA2GUFM0-X,,,,,,,,,,
,,92330282MA2H8JAH46,MA2H8JAH-4,,,,,,,,,,
,,92330282MA2EJLC86J,MA2EJLC8-6,,,,,,,,,,
,,913302017449761022,74497610-2,,,,,,,,,,
,,92330282MA2H6BCF8R,MA2H6BCF-8,,,,,,,,,,
,,91330282MACN77KH3W,MACN77KH-3,,,,,,,,,,
,,92330282MA2EJKG383,MA2EJKG3-8,,,,,,,,,,
,,91330282MACDJY8E2C,MACDJY8E-2,,,,,,,,,,
,,92330282MA283W6P40,MA283W6P-4,,,,,,,,,,
,,91330282MA2GT9ER8C,MA2GT9ER-8,,,,,,,,,,
,,92330282MA2H8GP61W,MA2H8GP6-1,,,,,,,,,,
,,92330282MA2EHPJR64,MA2EHPJR-6,,,,,,,,,,
,,91330282071475652X,07147565-2,,,,,,,,,,
,,92330282MABY6THG90,MABY6THG-9,,,,,,,,,,
,,91330282MA2J74J40J,MA2J74J4-0,,,,,,,,,,
,,91330282MA2H5HEX9D,MA2H5HEX-9,,,,,,,,,,
,,92330282MA2J6P105U,MA2J6P10-5,,,,,,,,,,
,,92330282MAD0B08E6B,MAD0B08E-6,,,,,,,,,,
,,92330282MA2EK7YQ0G,MA2EK7YQ-0,,,,,,,,,,
,,92330201MACYKAQU7R,MACYKAQU-7,,,,,,,,,,
,,913302827645150041,76451500-4,,,,,,,,,,
,,92330282MA2EH7GD3F,MA2EH7GD-3,,,,,,,,,,
,,92330282MA2EJJQA6A,MA2EJJQA-6,,,,,,,,,,
,,92330282MA2EK32DX3,MA2EK32D-X,,,,,,,,,,
,,92330201MACPLJ2D7X,MACPLJ2D-7,,,,,,,,,,
,,92330282MA2EJGUH0H,MA2EJGUH-0,,,,,,,,,,
,,92330282MA2EJ85R16,MA2EJ85R-1,,,,,,,,,,
,,92330282MA2EJJ7J9B,MA2EJJ7J-9,,,,,,,,,,
,,92330282MA2AJ2287G,MA2AJ228-7,,,,,,,,,,
,,92330282MACRCY7L8W,MACRCY7L-8,,,,,,,,,,
,,92330282MA2CKXD115,MA2CKXD1-1,,,,,,,,,,
,,92330282MA2918BE09,MA2918BE-0,,,,,,,,,,
,,92330282MA2CLGQC3Y,MA2CLGQC-3,,,,,,,,,,
,,91330282MAC39LBY6J,MAC39LBY-6,,,,,,,,,,
,,92330282MA2J5MDT5L,MA2J5MDT-5,,,,,,,,,,
,,92330282MA2EHH8U9B,MA2EHH8U-9,,,,,,,,,,
,,91330282768508354X,76850835-4,,,,,,,,,,
,,91330282MA2KPMPG54,MA2KPMPG-5,,,,,,,,,,
,,91330282MA2H5UQA25,MA2H5UQA-2,,,,,,,,,,
,,91330282MACN59P6XP,MACN59P6-X,,,,,,,,,,
,,91330282MA2KPUF96X,MA2KPUF9-6,,,,,,,,,,
,,91330282MA2GFAFW1H,MA2GFAFW-1,,,,,,,,,,
,,91330282079201939U,07920193-9,,,,,,,,,,
,,91330282MAD2ANTL67,MAD2ANTL-6,,,,,,,,,,
,,91330282MAD58L25XG,MAD58L25-X,,,,,,,,,,
,,91330282MABYNY8QXY,MABYNY8Q-X,,,,,,,,,,
,,91330282MA7CD8GQ8F,MA7CD8GQ-8,,,,,,,,,,
,,91330282MA2GQ5801E,MA2GQ580-1,,,,,,,,,,
,,92330282MA2EJMYA5Y,MA2EJMYA-5,,,,,,,,,,
,,92330201MACU6R1925,MACU6R19-2,,,,,,,,,,
,,91330282MA292E3154,MA292E31-5,,,,,,,,,,
,,92330282MA2H8JWEXN,MA2H8JWE-X,,,,,,,,,,
,,92330201MAD1YXEU18,MAD1YXEU-1,,,,,,,,,,
,,92330201MAD97XRE32,MAD97XRE-3,,,,,,,,,,
,,92330282MA2J584F58,MA2J584F-5,,,,,,,,,,
,,92330282MA2EGPUN8J,MA2EGPUN-8,,,,,,,,,,
,,92330282MA2GTNU90P,MA2GTNU9-0,,,,,,,,,,
,,91330282066618110G,06661811-0,,,,,,,,,,
,,91330282MAD698HX5P,MAD698HX-5,,,,,,,,,,
,,91330201MAC3AENG15,MAC3AENG-1,,,,,,,,,,
,,9133020159948053XH,59948053-X,,,,,,,,,,
,,92330282MA2J3C8Q06,MA2J3C8Q-0,,,,,,,,,,
,,91330282MA2GWNG47C,MA2GWNG4-7,,,,,,,,,,
,,92330282MA2J5YGW1C,MA2J5YGW-1,,,,,,,,,,
,,92330282MA2EHRPB9R,MA2EHRPB-9,,,,,,,,,,
,,92330282MA2934HA6C,MA2934HA-6,,,,,,,,,,
,,92330282MA2CLL708E,MA2CLL70-8,,,,,,,,,,
,,92330282MA7M58HJ2J,MA7M58HJ-2,,,,,,,,,,
,,92330201MA2J40NKX1,MA2J40NK-X,,,,,,,,,,
,,91330201MABU14C746,MABU14C7-4,,,,,,,,,,
,,91330282MA7MG4DQ3G,MA7MG4DQ-3,,,,,,,,,,
,,92330201MA2AH4LY5K,MA2AH4LY-5,,,,,,,,,,
,,91330281MA2AJCF79C,MA2AJCF7-9,,,,,,,,,,
,,92330282MA2EJ3320U,MA2EJ332-0,,,,,,,,,,
,,91330201MA2CHCEF9G,MA2CHCEF-9,,,,,,,,,,
,,92330282MA2EK3UJ72,MA2EK3UJ-7,,,,,,,,,,
,,92330201MA2EN7DW27,MA2EN7DW-2,,,,,,,,,,
,,91330282MA2AJUMQ8P,MA2AJUMQ-8,,,,,,,,,,
,,92330282MA2AH0PM1C,MA2AH0PM-1,,,,,,,,,,
,,92330282MABQ513J5A,MABQ513J-5,,,,,,,,,,
,,92330282MACYT3MN48,MACYT3MN-4,,,,,,,,,,
,,92330282MA2GWCA9X8,MA2GWCA9-X,,,,,,,,,,
,,92330282MACN8R3M66,MACN8R3M-6,,,,,,,,,,
,,92330282MA2EK43C05,MA2EK43C-0,,,,,,,,,,
,,92330282MA28361X74,MA28361X-7,,,,,,,,,,
,,92330201MACPDP6W0C,MACPDP6W-0,,,,,,,,,,
,,92330282MA2915Y71B,MA2915Y7-1,,,,,,,,,,
,,91330282MA2839E32C,MA2839E3-2,,,,,,,,,,
,,92330201MA2EN7AW39,MA2EN7AW-3,,,,,,,,,,
,,92330282MA2AF3A54H,MA2AF3A5-4,,,,,,,,,,
,,92330282MABQ2RF430,MABQ2RF4-3,,,,,,,,,,
,,92330282MACQJ4KF7Q,MACQJ4KF-7,,,,,,,,,,
,,91330282MABRBFKQ2B,MABRBFKQ-2,,,,,,,,,,
,,92330282MA2EJN4A7Q,MA2EJN4A-7,,,,,,,,,,
,,91330282MA2GRBBP7W,MA2GRBBP-7,,,,,,,,,,
,,92330282MA2KNGURXF,MA2KNGUR-X,,,,,,,,,,
,,91330282MA2823TF40,MA2823TF-4,,,,,,,,,,
,,91330201MA2836JM1J,MA2836JM-1,,,,,,,,,,
,,92330282MA2EGMW20C,MA2EGMW2-0,,,,,,,,,,
,,91330282MA291BWWXT,MA291BWW-X,,,,,,,,,,
,,91330201MA2H4A873D,MA2H4A87-3,,,,,,,,,,
,,92330201MA29320P5D,MA29320P-5,,,,,,,,,,
,,92330282MABNYGJT5G,MABNYGJT-5,,,,,,,,,,
,,92330282MA2J7BBJ1U,MA2J7BBJ-1,,,,,,,,,,
,,92330282MA2EHRQD1Q,MA2EHRQD-1,,,,,,,,,,
,,92330282MAC5GFUF5Y,MAC5GFUF-5,,,,,,,,,,
,,92330282MA2EGPR00P,MA2EGPR0-0,,,,,,,,,,
,,92330282MABWX0F60F,MABWX0F6-0,,,,,,,,,,
,,91330203MACBJT4X75,MACBJT4X-7,,,,,,,,,,
,,91330203MA2J79RK63,MA2J79RK-6,,,,,,,,,,
,,91330203MA28Y8M13H,MA28Y8M1-3,,,,,,,,,,
,,91330203MAD4TNCYXW,MAD4TNCY-X,,,,,,,,,,
,,91330203MA28314Y02,MA28314Y-0,,,,,,,,,,
,,91330203MA2GTXKK49,MA2GTXKK-4,,,,,,,,,,
,,913302043168574571,31685745-7,,,,,,,,,,
,,91330212MA2GQRHU4T,MA2GQRHU-4,,,,,,,,,,
,,91330203340568532Y,34056853-2,,,,,,,,,,
,,913302036747483304,67474833-0,,,,,,,,,,
,,92330203MA2EQKTX4B,MA2EQKTX-4,,,,,,,,,,
,,91330203MA2J6JXU8H,MA2J6JXU-8,,,,,,,,,,
,,91330203MA2J41RP9F,MA2J41RP-9,,,,,,,,,,
,,91330203MA2CL0JJ22,MA2CL0JJ-2,,,,,,,,,,
,,91330212MA2H6W2C7C,MA2H6W2C-7,,,,,,,,,,
,,91330203MACBWKJ25D,MACBWKJ2-5,,,,,,,,,,
,,91330203MA2GG1ML77,MA2GG1ML-7,,,,,,,,,,
,,91330203MA8FQL3542,MA8FQL35-4,,,,,,,,,,
,,91330203MACC0WFY0L,MACC0WFY-0,,,,,,,,,,
,,91330212MA2CKUCB9T,MA2CKUCB-9,,,,,,,,,,
,,91330203MACBB9WY57,MACBB9WY-5,,,,,,,,,,
,,92330203MACMNA8K6G,MACMNA8K-6,,,,,,,,,,
,,91330203MA2K8H965U,MA2K8H96-5,,,,,,,,,,
,,91330203MA2K8J9B1U,MA2K8J9B-1,,,,,,,,,,
,,91330203591558750M,59155875-0,,,,,,,,,,
,,91330203554536595A,55453659-5,,,,,,,,,,
,,91330203MA2J7CGM05,MA2J7CGM-0,,,,,,,,,,
,,91330203MACATE8212,MACATE82-1,,,,,,,,,,
,,92330203MA2ER5TX9D,MA2ER5TX-9,,,,,,,,,,
,,92330203MA2KQ9291R,MA2KQ929-1,,,,,,,,,,
,,91330203MA2J4AF53J,MA2J4AF5-3,,,,,,,,,,
,,92330203MA2KQB3Q2G,MA2KQB3Q-2,,,,,,,,,,
,,92330203MA284GUR50,MA284GUR-5,,,,,,,,,,
,,91330203MAC4FGQ03T,MAC4FGQ0-3,,,,,,,,,,
,,92330203MA2H5BMC1Y,MA2H5BMC-1,,,,,,,,,,
,,91330203MA282NK92P,MA282NK9-2,,,,,,,,,,
,,91330203MA7EB8TGX9,MA7EB8TG-X,,,,,,,,,,
,,92330203MA28Y2KX6X,MA28Y2KX-6,,,,,,,,,,
,,92330203MA2GW5RPXU,MA2GW5RP-X,,,,,,,,,,
,,91330203MA2GG09G02,MA2GG09G-0,,,,,,,,,,
,,92330200MA2846PQ8X,MA2846PQ-8,,,,,,,,,,
,,92330203MACX5U4N19,MACX5U4N-1,,,,,,,,,,
,,91330203MA2H7E555H,MA2H7E55-5,,,,,,,,,,
,,91330203MABX2THK97,MABX2THK-9,,,,,,,,,,
,,91330203MA281QYM03,MA281QYM-0,,,,,,,,,,
,,92330203MA2EQPBL5W,MA2EQPBL-5,,,,,,,,,,
,,91330200MA2GFD539L,MA2GFD53-9,,,,,,,,,,
,,913302125670477823,56704778-2,,,,,,,,,,
,,92330203MA2CKRA59N,MA2CKRA5-9,,,,,,,,,,
,,92330203MA2GUHW41H,MA2GUHW4-1,,,,,,,,,,
,,91330203MA2H7PPX15,MA2H7PPX-1,,,,,,,,,,
,,92330203MA2CJYL36G,MA2CJYL3-6,,,,,,,,,,
,,91330203MA2GWG9T8M,MA2GWG9T-8,,,,,,,,,,
,,91330203MA2GU6LW0D,MA2GU6LW-0,,,,,,,,,,
,,91330203MA2839L37G,MA2839L3-7,,,,,,,,,,
,,92330203MA7C14J67T,MA7C14J6-7,,,,,,,,,,
,,91330203MA2CM5P47B,MA2CM5P4-7,,,,,,,,,,
,,92330203MA2AG73H4D,MA2AG73H-4,,,,,,,,,,
,,92330203MA2CKG2W90,MA2CKG2W-9,,,,,,,,,,
,,91330203MAC1GD926B,MAC1GD92-6,,,,,,,,,,
,,92330203MA2KQK7W12,MA2KQK7W-1,,,,,,,,,,
,,92330203MA291NM90L,MA291NM9-0,,,,,,,,,,
,,913302036950718083,69507180-8,,,,,,,,,,
,,91330203MA2GFW7U41,MA2GFW7U-4,,,,,,,,,,
,,91330203MA7MA9M92K,MA7MA9M9-2,,,,,,,,,,
,,91330206MABXA5ND8U,MABXA5ND-8,,,,,,,,,,
,,913302036880182919,68801829-1,,,,,,,,,,
,,92330203MA2H7PPM1R,MA2H7PPM-1,,,,,,,,,,
,,91330203599474340F,59947434-0,,,,,,,,,,
,,92330203MA2KPHFFXJ,MA2KPHFF-X,,,,,,,,,,
,,91330203MA2AGCT63Q,MA2AGCT6-3,,,,,,,,,,
,,92330203MAC63XNFXJ,MAC63XNF-X,,,,,,,,,,
,,91330203MA2GWAJE2E,MA2GWAJE-2,,,,,,,,,,
,,91330203MA293CWU7Y,MA293CWU-7,,,,,,,,,,
,,91330203MA2GR0YQ1A,MA2GR0YQ-1,,,,,,,,,,
,,91330203MA2J74J08R,MA2J74J0-8,,,,,,,,,,
,,92330203MA2ER12KXU,MA2ER12K-X,,,,,,,,,,
,,91330203MA2K8KUE2F,MA2K8KUE-2,,,,,,,,,,
,,92330203MA2CMA8XX5,MA2CMA8X-X,,,,,,,,,,
,,91330203MAC5A6AAXR,MAC5A6AA-X,,,,,,,,,,
,,92330203MA2AFA6B7F,MA2AFA6B-7,,,,,,,,,,
,,91330203MAD8MN086E,MAD8MN08-6,,,,,,,,,,
,,913302036810553643,68105536-4,,,,,,,,,,
,,91330203MA2CLQ4Y06,MA2CLQ4Y-0,,,,,,,,,,
,,92330203MA2KQ33K1E,MA2KQ33K-1,,,,,,,,,,
,,92330203MA7BP8QH2D,MA7BP8QH-2,,,,,,,,,,
,,91330203MA2GUHKQ5J,MA2GUHKQ-5,,,,,,,,,,
,,91330203MA7FJDPK5X,MA7FJDPK-5,,,,,,,,,,
,,92330203MA7KCPHP4X,MA7KCPHP-4,,,,,,,,,,
,,91330203665589681J,66558968-1,,,,,,,,,,
,,91330203MA2J6C4F16,MA2J6C4F-1,,,,,,,,,,
,,91330203MA2GRK381R,MA2GRK38-1,,,,,,,,,,
,,91330203MA2GQMXJ2H,MA2GQMXJ-2,,,,,,,,,,
,,92330203MA28YP60X5,MA28YP60-X,,,,,,,,,,
,,92330203MA2H8A6PXU,MA2H8A6P-X,,,,,,,,,,
,,92330203MA2AHTTH54,MA2AHTTH-5,,,,,,,,,,
,,91330203MA2H8RLT4G,MA2H8RLT-4,,,,,,,,,,
,,91330203MA2GU1A13X,MA2GU1A1-3,,,,,,,,,,
,,91330203MA2K8JHQ53,MA2K8JHQ-5,,,,,,,,,,
,,91330203MA8FQLQR0H,MA8FQLQR-0,,,,,,,,,,
,,91330203MA2GWN0X2E,MA2GWN0X-2,,,,,,,,,,
,,91330203MACLHW4U97,MACLHW4U-9,,,,,,,,,,
,,92330203MABRM5R4X1,MABRM5R4-X,,,,,,,,,,
,,91330203MA2811RWXH,MA2811RW-X,,,,,,,,,,
,,92330203MA2GTDPP27,MA2GTDPP-2,,,,,,,,,,
,,91330203MACM6K2F13,MACM6K2F-1,,,,,,,,,,
,,91330203MAD0WYGA17,MAD0WYGA-1,,,,,,,,,,
,,91330203MA2CHTBN10,MA2CHTBN-1,,,,,,,,,,
,,92330203MA2KPM0M56,MA2KPM0M-5,,,,,,,,,,
,,92330203MA2GU7TM2J,MA2GU7TM-2,,,,,,,,,,
,,92330203MA2J7DJ96T,MA2J7DJ9-6,,,,,,,,,,
,,91330203316995446H,31699544-6,,,,,,,,,,
,,92330203MA291FKU82,MA291FKU-8,,,,,,,,,,
,,91330203MA281EUE78,MA281EUE-7,,,,,,,,,,
,,92330203MA2EQL686H,MA2EQL68-6,,,,,,,,,,
,,92330203MAD448JX9D,MAD448JX-9,,,,,,,,,,
,,91330203MA7DM8YU5U,MA7DM8YU-5,,,,,,,,,,
,,91330203MABW3JG30G,MABW3JG3-0,,,,,,,,,,
,,92330203MA2KNW044C,MA2KNW04-4,,,,,,,,,,
,,91330203MA2K8D200H,MA2K8D20-0,,,,,,,,,,
,,92330203MA2KQHH3X9,MA2KQHH3-X,,,,,,,,,,
,,91330203MA293K5956,MA293K59-5,,,,,,,,,,
,,91330203MA2K8JNB0J,MA2K8JNB-0,,,,,,,,,,
,,92330203MA2AGAKK53,MA2AGAKK-5,,,,,,,,,,
,,92330203MA2KP1518N,MA2KP151-8,,,,,,,,,,
,,91330203MA281G5GX0,MA281G5G-X,,,,,,,,,,
,,91330203MA7BGG9J33,MA7BGG9J-3,,,,,,,,,,
,,91330203MACKCG2T6H,MACKCG2T-6,,,,,,,,,,
,,91330203MA2CKH3F9J,MA2CKH3F-9,,,,,,,,,,
,,91330203MA2AFGCB1D,MA2AFGCB-1,,,,,,,,,,
,,92330203MA2KQHTP6R,MA2KQHTP-6,,,,,,,,,,
,,91330203MA2AFT7M50,MA2AFT7M-5,,,,,,,,,,
,,92330203MA2H8XJP5Y,MA2H8XJP-5,,,,,,,,,,
,,91330212MA2CKHTB19,MA2CKHTB-1,,,,,,,,,,
,,92330212MA2AHJHJ8J,MA2AHJHJ-8,,,,,,,,,,
,,92330212MA2GTPLL7U,MA2GTPLL-7,,,,,,,,,,
,,92330212MA2EGE0W09,MA2EGE0W-0,,,,,,,,,,
,,91330201MA282QLY1H,MA282QLY-1,,,,,,,,,,
,,91330212058266389T,05826638-9,,,,,,,,,,
,,92330212MA2KQH6U0T,MA2KQH6U-0,,,,,,,,,,
,,92330212MA2EG3X76B,MA2EG3X7-6,,,,,,,,,,
,,91330212MA28YR5N7L,MA28YR5N-7,,,,,,,,,,
,,91330204MA2828RG3D,MA2828RG-3,,,,,,,,,,
,,92330212MA28Y3A3XF,MA28Y3A3-X,,,,,,,,,,
,,91330212MA2J5PMN1N,MA2J5PMN-1,,,,,,,,,,
,,91330201MA2GQ6HYX4,MA2GQ6HY-X,,,,,,,,,,
,,91330212MA28Y6W97G,MA28Y6W9-7,,,,,,,,,,
,,91330212MA2936CK1Y,MA2936CK-1,,,,,,,,,,
,,92330212MA2EG4HG05,MA2EG4HG-0,,,,,,,,,,
,,92330212MAD4MKN3XB,MAD4MKN3-X,,,,,,,,,,
,,91330212MAD7NP9WXT,MAD7NP9W-X,,,,,,,,,,
,,91330201316942985M,31694298-5,,,,,,,,,,
,,92330212MA7J9ELY6J,MA7J9ELY-6,,,,,,,,,,
,,91330204084787233U,08478723-3,,,,,,,,,,
,,91330212058269061L,05826906-1,,,,,,,,,,
,,92330212MA2J6N5642,MA2J6N56-4,,,,,,,,,,
,,91330201595378095P,59537809-5,,,,,,,,,,
,,92330212MA2CHTL4X5,MA2CHTL4-X,,,,,,,,,,
,,92330212MA2H5PUN00,MA2H5PUN-0,,,,,,,,,,
,,92330212MA2CLYP40G,MA2CLYP4-0,,,,,,,,,,
,,91330212MAD64TA19E,MAD64TA1-9,,,,,,,,,,
,,91330212MA282DJK92,MA282DJK-9,,,,,,,,,,
,,91330212MA2AEWR058,MA2AEWR0-5,,,,,,,,,,
,,92330212MA2CKHDJ50,MA2CKHDJ-5,,,,,,,,,,
,,91330212MAC2CPNG11,MAC2CPNG-1,,,,,,,,,,
,,91330212MA2KP7JM5B,MA2KP7JM-5,,,,,,,,,,
,,91330212MA2H83A60Q,MA2H83A6-0,,,,,,,,,,
,,91330212MA7EE97J3E,MA7EE97J-3,,,,,,,,,,
,,92330212MA284X4480,MA284X44-8,,,,,,,,,,
,,91330212MA292L277R,MA292L27-7,,,,,,,,,,
,,92330212MAD2Y4L370,MAD2Y4L3-7,,,,,,,,,,
,,91330212MA281EEC9K,MA281EEC-9,,,,,,,,,,
,,91330212MA8FY2954H,MA8FY295-4,,,,,,,,,,
,,91330212MA2J5K1H5F,MA2J5K1H-5,,,,,,,,,,
,,91330212MAD1KHMP11,MAD1KHMP-1,,,,,,,,,,
,,92330212MA2EFACN78,MA2EFACN-7,,,,,,,,,,
,,91330200MA28YXPR32,MA28YXPR-3,,,,,,,,,,
,,92330212MA2J5J0B7F,MA2J5J0B-7,,,,,,,,,,
,,92330212MA2H69BU9Q,MA2H69BU-9,,,,,,,,,,
,,91330212MAD2DP650M,MAD2DP65-0,,,,,,,,,,
,,91330201MAC5MXWW93,MAC5MXWW-9,,,,,,,,,,
,,91330203MA8FPPD61G,MA8FPPD6-1,,,,,,,,,,
,,92330212MA2GQ7006F,MA2GQ700-6,,,,,,,,,,
,,91330212MABNFHM57U,MABNFHM5-7,,,,,,,,,,
,,91330212772303415R,77230341-5,,,,,,,,,,
,,91330212MAC4A8WH1D,MAC4A8WH-1,,,,,,,,,,
,,91330212MA2KPG5P5L,MA2KPG5P-5,,,,,,,,,,
,,92330212MA2EG0WR5F,MA2EG0WR-5,,,,,,,,,,
,,91330212MA2CKUF59M,MA2CKUF5-9,,,,,,,,,,
,,91330212MA8FQCWW52,MA8FQCWW-5,,,,,,,,,,
,,91330212MABWQ86C6Y,MABWQ86C-6,,,,,,,,,,
,,91330212MA291G657R,MA291G65-7,,,,,,,,,,
,,92330212MA2AH25P4K,MA2AH25P-4,,,,,,,,,,
,,91330201MA8FXT4185,MA8FXT41-8,,,,,,,,,,
,,92330212MA284YBX26,MA284YBX-2,,,,,,,,,,
,,92330212MA2EFY6N4D,MA2EFY6N-4,,,,,,,,,,
,,91330212MA2936MP6M,MA2936MP-6,,,,,,,,,,
,,91330212MABT4JD42A,MABT4JD4-2,,,,,,,,,,
,,91330212MA2AEWW15A,MA2AEWW1-5,,,,,,,,,,
,,92330212MACWKGH17B,MACWKGH1-7,,,,,,,,,,
,,92330201MA283KEQ0N,MA283KEQ-0,,,,,,,,,,
,,92330212MA2GU8R7XA,MA2GU8R7-X,,,,,,,,,,
,,91330212MA2J4YD21F,MA2J4YD2-1,,,,,,,,,,
,,92330212MA2GUGHY9G,MA2GUGHY-9,,,,,,,,,,
,,91330212MA2CKJYRXC,MA2CKJYR-X,,,,,,,,,,
,,91330212MA2GXYKL73,MA2GXYKL-7,,,,,,,,,,
,,92330203MA2J6C0DX1,MA2J6C0D-X,,,,,,,,,,
,,92330212MAD4WWHL6G,MAD4WWHL-6,,,,,,,,,,
,,92330201MA2CHPEA35,MA2CHPEA-3,,,,,,,,,,
,,92330201MA2EQ01G2K,MA2EQ01G-2,,,,,,,,,,
,,92330212MA2EGC7P2K,MA2EGC7P-2,,,,,,,,,,
,,91330201MA2GWKAWX7,MA2GWKAW-X,,,,,,,,,,
,,91330212MAD5TBPA4D,MAD5TBPA-4,,,,,,,,,,
,,91330212MA2GXWQ59P,MA2GXWQ5-9,,,,,,,,,,
,,92330201MA7D2GLXX6,MA7D2GLX-X,,,,,,,,,,
,,91330212MACBNH5G30,MACBNH5G-3,,,,,,,,,,
,,91330201MA8FWN7901,MA8FWN79-0,,,,,,,,,,
,,91330200MA2CKYXT08,MA2CKYXT-0,,,,,,,,,,
,,92330212MAD3UGFKXA,MAD3UGFK-X,,,,,,,,,,
,,91330201MA2H81520U,MA2H8152-0,,,,,,,,,,
,,91330212MA7D8YDP5J,MA7D8YDP-5,,,,,,,,,,
,,91330212MA2AGLWR95,MA2AGLWR-9,,,,,,,,,,
,,92330212MA28Y0M70J,MA28Y0M7-0,,,,,,,,,,
,,92330212MA2EGENL7K,MA2EGENL-7,,,,,,,,,,
,,92330212MA284CYD5Q,MA284CYD-5,,,,,,,,,,
,,92330212MAD5FM9B4Y,MAD5FM9B-4,,,,,,,,,,
,,91330212MA2J7N623B,MA2J7N62-3,,,,,,,,,,
,,913302120975859135,09758591-3,,,,,,,,,,
,,91330212MA8FY1Q25F,MA8FY1Q2-5,,,,,,,,,,
,,91330211570534012U,57053401-2,,,,,,,,,,
,,91330212MA2GT29C47,MA2GT29C-4,,,,,,,,,,
,,91330212MAD62T5R9B,MAD62T5R-9,,,,,,,,,,
,,91330201MA2J6JHY9N,MA2J6JHY-9,,,,,,,,,,
,,91330212MA2CL4QE7D,MA2CL4QE-7,,,,,,,,,,
,,9133021255799695XK,55799695-X,,,,,,,,,,
,,92330201MA2H53QG83,MA2H53QG-8,,,,,,,,,,
,,92330212MACYDNFGXM,MACYDNFG-X,,,,,,,,,,
,,91330212MACMTFY39D,MACMTFY3-9,,,,,,,,,,
,,92330201MA2J6LW521,MA2J6LW5-2,,,,,,,,,,
,,91330201MA28114K5R,MA28114K-5,,,,,,,,,,
,,92330212MAC00X8D64,MAC00X8D-6,,,,,,,,,,
,,92330212MA29127Q7T,MA29127Q-7,,,,,,,,,,
,,92330201MA2CH5DM0F,MA2CH5DM-0,,,,,,,,,,
,,91330200595380793Q,59538079-3,,,,,,,,,,
,,91330212MAC18CHF75,MAC18CHF-7,,,,,,,,,,
,,91330212MA2AJFQ18X,MA2AJFQ1-8,,,,,,,,,,
,,91330203732139139B,73213913-9,,,,,,,,,,
,,91330204744965809U,74496580-9,,,,,,,,,,
,,91330201MA2J7GNL8Y,MA2J7GNL-8,,,,,,,,,,
,,91330212688014151K,68801415-1,,,,,,,,,,
,,92330201MAC20NG13G,MAC20NG1-3,,,,,,,,,,
,,92330201MA2KN04N8T,MA2KN04N-8,,,,,,,,,,
,,91330212MA2H5ETT3R,MA2H5ETT-3,,,,,,,,,,
,,91330225MA7BC5PF0K,MA7BC5PF-0,,,,,,,,,,
,,92330225MA2CJR447H,MA2CJR44-7,,,,,,,,,,
,,92330225MA2CLKLW66,MA2CLKLW-6,,,,,,,,,,
,,92330225MA2GRTWB5J,MA2GRTWB-5,,,,,,,,,,
,,92330225MA2J4G0972,MA2J4G09-7,,,,,,,,,,
,,92330225MACQ3W3K90,MACQ3W3K-9,,,,,,,,,,
,,91330225724087578Y,72408757-8,,,,,,,,,,
,,92330225MA28YJJT3B,MA28YJJT-3,,,,,,,,,,
,,92330225MA2CLQMM7U,MA2CLQMM-7,,,,,,,,,,
,,91330225732112577R,73211257-7,,,,,,,,,,
,,91330225MA292QX94K,MA292QX9-4,,,,,,,,,,
,,92330225MA7CN4QD9Q,MA7CN4QD-9,,,,,,,,,,
,,92330225MABQQ1HF6B,MABQQ1HF-6,,,,,,,,,,
,,92330225MACUDGHU4N,MACUDGHU-4,,,,,,,,,,
,,92330225MA2CK52T4T,MA2CK52T-4,,,,,,,,,,
,,92330225MA2CKQYY6D,MA2CKQYY-6,,,,,,,,,,
,,91330225MA2J5EHE61,MA2J5EHE-6,,,,,,,,,,
,,92330225MA2H7MRQ9E,MA2H7MRQ-9,,,,,,,,,,
,,92330225MA2J55LG3N,MA2J55LG-3,,,,,,,,,,
,,92330225MA2CJW90XK,MA2CJW90-X,,,,,,,,,,
,,92330225MABT5PEWX0,MABT5PEW-X,,,,,,,,,,
,,92330225MA2J7UHY4M,MA2J7UHY-4,,,,,,,,,,
,,92330225MA2CHLEP5U,MA2CHLEP-5,,,,,,,,,,
,,92330201MA2CHU8W95,MA2CHU8W-9,,,,,,,,,,
,,92330225MA2GTKC129,MA2GTKC1-2,,,,,,,,,,
,,91330201MA2CHQDN6F,MA2CHQDN-6,,,,,,,,,,
,,91330225MA2H75876J,MA2H7587-6,,,,,,,,,,
,,92330225MA2J4K338M,MA2J4K33-8,,,,,,,,,,
,,92330225MA2H6HCT92,MA2H6HCT-9,,,,,,,,,,
,,92330225MA2J4LMX7T,MA2J4LMX-7,,,,,,,,,,
,,92330225MA7MFAF39P,MA7MFAF3-9,,,,,,,,,,
,,92330225MA2AJHYC45,MA2AJHYC-4,,,,,,,,,,
,,92330225MA2J4G2Y4R,MA2J4G2Y-4,,,,,,,,,,
,,91330225MA2GT3JG3D,MA2GT3JG-3,,,,,,,,,,
,,91330225MABUF2E00L,MABUF2E0-0,,,,,,,,,,
,,92330225MA2KN1MR8E,MA2KN1MR-8,,,,,,,,,,
,,91330225MACP0DB15B,MACP0DB1-5,,,,,,,,,,
,,92330225MA7CBJD3XX,MA7CBJD3-X,,,,,,,,,,
,,92330225MA2GTKKD1A,MA2GTKKD-1,,,,,,,,,,
,,91330225MACTCM3L1K,MACTCM3L-1,,,,,,,,,,
,,91330225MA2KQDLXX7,MA2KQDLX-X,,,,,,,,,,
,,92330225MAD6PRMW89,MAD6PRMW-8,,,,,,,,,,
,,92330225MA7AT35T4D,MA7AT35T-4,,,,,,,,,,
,,92330225MA2GRQ062N,MA2GRQ06-2,,,,,,,,,,
,,91330225MA2H74363L,MA2H7436-3,,,,,,,,,,
,,91330225MA2H6HGQXP,MA2H6HGQ-X,,,,,,,,,,
,,92330225MA7CC38M55,MA7CC38M-5,,,,,,,,,,
,,92330225MA2J7C8H98,MA2J7C8H-9,,,,,,,,,,
,,92330225MACTNDCY0E,MACTNDCY-0,,,,,,,,,,
,,92330201MA2AJ70R34,MA2AJ70R-3,,,,,,,,,,
,,91330225MAD657563X,MAD65756-3,,,,,,,,,,
,,92330225MA2GUCBM1A,MA2GUCBM-1,,,,,,,,,,
,,92330225MA2GUC7G71,MA2GUC7G-7,,,,,,,,,,
,,92330225MA2GTGEG7X,MA2GTGEG-7,,,,,,,,,,
,,92330225MACYQELR44,MACYQELR-4,,,,,,,,,,
,,92330225MA2GTHQH4M,MA2GTHQH-4,,,,,,,,,,
,,92330225MA2CLA0Q6F,MA2CLA0Q-6,,,,,,,,,,
,,92330225MA2AHQWD3J,MA2AHQWD-3,,,,,,,,,,
,,91330225MABUGQF91D,MABUGQF9-1,,,,,,,,,,
,,92330225MA7C9H4T9X,MA7C9H4T-9,,,,,,,,,,
,,91330225665581612G,66558161-2,,,,,,,,,,
,,92330225MA2J4X3Y7N,MA2J4X3Y-7,,,,,,,,,,
,,91330225MAD5XYKH49,MAD5XYKH-4,,,,,,,,,,
,,92330225MA2GU2872M,MA2GU287-2,,,,,,,,,,
,,91330225MABW28AR3A,MABW28AR-3,,,,,,,,,,
,,92330225MA2ELC4X6Y,MA2ELC4X-6,,,,,,,,,,
,,92330225MA2J5N7G3P,MA2J5N7G-3,,,,,,,,,,
,,92330225MA2CL9Y585,MA2CL9Y5-8,,,,,,,,,,
,,91330225MA2H5JQL2W,MA2H5JQL-2,,,,,,,,,,
,,92330225MA7D4Y129X,MA7D4Y12-9,,,,,,,,,,
,,92330225MA2GWMBF20,MA2GWMBF-2,,,,,,,,,,
,,91330225MA7HP7JA3E,MA7HP7JA-3,,,,,,,,,,
,,92330225MA2GT7W65U,MA2GT7W6-5,,,,,,,,,,
,,92330225MABXBK6E40,MABXBK6E-4,,,,,,,,,,
,,91330225MA2GUANQ5W,MA2GUANQ-5,,,,,,,,,,
,,92330225MA2J6UDY34,MA2J6UDY-3,,,,,,,,,,
,,92330225MAD7F6AJ4F,MAD7F6AJ-4,,,,,,,,,,
,,91330225MA7B1PGQ8T,MA7B1PGQ-8,,,,,,,,,,
,,91330225MA2GQ1G79D,MA2GQ1G7-9,,,,,,,,,,
,,92330225MA284NBW4C,MA284NBW-4,,,,,,,,,,
,,92330225MA2EL68X57,MA2EL68X-5,,,,,,,,,,
,,92330225MA2H78XE01,MA2H78XE-0,,,,,,,,,,
,,92330225MA2AFGC448,MA2AFGC4-4,,,,,,,,,,
,,91330225MA2CM1E62R,MA2CM1E6-2,,,,,,,,,,
,,92330225MA2KPM9881,MA2KPM98-8,,,,,,,,,,
,,91330225MA2AE2D558,MA2AE2D5-5,,,,,,,,,,
,,92330225MA2EL8560D,MA2EL856-0,,,,,,,,,,
,,92330225MA2H5GFC0R,MA2H5GFC-0,,,,,,,,,,
,,91330225MA291XK28C,MA291XK2-8,,,,,,,,,,
,,91330201MA2KNDEC77,MA2KNDEC-7,,,,,,,,,,
,,92330225MA7H9M493K,MA7H9M49-3,,,,,,,,,,
,,92330225MACXX53W3N,MACXX53W-3,,,,,,,,,,
,,92330225MABUUD1T7L,MABUUD1T-7,,,,,,,,,,
,,91330225MA7BDPX84L,MA7BDPX8-4,,,,,,,,,,
,,91330225691399718J,69139971-8,,,,,,,,,,
,,92330225MA2J6UH86D,MA2J6UH8-6,,,,,,,,,,
,,91330225MA2H4XNC21,MA2H4XNC-2,,,,,,,,,,
,,92330281MA2EP59Y9D,MA2EP59Y-9,,,,,,,,,,
,,913302815839844262,58398442-6,,,,,,,,,,
,,91330281MA2J7U411T,MA2J7U41-1,,,,,,,,,,
,,91330281MA2H589U8C,MA2H589U-8,,,,,,,,,,
,,92330281MA2KP8AA2B,MA2KP8AA-2,,,,,,,,,,
,,92330281MA2EP8167N,MA2EP816-7,,,,,,,,,,
,,92330281MA2AE09G4B,MA2AE09G-4,,,,,,,,,,
,,92330281MA2AHRK2XY,MA2AHRK2-X,,,,,,,,,,
,,91330281071454712A,07145471-2,,,,,,,,,,
,,92330281MA2GU9AU2B,MA2GU9AU-2,,,,,,,,,,
,,91330281MA8FWQAP9N,MA8FWQAP-9,,,,,,,,,,
,,92330281MA2GQF8L0N,MA2GQF8L-0,,,,,,,,,,
,,91330281084771311N,08477131-1,,,,,,,,,,
,,913302815705403326,57054033-2,,,,,,,,,,
,,91330281MA2CHWMX1D,MA2CHWMX-1,,,,,,,,,,
,,9133028158746505X9,58746505-X,,,,,,,,,,
,,91330281MA2H7CAT8D,MA2H7CAT-8,,,,,,,,,,
,,92330281MA2GR9LC9T,MA2GR9LC-9,,,,,,,,,,
,,92330281MA2EP58Y22,MA2EP58Y-2,,,,,,,,,,
,,92330281MA2ENAF87Y,MA2ENAF8-7,,,,,,,,,,
,,92330281MAD5L7EQ0U,MAD5L7EQ-0,,,,,,,,,,
,,91330281MA8FXH5G4Q,MA8FXH5G-4,,,,,,,,,,
,,91330281MACNMC9F21,MACNMC9F-2,,,,,,,,,,
,,91330281750375215G,75037521-5,,,,,,,,,,
,,91330281MA2CH37A9E,MA2CH37A-9,,,,,,,,,,
,,91330281MA2CH9EU3G,MA2CH9EU-3,,,,,,,,,,
,,92330281MA2CMRFM06,MA2CMRFM-0,,,,,,,,,,
,,91330281MA2CKJ934Y,MA2CKJ93-4,,,,,,,,,,
,,92330281MA2H7FCW3X,MA2H7FCW-3,,,,,,,,,,
,,92330281MA7CXGA329,MA7CXGA3-2,,,,,,,,,,
,,92330281MA2GUD2R8B,MA2GUD2R-8,,,,,,,,,,
,,91330281MA281U8D2Q,MA281U8D-2,,,,,,,,,,
,,91330281MA2H43AQ2G,MA2H43AQ-2,,,,,,,,,,
,,92330281MA29086H8J,MA29086H-8,,,,,,,,,,
,,91330281MA281JN60R,MA281JN6-0,,,,,,,,,,
,,92330281MA2H542R8J,MA2H542R-8,,,,,,,,,,
,,91330281MAC4DUB56E,MAC4DUB5-6,,,,,,,,,,
,,92330281MA2CM1EK7N,MA2CM1EK-7,,,,,,,,,,
,,92330281MA2J4QPBXP,MA2J4QPB-X,,,,,,,,,,
,,92330281MA2EP48K5Q,MA2EP48K-5,,,,,,,,,,
,,91330281MA2KQ2GN6M,MA2KQ2GN-6,,,,,,,,,,
,,91330782MA28D2GA86,MA28D2GA-8,,,,,,,,,,
,,92330281MACXW7B88Q,MACXW7B8-8,,,,,,,,,,
,,9133028179602172XA,79602172-X,,,,,,,,,,
,,92330281MA2KQKAL0N,MA2KQKAL-0,,,,,,,,,,
,,91330281MA2J4M7P9Q,MA2J4M7P-9,,,,,,,,,,
,,913302810538108088,05381080-8,,,,,,,,,,
,,92330281MA2J7DBU7P,MA2J7DBU-7,,,,,,,,,,
,,91330281MA2AERCM6F,MA2AERCM-6,,,,,,,,,,
,,92330281MA2CLP8B5D,MA2CLP8B-5,,,,,,,,,,
,,91330281079227979C,07922797-9,,,,,,,,,,
,,92330281MA2CHBGC4T,MA2CHBGC-4,,,,,,,,,,
,,9133028155795694XH,55795694-X,,,,,,,,,,
,,91330281583962016C,58396201-6,,,,,,,,,,
,,92330281MA2EP4QG7N,MA2EP4QG-7,,,,,,,,,,
,,91330281MA8FXK8F34,MA8FXK8F-3,,,,,,,,,,
,,92330281MAD2JFYF6J,MAD2JFYF-6,,,,,,,,,,
,,92330281MA2J45L661,MA2J45L6-6,,,,,,,,,,
,,9133028105829278XP,05829278-X,,,,,,,,,,
,,92330281MA2EPK469D,MA2EPK46-9,,,,,,,,,,
,,92330281MA2ENL6T14,MA2ENL6T-1,,,,,,,,,,
,,91330281MABYQ54U4A,MABYQ54U-4,,,,,,,,,,
,,92330281MA2KP1MJ3J,MA2KP1MJ-3,,,,,,,,,,
,,92330281MA2GWDN52D,MA2GWDN5-2,,,,,,,,,,
,,91330281MA2H5TAY4T,MA2H5TAY-4,,,,,,,,,,
,,92330281MA2ENPBE1R,MA2ENPBE-1,,,,,,,,,,
,,92330281MA2GUU297W,MA2GUU29-7,,,,,,,,,,
,,92330281MA2AFL244F,MA2AFL24-4,,,,,,,,,,
,,92330281MA2CHC5W0P,MA2CHC5W-0,,,,,,,,,,
,,92330281MA283JM30D,MA283JM3-0,,,,,,,,,,
,,92330281MA2EPR0J9E,MA2EPR0J-9,,,,,,,,,,
,,91330281MA293A8J9T,MA293A8J-9,,,,,,,,,,
,,91330200MA2CHJ575M,MA2CHJ57-5,,,,,,,,,,
,,91330281MA282QERXW,MA282QER-X,,,,,,,,,,
,,913302817843075283,78430752-8,,,,,,,,,,
,,92330281MA2EPYJG47,MA2EPYJG-4,,,,,,,,,,
,,91330281MA2AHU8D1N,MA2AHU8D-1,,,,,,,,,,
,,91330281784301089L,78430108-9,,,,,,,,,,
,,91330281MA2925LJ2D,MA2925LJ-2,,,,,,,,,,
,,91330281MA2900JMX5,MA2900JM-X,,,,,,,,,,
,,92330281MA291UFF48,MA291UFF-4,,,,,,,,,,
,,92330281MA2H85E02Q,MA2H85E0-2,,,,,,,,,,
,,91330281MA2J3HRD90,MA2J3HRD-9,,,,,,,,,,
,,91330281MA2KN4HJ9F,MA2KN4HJ-9,,,,,,,,,,
,,92330281MA2GQ40R9T,MA2GQ40R-9,,,,,,,,,,
,,92330281MA2EPH41XP,MA2EPH41-X,,,,,,,,,,
,,91330281MA2H820U0C,MA2H820U-0,,,,,,,,,,
,,92330281MA2EP0X93J,MA2EP0X9-3,,,,,,,,,,
,,92330281MA2EPRAP1K,MA2EPRAP-1,,,,,,,,,,
,,9133028167767922XL,67767922-X,,,,,,,,,,
,,91330281MA282507XH,MA282507-X,,,,,,,,,,
,,91330281MA8G05X42R,MA8G05X4-2,,,,,,,,,,
,,92330281MA2AFJ4W0Q,MA2AFJ4W-0,,,,,,,,,,
,,91330281MA7GTKX901,MA7GTKX9-0,,,,,,,,,,
,,91330281MA281N6T1K,MA281N6T-1,,,,,,,,,,
,,92330281MA2J6BCE17,MA2J6BCE-1,,,,,,,,,,
,,92330281MA2843D008,MA2843D0-0,,,,,,,,,,
,,92330226MA2KQJDB52,MA2KQJDB-5,,,,,,,,,,
,,92330226MA2EMEF31P,MA2EMEF3-1,,,,,,,,,,
,,92330226MA2J49X71X,MA2J49X7-1,,,,,,,,,,
,,92330226MA2CM1YJ6Q,MA2CM1YJ-6,,,,,,,,,,
,,91330226MA7DQG576P,MA7DQG57-6,,,,,,,,,,
,,92330226MACE2BD80K,MACE2BD8-0,,,,,,,,,,
,,92330226MA2CLJHN40,MA2CLJHN-4,,,,,,,,,,
,,92330226MA2AHJKL3R,MA2AHJKL-3,,,,,,,,,,
,,91330226MA2GT76E5Q,MA2GT76E-5,,,,,,,,,,
,,91330226796045668F,79604566-8,,,,,,,,,,
,,92330226MA2J5L7U20,MA2J5L7U-2,,,,,,,,,,
,,92330226MA2CLG43XH,MA2CLG43-X,,,,,,,,,,
,,92330226MACMYF4J65,MACMYF4J-6,,,,,,,,,,
,,92330226MA2J7E1Q32,MA2J7E1Q-3,,,,,,,,,,
,,91330226MA7NGG4H6M,MA7NGG4H-6,,,,,,,,,,
,,913302267723220696,77232206-9,,,,,,,,,,
,,91330226MA2H75JC72,MA2H75JC-7,,,,,,,,,,
,,92330226MAD6GB1R0Y,MAD6GB1R-0,,,,,,,,,,
,,92330226MA291GQ462,MA291GQ4-6,,,,,,,,,,
,,92330226MA2EMPGU90,MA2EMPGU-9,,,,,,,,,,
,,91330226MA2GWE3G85,MA2GWE3G-8,,,,,,,,,,
,,91330226144965792H,14496579-2,,,,,,,,,,
,,92330226MA28YB564U,MA28YB56-4,,,,,,,,,,
,,91330226MA2GWRTAX2,MA2GWRTA-X,,,,,,,,,,
,,92330226MACXUDA607,MACXUDA6-0,,,,,,,,,,
,,913302266655519077,66555190-7,,,,,,,,,,
,,92330226MA2CKWM16P,MA2CKWM1-6,,,,,,,,,,
,,92330226MABP221B2Q,MABP221B-2,,,,,,,,,,
,,92330226MA290AXL82,MA290AXL-8,,,,,,,,,,
,,92330226MA2GU8HP36,MA2GU8HP-3,,,,,,,,,,
,,92330226MA2H7A2L6D,MA2H7A2L-6,,,,,,,,,,
,,92330226MA2EMMFH8E,MA2EMMFH-8,,,,,,,,,,
,,91330226MA293ER72J,MA293ER7-2,,,,,,,,,,
,,91330226698243011A,69824301-1,,,,,,,,,,
,,91330226MA2J3BH372,MA2J3BH3-7,,,,,,,,,,
,,91330226MA2GTRM318,MA2GTRM3-1,,,,,,,,,,
,,92330226MA28Y32UX4,MA28Y32U-X,,,,,,,,,,
,,92330226MACMHYGF97,MACMHYGF-9,,,,,,,,,,
,,92330226MA2EMFW166,MA2EMFW1-6,,,,,,,,,,
,,92330226MA291A386K,MA291A38-6,,,,,,,,,,
,,92330226MA2GU2Y78K,MA2GU2Y7-8,,,,,,,,,,
,,91330226MA2CH2LQ6H,MA2CH2LQ-6,,,,,,,,,,
,,92330226MA2H5R8N6E,MA2H5R8N-6,,,,,,,,,,
,,91330226677668694H,67766869-4,,,,,,,,,,
,,92330226MA2EMCP643,MA2EMCP6-4,,,,,,,,,,
,,91330226MAC4TF4A9E,MAC4TF4A-9,,,,,,,,,,
,,92330226MA2EMUD75T,MA2EMUD7-5,,,,,,,,,,
,,91330226MACB5QKH3Q,MACB5QKH-3,,,,,,,,,,
,,91330226MA2GRPW558,MA2GRPW5-5,,,,,,,,,,
,,91330226316991277R,31699127-7,,,,,,,,,,
,,92330226MA2H5Q32XD,MA2H5Q32-X,,,,,,,,,,
,,91330226MA2CK2E99Q,MA2CK2E9-9,,,,,,,,,,
,,92330226MA2GUJ1M7X,MA2GUJ1M-7,,,,,,,,,,
,,92330226MA2KPRU42U,MA2KPRU4-2,,,,,,,,,,
,,91330226768542771X,76854277-1,,,,,,,,,,
,,91330226MA2CHTX2XJ,MA2CHTX2-X,,,,,,,,,,
,,92330226MA2CMPJQ3G,MA2CMPJQ-3,,,,,,,,,,
,,92330226MACU2YXH9E,MACU2YXH-9,,,,,,,,,,
,,92330226MAD2YW1L30,MAD2YW1L-3,,,,,,,,,,
,,91330226MA2CMTP18D,MA2CMTP1-8,,,,,,,,,,
,,92330226MA2J7NJ69C,MA2J7NJ6-9,,,,,,,,,,
,,91330226MABTRLH81C,MABTRLH8-1,,,,,,,,,,
,,92330226MA2J3RTJ8R,MA2J3RTJ-8,,,,,,,,,,
,,91330226MA2CKTC068,MA2CKTC0-6,,,,,,,,,,
,,92330226MAC5R5DT42,MAC5R5DT-4,,,,,,,,,,
,,91330226MA2GUH3A6N,MA2GUH3A-6,,,,,,,,,,
,,91330226MA2J3DB50T,MA2J3DB5-0,,,,,,,,,,
,,92330226MA2GWY1H8B,MA2GWY1H-8,,,,,,,,,,
,,91330226563893172Y,56389317-2,,,,,,,,,,
,,92330226MA2GTHX18C,MA2GTHX1-8,,,,,,,,,,
,,92330226MA2CJ1TG3F,MA2CJ1TG-3,,,,,,,,,,
,,91330226MA7HUK9514,MA7HUK95-1,,,,,,,,,,
,,92330226MA2AF3NP0Q,MA2AF3NP-0,,,,,,,,,,
,,92330226MACNND9U3P,MACNND9U-3,,,,,,,,,,
,,91330226MACTEMHJ5B,MACTEMHJ-5,,,,,,,,,,
,,92330226MA2GQ1KC5J,MA2GQ1KC-5,,,,,,,,,,
,,92330226MA293KJ351,MA293KJ3-5,,,,,,,,,,
,,91330226761486885Y,76148688-5,,,,,,,,,,
,,92330226MA2H5EDY27,MA2H5EDY-2,,,,,,,,,,
,,91330226MA2H5KNP90,MA2H5KNP-9,,,,,,,,,,
,,91330205MA28YDE164,MA28YDE1-6,,,,,,,,,,
,,913302053404729796,34047297-9,,,,,,,,,,
,,91330205570526987N,57052698-7,,,,,,,,,,
,,92330225MACL3PXP73,MACL3PXP-7,,,,,,,,,,
,,92330205MA2AEDDF76,MA2AEDDF-7,,,,,,,,,,
,,91330205MA281X7J3P,MA281X7J-3,,,,,,,,,,
,,91330205MA2J5KDH13,MA2J5KDH-1,,,,,,,,,,
,,91330212MA284TPN6M,MA284TPN-6,,,,,,,,,,
,,92330205MA29075XX1,MA29075X-X,,,,,,,,,,
,,9133020558745553XR,58745553-X,,,,,,,,,,
,,9133020578675468XM,78675468-X,,,,,,,,,,
,,91330212799548949D,79954894-9,,,,,,,,,,
,,91330205MA2H5MF5XL,MA2H5MF5-X,,,,,,,,,,
,,91330205MA282H435E,MA282H43-5,,,,,,,,,,
,,92330205MA2H7KY99X,MA2H7KY9-9,,,,,,,,,,
,,92330205MABWX7Q00E,MABWX7Q0-0,,,,,,,,,,
,,913302057930194135,79301941-3,,,,,,,,,,
,,91330205MA7L13U70N,MA7L13U7-0,,,,,,,,,,
,,92330205MA2AH1JD2H,MA2AH1JD-2,,,,,,,,,,
,,91330205MA2831BX7B,MA2831BX-7,,,,,,,,,,
,,91330205MA2CHN9K87,MA2CHN9K-8,,,,,,,,,,
,,92330205MA2J44D89B,MA2J44D8-9,,,,,,,,,,
,,913302055874714411,58747144-1,,,,,,,,,,
,,91330205MACEGH8T3G,MACEGH8T-3,,,,,,,,,,
,,91330205MA2AH5D846,MA2AH5D8-4,,,,,,,,,,
,,91330205MA7M866E2B,MA7M866E-2,,,,,,,,,,
,,91330205MA2938UJ3K,MA2938UJ-3,,,,,,,,,,
,,91330205MA8FW60B64,MA8FW60B-6,,,,,,,,,,
,,91330205MA290D063T,MA290D06-3,,,,,,,,,,
,,913302016950748306,69507483-0,,,,,,,,,,
,,91330205MA2J4U247U,MA2J4U24-7,,,,,,,,,,
,,92330205MA2H5CWP4F,MA2H5CWP-4,,,,,,,,,,
,,91330205MAD7F76J1T,MAD7F76J-1,,,,,,,,,,
,,91330212MAC776D459,MAC776D4-5,,,,,,,,,,
,,91330205MA2CKHKA6U,MA2CKHKA-6,,,,,,,,,,
,,91330205MA2H4WGL9N,MA2H4WGL-9,,,,,,,,,,
,,9133020578432300X6,78432300-X,,,,,,,,,,
,,92330205MA2J764AXX,MA2J764A-X,,,,,,,,,,
,,91330205MACNNDW12B,MACNNDW1-2,,,,,,,,,,
,,91330205671243732A,67124373-2,,,,,,,,,,
,,91330205MA28YDEN6R,MA28YDEN-6,,,,,,,,,,
,,92330205MA2GUJLX4B,MA2GUJLX-4,,,,,,,,,,
,,92330205MA2AJC7P5X,MA2AJC7P-5,,,,,,,,,,
,,92330205MABMJQUK69,MABMJQUK-6,,,,,,,,,,
,,92330205MA2GQ3YB1L,MA2GQ3YB-1,,,,,,,,,,
,,91330205MAC43PYDXD,MAC43PYD-X,,,,,,,,,,
,,91330205MA2H5AYA9H,MA2H5AYA-9,,,,,,,,,,
,,91330205MA284HPF8F,MA284HPF-8,,,,,,,,,,
,,92330205MA2EM82M8D,MA2EM82M-8,,,,,,,,,,
,,91330212MA2AFL8F2U,MA2AFL8F-2,,,,,,,,,,
,,91330205MA2CHUGU3U,MA2CHUGU-3,,,,,,,,,,
,,91330205761495394K,76149539-4,,,,,,,,,,
,,91330205665586990Q,66558699-0,,,,,,,,,,
,,91330205MAC6EXBL2T,MAC6EXBL-2,,,,,,,,,,
,,91330205316929705Y,31692970-5,,,,,,,,,,
,,92330205MABWF0T614,MABWF0T6-1,,,,,,,,,,
,,92330205MA2832N650,MA2832N6-5,,,,,,,,,,
,,92330205MA2901EF3R,MA2901EF-3,,,,,,,,,,
,,92330205MA2KPHFB77,MA2KPHFB-7,,,,,,,,,,
,,91330205671243732A,67124373-2,,,,,,,,,,
,,92330205MA2ELW5B7R,MA2ELW5B-7,,,,,,,,,,
,,92330205MABMBEG90F,MABMBEG9-0,,,,,,,,,,
,,91330205MA7JYBJ03T,MA7JYBJ0-3,,,,,,,,,,
,,91330205MA8FW6E48J,MA8FW6E4-8,,,,,,,,,,
,,92330205MA291QBC3K,MA291QBC-3,,,,,,,,,,
,,91330205MA2J3K8E4D,MA2J3K8E-4,,,,,,,,,,
,,91330205MA2CL3A32P,MA2CL3A3-2,,,,,,,,,,
,,91330205MACNUTET90,MACNUTET-9,,,,,,,,,,
,,92330205MAC0W0AM7X,MAC0W0AM-7,,,,,,,,,,
,,91330205MA293HUF5P,MA293HUF-5,,,,,,,,,,
,,91330205MA2CKRM63K,MA2CKRM6-3,,,,,,,,,,
,,92330205MACY21LJ2F,MACY21LJ-2,,,,,,,,,,
,,91330211MA2AJWEP4Y,MA2AJWEP-4,,,,,,,,,,
,,92330283MA2KN2CA83,MA2KN2CA-8,,,,,,,,,,
,,91330283MA281CBF92,MA281CBF-9,,,,,,,,,,
,,92330283MA2H5W1230,MA2H5W12-3,,,,,,,,,,
,,91330283695066953N,69506695-3,,,,,,,,,,
,,92330283MA2CJUK475,MA2CJUK4-7,,,,,,,,,,
,,92330283MA2CM2DMXB,MA2CM2DM-X,,,,,,,,,,
,,92330283MA2CHQ3F78,MA2CHQ3F-7,,,,,,,,,,
,,91330283MA2H6L0D2K,MA2H6L0D-2,,,,,,,,,,
,,91330283MA2818ET1Q,MA2818ET-1,,,,,,,,,,
,,91330283MA2AEFLM0Y,MA2AEFLM-0,,,,,,,,,,
,,91330283MABNBULR4M,MABNBULR-4,,,,,,,,,,
,,91330283MA7C87XJ9N,MA7C87XJ-9,,,,,,,,,,
,,913302833089209972,30892099-7,,,,,,,,,,
,,91330283MA2GG2UC74,MA2GG2UC-7,,,,,,,,,,
,,91330283MA2AGF6D2W,MA2AGF6D-2,,,,,,,,,,
,,91330283MA2812U93U,MA2812U9-3,,,,,,,,,,
,,91330283MACTDBXR7E,MACTDBXR-7,,,,,,,,,,
,,92330283MA2ERU9MXD,MA2ERU9M-X,,,,,,,,,,
,,91330283MACDY5A626,MACDY5A6-2,,,,,,,,,,
,,91330283MA2J76395Y,MA2J7639-5,,,,,,,,,,
,,91330283MA7FFP7R9J,MA7FFP7R-9,,,,,,,,,,
,,91330283MA2J6DWU5A,MA2J6DWU-5,,,,,,,,,,
,,92330283MABXQD928A,MABXQD92-8,,,,,,,,,,
,,92330283MA29236X61,MA29236X-6,,,,,,,,,,
,,92330283MAD4CA8P21,MAD4CA8P-2,,,,,,,,,,
,,92330283MA2ER68WX7,MA2ER68W-X,,,,,,,,,,
,,913302837562693689,75626936-8,,,,,,,,,,
,,91330283MA281QLLXY,MA281QLL-X,,,,,,,,,,
,,91330283MA2CHE9MXF,MA2CHE9M-X,,,,,,,,,,
,,92330283MA291B1A2N,MA291B1A-2,,,,,,,,,,
,,92330283MA2ERPJA1H,MA2ERPJA-1,,,,,,,,,,
,,92330283MA2AHNPL68,MA2AHNPL-6,,,,,,,,,,
,,92330283MA2J3QGP1T,MA2J3QGP-1,,,,,,,,,,
,,92330283MA2KP2Y82C,MA2KP2Y8-2,,,,,,,,,,
,,91330283MA281TCC7K,MA281TCC-7,,,,,,,,,,
,,92330283MA2GRUAG95,MA2GRUAG-9,,,,,,,,,,
,,91310113MABMNEF14B,MABMNEF1-4,,,,,,,,,,
,,91330283MA2KNX5Y4R,MA2KNX5Y-4,,,,,,,,,,
,,92330283MA293TDN5C,MA293TDN-5,,,,,,,,,,
,,91330283MA7N6JDT5H,MA7N6JDT-5,,,,,,,,,,
,,92330283MA2AFMMK52,MA2AFMMK-5,,,,,,,,,,
,,91330283MA2H6F9P1R,MA2H6F9P-1,,,,,,,,,,
,,92330283MA2GQXJ919,MA2GQXJ9-1,,,,,,,,,,
,,92330283MA2AJEHD6W,MA2AJEHD-6,,,,,,,,,,
,,91330283MA2KPJRH8J,MA2KPJRH-8,,,,,,,,,,
,,913302835839511652,58395116-5,,,,,,,,,,
,,91330283MA2GQD8A5D,MA2GQD8A-5,,,,,,,,,,
,,92330283MA290HXEX1,MA290HXE-X,,,,,,,,,,
,,92330283MA2AF3GM19,MA2AF3GM-1,,,,,,,,,,
,,92330283MA2J3RA873,MA2J3RA8-7,,,,,,,,,,
,,91330211MAC4J5M18L,MAC4J5M1-8,,,,,,,,,,
,,91330211MACUABDG43,MACUABDG-4,,,,,,,,,,
,,92330211MA2EQE1D6H,MA2EQE1D-6,,,,,,,,,,
,,91330211MA2KNU68XE,MA2KNU68-X,,,,,,,,,,
,,91330211MA2J6NHQ4D,MA2J6NHQ-4,,,,,,,,,,
,,92330211MACT73ER12,MACT73ER-1,,,,,,,,,,
,,91330211MAD2Q0Q34N,MAD2Q0Q3-4,,,,,,,,,,
,,92330211MA2835XE22,MA2835XE-2,,,,,,,,,,
,,91330201MA2CMD7B12,MA2CMD7B-1,,,,,,,,,,
,,92330211MA2EQHPE52,MA2EQHPE-5,,,,,,,,,,
,,92330211MA2AEFHW7E,MA2AEFHW-7,,,,,,,,,,
,,92330211MA2CH6BP5C,MA2CH6BP-5,,,,,,,,,,
,,913302113089026259,30890262-5,,,,,,,,,,
,,92330211MA2J7J7Q5F,MA2J7J7Q-5,,,,,,,,,,
,,91330211MA2AHMC92L,MA2AHMC9-2,,,,,,,,,,
,,91330211316801525F,31680152-5,,,,,,,,,,
,,92330211MACWQ4385E,MACWQ438-5,,,,,,,,,,
,,91330211MACPDK3F9F,MACPDK3F-9,,,,,,,,,,
,,92330211MA2AFUUF78,MA2AFUUF-7,,,,,,,,,,
,,91330211MA2J6K3H3X,MA2J6K3H-3,,,,,,,,,,
,,92330211MA2EQLA57T,MA2EQLA5-7,,,,,,,,,,
,,91330211MA2827GD6D,MA2827GD-6,,,,,,,,,,
,,91330211MA2AHRLP4K,MA2AHRLP-4,,,,,,,,,,
,,92330211MA2AJ0RX59,MA2AJ0RX-5,,,,,,,,,,
,,91330211L36496426H,L3649642-6,,,,,,,,,,
,,91330211MA2J6L630E,MA2J6L63-0,,,,,,,,,,
,,92330211MA2GQ9EJ6H,MA2GQ9EJ-6,,,,,,,,,,
,,91330211099832623E,09983262-3,,,,,,,,,,
,,91330211MA2J5C7K6M,MA2J5C7K-6,,,,,,,,,,
,,92330211MA2KP0H388,MA2KP0H3-8,,,,,,,,,,
,,92330211MA2J4P6L8U,MA2J4P6L-8,,,,,,,,,,
,,91330211MA2H6Y853T,MA2H6Y85-3,,,,,,,,,,
,,913302113169140442,31691404-4,,,,,,,,,,
,,92330211MA2EQKEY74,MA2EQKEY-7,,,,,,,,,,
,,91330211MA7CD7E340,MA7CD7E3-4,,,,,,,,,,
,,91330211MA2GFXJ75P,MA2GFXJ7-5,,,,,,,,,,
,,92330211MACLP0TGXA,MACLP0TG-X,,,,,,,,,,
,,92330211MA2KP15A1W,MA2KP15A-1,,,,,,,,,,
,,91330211MA2813RX33,MA2813RX-3,,,,,,,,,,
,,91330211MA2GWKTB92,MA2GWKTB-9,,,,,,,,,,
,,91330211MA2GWFCY5W,MA2GWFCY-5,,,,,,,,,,
,,91330211MA2CJMHR4L,MA2CJMHR-4,,,,,,,,,,
,,92330211MA2EQKQB53,MA2EQKQB-5,,,,,,,,,,
,,91330211MACLX8AX3P,MACLX8AX-3,,,,,,,,,,
,,91330211MA2CJHTM6W,MA2CJHTM-6,,,,,,,,,,
,,91330211MACH9YL77J,MACH9YL7-7,,,,,,,,,,
,,92330211MA7FPMLK73,MA7FPMLK-7,,,,,,,,,,
,,91330211MA282T8E31,MA282T8E-3,,,,,,,,,,
,,92330211MA2EQET91U,MA2EQET9-1,,,,,,,,,,
,,92330212MA2CHYDMXU,MA2CHYDM-X,,,,,,,,,,
,,91330205MA7MFXBU71,MA7MFXBU-7,,,,,,,,,,
,,92330206MA2KNP1L0D,MA2KNP1L-0,,,,,,,,,,
,,92330203MA2H5Y4A3U,MA2H5Y4A-3,,,,,,,,,,
,,91330205MA2H6HUL82,MA2H6HUL-8,,,,,,,,,,
