msxssr,unit_opt_loc,whsyjsf,tax_amt,sale_inco,comp_nm,tax_reg_no,org_no,uni_social_crd_cd,count_dt
,,,,,宁波市北仑区新碶万祥珠宝行,,MA2EL626-6,92330206MA2EL62660,
,,,,,宁波梅山保税港区金湛张景茹商务服务部,,MA7FX69W-9,92330206MA7FX69W9Y,
,,,,,宁波市北仑区阿彪烧烤店,,MACTXDYM-7,92330206MACTXDYM7N,
,,,,,宁波梅山保税港区海根崔浩杰商务服务部,,MA2KNWW6-4,92330206MA2KNWW64Q,
,,,,,宁波梅山保税港区海根周阳晨商务服务部,,MA7C1XY7-X,92330206MA7C1XY7X4,
,,,,,宁波梅山保税港区尽良筹王杠商务服务部,,MA7C3HQP-3,92330206MA7C3HQP3T,
,,,,,宁波梅山保税港区金湛史庆逸商务服务部,,MA7F9LEA-0,92330206MA7F9LEA07,
,,,,,宁波花港高速客轮有限公司,,61026074-X,9133020661026074XL,
,,,,,宁波梅山保税港区金湛佳伟商务服务部,,MA7FA166-8,92330206MA7FA1668W,
,,,,,宁波亚居拉贸易有限公司,,07921748-X,9133020607921748XK,
,,,,,宁波市北仑区新矸金帆文百商店,,MA2EKW82-7,92330206MA2EKW8278,
,,,,,妙乐（宁波）文化创意有限公司,,MA2GT3XN-X,91330206MA2GT3XNX2,
,,,,,宁波北仑小零广告策划部,,MA7JRX6D-9,92330206MA7JRX6D9D,
,,,,,宁波市北仑区灵灵舞蹈工作室,,MA2AHNYG-2,92330206MA2AHNYG2Y,
,,,,,宁波梅山保税港区金湛刘斐菲商务服务部,,MA2J65K6-0,92330206MA2J65K60L,
,,,,,宁波北仑宏祺设计工作室,,MACU3HY5-6,92330206MACU3HY569,
,,,,,宁波市北仑区方祝足浴店,,MA2KQHEG-7,92330206MA2KQHEG7W,
,,,,,宁波梅山保税港区尽良筹郭从力商务服务部,,MA7DYXCH-2,92330206MA7DYXCH2P,
,,,,,宁波梅山保税港区海根张涛多商务服务部,,MA7C3HP9-6,92330206MA7C3HP960,
,,,,,宁波梅山保税港区海根朱亚洲高商务服务部,,MA7BJN2G-X,92330206MA7BJN2GXW,
,,,,,宁波市北仑区众甫文化创意工作室,,MA2H6DEL-5,92330206MA2H6DEL5D,
,,,,,宁波市北仑区小港康春餐馆,,MA2AFJR6-4,92330206MA2AFJR642,
,,,,,宁波梅山保税港区海根王某萍海商务服务部,,MACRTUTH-7,92330206MACRTUTH77,
,,,,,宁波市北仑区奇奕棋类培训有限公司,,MA2CMHXQ-0,91330206MA2CMHXQ0E,
,,,,,宁波梅山保税港区海根孙正权商务服务部,,MA7CJ3XN-0,92330206MA7CJ3XN0U,
,,,,,宁波市北仑区大碶旭升字牌厂,,MA2903XX-7,92330206MA2903XX7N,
,,,,,宁波市北仑区新碶威舜图文设计服务部,,MA2EL401-7,92330206MA2EL40174,
,,,,,宁波北仑锦秀恒源文化传播有限公司,,56700770-5,91330206567007705F,
,,,,,宁波市北仑区柴桥茂定足浴店,,MA2GRR49-5,92330206MA2GRR495G,
,,,,,宁波梅山保税港区金湛朱长云商务服务部,,MA2J6JJC-1,92330206MA2J6JJC16,
,,,,,宁波梅山保税港区海根孔某坡商务服务部,,MA7BBXL1-1,92330206MA7BBXL119,
,,,,,宁波意冠餐饮管理有限公司,,MA2J48WJ-0,91330206MA2J48WJ0D,
,,,,,宁波市北仑区龙君产品设计工作室,,MA2AHWN5-7,92330206MA2AHWN571,
,,,,,宁波梅山保税港区海根谭伟法商务服务部,,MA2KP105-9,92330206MA2KP1059W,
,,,,,宁波不凡创意设计有限公司,,MACYH279-6,91330206MACYH2796M,
,,,,,宁波梅山保税港区金湛张哲商务服务部,,MA7DKA5T-7,92330206MA7DKA5T7A,
,,,,,宁波经济技术开发区吴佩琴毛线店,,MA2EKKKK-8,92330206MA2EKKKK8A,
,,,,,宁波梅山保税港区海根时小珍商务服务部,,MA2J62J9-0,92330206MA2J62J90C,
,,,,,宁波梅山保税港区金湛章飞翠商务服务部,,MA2J7580-0,92330206MA2J75800P,
,,,,,宁波梅山保税港区海根汪斌商务服务部,,MA2KNLD9-8,92330206MA2KNLD989,
,,,,,宁波梅山保税港区金湛陈珊一商务服务部,,MA7EFP8L-5,92330206MA7EFP8L5G,
,,,,,宁波梅山保税港区海根赵闪闪商务服务部,,MA7E0E0A-2,92330206MA7E0E0A2A,
,,,,,宁波大榭开发区益科餐饮管理有限公司,,MA2J70W5-0,91330201MA2J70W505,
,,,,,宁波梅山保税港区金湛叶芳芳二商务服务部,,MA7FN87G-6,92330206MA7FN87G66,
,,,,,宁波梅山保税港区金湛申一佳商务服务部,,MA7EWWUP-X,92330206MA7EWWUPXJ,
,,,,,宁波梅山保税港区金湛丁行飞商务服务部,,MA2J6WE3-1,92330206MA2J6WE31E,
,,,,,宁波梅山保税港区金湛王欣一商务服务部,,MA7FPYND-5,92330206MA7FPYND5U,
,,,,,宁波梅山保税港区金湛施玮弟商务服务部,,MA2J6QAF-8,92330206MA2J6QAF8W,
,,,,,宁波梅山保税港区金湛王孝强商务服务部,,MA2J7T9H-1,92330206MA2J7T9H1R,
,,,,,宁波慧灵文化传播有限公司,,MA2AG44L-5,91330206MA2AG44L52,
,,,,,宁波梅山保税港区海根牛东驰通商务服务部,,MA2KNUED-1,92330206MA2KNUED10,
,,,,,宁波梅山保税港区海根赵兵商务服务部,,MACP6DCM-6,92330206MACP6DCM6K,
,,,,,宁波市北仑区柴桥好日子家纺店,,MA2EKNN9-5,92330206MA2EKNN95D,
,,,,,宁波梅山保税港区尽良筹李华商务服务部,,MA2J418G-4,92330206MA2J418G4G,
,,,,,宁波市北仑区抬头文化创意工作室,,MA2GUJXR-1,92330206MA2GUJXR1F,
,,,,,宁波北仑韦程文化创意工作室,,MA7EXL7D-0,92330206MA7EXL7D0T,
,,,,,宁波北仑逆形健身俱乐部,,MA2KN0EH-2,92330206MA2KN0EH24,
,,,,,宁波娱吖传媒有限公司,,MABRW6YN-7,91330201MABRW6YN7F,
,,,,,上海星巴克咖啡经营有限公司宁波北仑中河南路店,,MA2GRBQA-X,91330206MA2GRBQAXB,
,,,,,宁波梅山保税港区海根林城杰商务服务部,,MA2KNQ96-1,92330206MA2KNQ961N,
,,,,,宁波瑞哲餐饮管理服务有限公司,,MA282UG8-8,91330206MA282UG88P,
,,,,,宁波市北仑区小港王艺广告设计服务部,,MA284DF9-4,92330206MA284DF94X,
,,,,,宁波市北仑区张艳足浴店,,MA2J72J7-X,92330206MA2J72J7XU,
,,,,,宁波市北仑区新碶天来机电设备安装服务部,,MA2CL09J-9,92330206MA2CL09J9W,
,,,,,宁波梅山保税港区尽良筹陈洁商务服务部,,MA7CB98W-8,92330206MA7CB98W8Q,
,,,,,宁波保税区维安卫生服务有限公司,,MA8FRUN4-3,91330201MA8FRUN437,
,,,,,宁波王氏迦南眼镜有限公司北仑分公司,,MA7LDB04-2,91330206MA7LDB042M,
,,,,,宁波梅山保税港区金湛黄可叶商务服务部,,MACLB29E-5,92330206MACLB29E5P,
,,,,,宁波守诺文化传媒有限公司,,30890342-5,91330206308903425X,
,,,,,宁波梅山保税港区海根江浩多商务服务部,,MA7BMXAK-7,92330206MA7BMXAK73,
,,,,,宁波梅山保税港区海根马金才高商务服务部,,MA2KNQU1-4,92330206MA2KNQU141,
,,,,,宁波市北仑昌旺机械设备租赁服务部,,MA7LDJYB-8,92330206MA7LDJYB89,
,,,,,宁波梅山保税港区海根王秀霞商务服务部,,MA7CTDK8-7,92330206MA7CTDK87G,
,,,,,宁波梅山保税港区金湛龚娜商务服务部,,MA7FM75H-3,92330206MA7FM75H3K,
,,,,,宁波梅山保税港区金湛常福娟商务服务部,,MA2J7WPR-3,92330206MA2J7WPR36,
,,,,,宁波梅山保税港区金湛黄承忠商务服务部,,MA2KP7YW-2,92330206MA2KP7YW2L,
,,,,,宁波梅山保税港区尽良筹章琳萍商务服务部,,MA2J402X-2,92330206MA2J402X2E,
,,,,,宁波市北仑区新碶蒲舍香水店,,MA292UM3-6,92330206MA292UM368,
,,,,,宁波梅山保税港区尽良筹曾晓玲商务服务部,,MA2J7JX0-8,92330206MA2J7JX08M,
,,,,,宁波梅山保税港区金湛黄湘湘商务服务部,,MA7EWMNY-1,92330206MA7EWMNY14,
,,,,,宁波梅山保税港区海根秦进德商务服务部,,MA2KNDUE-5,92330206MA2KNDUE52,
,,,,,宁波梅山保税港区金湛张名涛商务服务部,,MA2J6W02-4,92330206MA2J6W0247,
,,,,,宁波梅山保税港区海根李明亮高商务服务部,,MA7BQN1E-5,92330206MA7BQN1E59,
,,,,,宁波市北仑区小港松胜餐馆,,MA2EKTG3-8,92330206MA2EKTG38B,
,,,,,宁波梅山保税港区尽良筹国张商务服务部,,MA2KP31U-5,92330206MA2KP31U5B,
,,,,,宁波市北仑区芦江家电商店霞浦店,,MA8FUD7Q-1,91330206MA8FUD7Q13,
,,,,,宁波市北仑区大碶查尔斯顿眼镜店,,MA2EKRBJ-1,92330206MA2EKRBJ1H,
,,,,,宁波爱鸣电子商务有限公司,,34056520-0,91330206340565200A,
,,,,,宁波北仑竞誉桌球馆,,MABM4FLW-5,92330206MABM4FLW5Q,
,,,,,宁波市北仑区梅山惠鑫汽车租赁服务部,,MA293YDH-X,92330206MA293YDHXX,
,,,,,宁波启童文化传播有限公司,,MA2825TJ-2,91330201MA2825TJ21,
,,,,,宁波梅山保税港区金湛王雅众商务服务部,,MA7HCY5Q-8,92330206MA7HCY5Q80,
,,,,,宁波市北仑区启思艺术特长培训有限公司,,MA2GWACN-1,91330206MA2GWACN1W,
,,,,,宁波市北仑区金利电脑制印社,,MA2920Q0-5,92330206MA2920Q050,
,,,,,宁波梅山保税港区海根刘军明商务服务部,,MA2KPX57-4,92330206MA2KPX5746,
,,,,,宁波梅山保税港区金湛王一朗商务服务部,,MA7F9UNR-1,92330206MA7F9UNR1R,
,,,,,宁波梅山保税港区金湛张沈锋商务服务部,,MA2J48UL-4,92330206MA2J48UL43,
,,,,,宁波梅山保税港区金湛张飞商务服务部,,MA2J79KT-5,92330206MA2J79KT5D,
,,,,,宁波梅山保税港区金湛吕雪英商务服务部,,MA2KNMC9-4,92330206MA2KNMC94E,
,,,,,宁波浩翔物业管理有限公司,,MA2816FN-3,91330206MA2816FN3H,
,,,,,宁波经济技术开发区雷斌文化传媒有限公司,,59945814-8,91330206599458148M,
,,,,,宁波茂业旅游发展有限公司,,MA2GQAFX-X,91330201MA2GQAFXXL,
,,,,,宁波梅山保税港区金湛郑春原商务服务部,,MA7C76U5-7,92330206MA7C76U575,
,,,,,宁波经济技术开发区金座文化传媒有限公司,,59539261-2,91330206595392612L,
,,,,,宁波梅山保税港区海根邓兴顺商务服务部,,MA2KPEBT-0,92330206MA2KPEBT03,
,,,,,宁波梅山保税港区金湛王旭强商务服务部,,MABUNPGG-0,92330206MABUNPGG0T,
,,,,,宁波梅山保税港区金湛一吴丽萍商务服务部,,MA7EK9YK-6,92330206MA7EK9YK69,
,,,,,宁波北仑铁鼠企业管理服务部,,MACPBFHG-1,92330206MACPBFHG1G,
,,,,,宁波梅山保税港区海根黄治岭商务服务部,,MA2KNLQY-5,92330206MA2KNLQY54,
,,,,,宁波甬运文化旅游发展有限公司,,MA2J5RED-4,91330206MA2J5RED4P,
,,,,,宁波梅山保税港区金湛钱忠商务服务部,,MA2KNPW1-4,92330206MA2KNPW14F,
,,,,,宁波辰润广告传媒有限公司,,MA7LDBL2-X,91330206MA7LDBL2XQ,
,,,,,宁波梅山保税港区海根巫耀宁商务服务部,,MA7C0GQW-1,92330206MA7C0GQW1B,
,,,,,宁波海弦文旅文化发展有限公司,,MA2CKCC9-3,91330206MA2CKCC934,
,,,,,宁波市北仑西捷图文制作中心,,MA2EKGYR-3,92330206MA2EKGYR3R,
,,,,,宁波梅山保税港区海根侯艳军商务服务部,,MA2KNQD0-8,92330206MA2KNQD08W,
,,,,,宁波北仑王哥棋牌室,,MA7CCF71-X,92330206MA7CCF71XB,
,,,,,宁波北仑爱冉宝文化发展有限公司,,31697620-2,91330206316976202Q,
,,,,,宁波霍纳文化传播有限公司,,MA2H7YBD-3,91330206MA2H7YBD3L,
,,,,,宁波梅山保税港区金湛施艳商务服务部,,MA2KN4WX-9,92330206MA2KN4WX9J,
,,,,,宁波大榭开发区凯颖饮品店,,MA2EQ3AP-1,92330201MA2EQ3AP1G,
,,,,,宁波梅山保税港区金湛王晓波商务服务部,,MA2J46GY-6,92330206MA2J46GY6N,
,,,,,宁波梅山保税港区金湛朱建康商务服务部,,MA7EWMCE-8,92330206MA7EWMCE8G,
,,,,,宁波梅山保税港区金湛董瑗商务服务部,,MA2KPHUG-3,92330206MA2KPHUG3J,
,,,,,宁波梅山保税港区金湛王凡凡商务服务部,,MA7F9Q16-9,92330206MA7F9Q1692,
,,,,,宁波夏绿蒂托管服务有限公司,,MA2KPNEA-9,91330206MA2KPNEA9C,
,,,,,宁波鸣瑄艺术特长培训有限公司,,MA2CL4KY-2,91330206MA2CL4KY2C,
,,,,,宁波中影文化传媒有限公司,,MA2GT6LY-1,91330201MA2GT6LY1X,
,,,,,宁波梅山保税港区海根陶庭柱商务服务部,,MA2KNMBA-6,92330206MA2KNMBA60,
,,,,,宁波祥鹏文化发展有限公司,,MA2CHWHN-8,91330201MA2CHWHN89,
,,,,,宁波梅山保税港区金湛杨金英商务服务部,,MA2J4WGK-2,92330206MA2J4WGK2X,
,,,,,宁波瑾轩文化传媒有限公司,,MA2CHLWK-9,91330201MA2CHLWK9X,
,,,,,宁波梅山保税港区金湛肖伟娟商务服务部,,MA2KN2FT-2,92330206MA2KN2FT2H,
,,,,,宁波梅山保税港区金湛郑恢复商务服务部,,MA2KN8L5-0,92330206MA2KN8L50D,
,,,,,宁波梅山保税港区海根谢龙通商务服务部,,MA2KPX59-0,92330206MA2KPX590U,
,,,,,宁波梅山保税港区金湛杨德斌商务服务部,,MA7EF921-X,92330206MA7EF921X0,
,,,,,宁波金灵王体育文化有限公司,,MA2H743J-X,91330206MA2H743JX1,
,,,,,宁波封策餐饮管理有限公司,,MA2J30GH-5,91330206MA2J30GH56,
,,,,,瑞雅（宁波）文化发展有限公司,,MA7G0CPH-5,91330206MA7G0CPH57,
,,,,,宁波海轩会展服务有限公司,,MAC7HTTC-X,91330206MAC7HTTCXX,
,,,,,宁波梅山保税港区尽良筹徐红商务服务部,,MA7F1TBT-5,92330206MA7F1TBT5K,
,,,,,宁波梅山保税港区金湛冯彩利商务服务部,,MA7EUJ2E-5,92330206MA7EUJ2E51,
,,,,,宁波朗博计量检测有限公司,,MA282C33-5,91330206MA282C3353,
,,,,,宁波梅山保税港区金湛刘伟民商务服务部,,MA7F72CL-5,92330206MA7F72CL54,
,,,,,宁波市北仑区新碶歆迪眼镜店,,MA2EKD8U-4,92330206MA2EKD8U4C,
,,,,,宁波梅山保税港区海根李春茹商务服务部,,MA2J5WR0-4,92330206MA2J5WR04B,
,,,,,宁波市北仑区柴桥鲁家餐饮管理服务部,,MA2AHAPL-0,92330206MA2AHAPL0E,
,,,,,宁波北仑拓湃设计服务部,,MAC4RB93-1,92330206MAC4RB9314,
,,,,,宁波梅山保税港区金湛金完强商务服务部,,MA2J77JQ-9,92330206MA2J77JQ9K,
,,,,,宁波梅山保税港区海根李乾坤通商务服务部,,MA2KNBNY-9,92330206MA2KNBNY94,
,,,,,宁波市北仑区梅山胡筱霞舞蹈工作室,,MA2AGKNX-8,92330206MA2AGKNX84,
,,,,,宁波梅山保税港区尽良筹冯炳婷商务服务部,,MA2J3HN2-3,92330206MA2J3HN23A,
,,,,,宁波识鹤国际贸易有限公司,,MA2GWX2J-8,91330201MA2GWX2J8N,
,,,,,宁波梅山保税港区海根吕斌商务服务部,,MA2KPC7U-8,92330206MA2KPC7U8P,
,,,,,宁波北仑云力商务服务部,,MA2GQ2BH-1,92330206MA2GQ2BH16,
,,,,,宁波市北仑区佳茂足浴店,,MACXB25L-8,92330206MACXB25L8P,
,,,,,慈溪市白沙路源兴丰服装辅料店,,MA2KPBWY-7,92330282MA2KPBWY7R,
,,,,,慈溪市周巷满金足浴店,,MA293LRC-2,92330282MA293LRC23,
,,,,,宁波杭州湾新区贵味饭店,,MABPYTGP-0,92330201MABPYTGP03,
,,,,,慈溪市浒山圣骑士台球室,,MA2AECH9-0,92330282MA2AECH90A,
,,,,,慈溪市膳彤餐饮店,,MA2GQK05-2,92330282MA2GQK052B,
,,,,,慈溪市胜山金达毛绒店,,MA2EHT7W-1,92330282MA2EHT7W1Y,
,,,,,慈溪市四个啊哥餐饮店,,MA2H67FX-3,92330282MA2H67FX3W,
,,,,,慈溪市周巷一木广告设计工作室,,MA2EHU35-8,92330282MA2EHU358D,
,,,,,慈溪市掌起阿波渔具店,,MA2EGN5M-5,92330282MA2EGN5M54,
,,,,,慈溪市天翔图文设计工作室,,MA2EJNF1-3,92330282MA2EJNF13H,
,,,,,垂柳文化传媒（宁波）有限责任公司,,MAD9C98T-7,91330201MAD9C98T7K,
,,,,,慈溪市鑫来餐饮店,,MA2KN2X4-2,92330282MA2KN2X42C,
,,,,,慈溪鸿安鞋业发展有限公司,,69506947-6,91330282695069476W,
,,,,,慈溪诺瓦教育科技有限公司白沙分公司,,MA2KPUFF-5,91330282MA2KPUFF51,
,,,,,浙江万达旅游集团有限公司慈溪分公司,,MA281MKN-9,91330282MA281MKN99,
,,,,,慈溪市坎墩小张家纺用品店,,MA2EK06B-0,92330282MA2EK06B08,
,,,,,慈溪市宗汉兴容棋牌室,,MA2EJGJG-2,92330282MA2EJGJG2K,
,,,,,慈溪市微尘汇咖啡厅,,MA2EH338-9,92330282MA2EH33896,
,,,,,慈溪鼎尚美轩文化创意有限公司观海卫分公司,,MA2H5GMC-5,91330282MA2H5GMC50,
,,,,,慈溪市法蒂玛文化创意工作室,,MA2EJYDK-6,92330282MA2EJYDK6U,
,,,,,慈溪市龙山永悦电器经营部,,MA2EJTCE-7,92330282MA2EJTCE77,
,,,,,慈溪市坎墩陈昌华化妆品店,,MA2EJAQ6-9,92330282MA2EJAQ69M,
,,,,,宁波杭州湾新区红专快餐店,,MA2ENBQ5-5,92330201MA2ENBQ554,
,,,,,慈溪市三北佳红文具店,,MA2AFT45-7,92330282MA2AFT457Y,
,,,,,慈溪市浒山金足阁足浴店,,MA2EK7TH-5,92330282MA2EK7TH52,
,,,,,慈溪市足舒缘足浴店,,MACML7UB-3,92330282MACML7UB33,
,,,,,慈溪大马力电影放映有限公司,,MA282F0T-7,91330282MA282F0T7P,
,,,,,慈溪市五号健身俱乐部（个体工商户）,,MAD47893-6,92330282MAD478936T,
,,,,,慈溪市观海卫陈隆餐馆,,MA2917PA-4,92330282MA2917PA4E,
,,,,,慈溪市澄天动漫设计工作室,,MABR9NNR-0,92330282MABR9NNR07,
,,,,,慈溪市协谦工艺品厂,,MA2AJ40J-X,91330282MA2AJ40JX5,
,,,,,慈溪市横河镇华梅照棉布店,,MA2EJ6KJ-6,92330282MA2EJ6KJ6F,
,,,,,宁波杭州湾新区珠英餐饮店,,MA2GUFM0-X,92330201MA2GUFM0X1,
,,,,,慈溪市龙山自方餐饮店,,MA2H8JAH-4,92330282MA2H8JAH46,
,,,,,慈溪市周巷海连饭店,,MA2EJLC8-6,92330282MA2EJLC86J,
,,,,,宁波妈咪宝婴童用品制造有限公司,,74497610-2,913302017449761022,
,,,,,慈溪市掌起小徐餐饮店,,MA2H6BCF-8,92330282MA2H6BCF8R,
,,,,,宁波市梅高梅文化传媒有限公司,,MACN77KH-3,91330282MACN77KH3W,
,,,,,慈溪市古塘阿珊工艺品店,,MA2EJKG3-8,92330282MA2EJKG383,
,,,,,宁波琼玖商贸有限公司,,MACDJY8E-2,91330282MACDJY8E2C,
,,,,,慈溪市胜山镇志育青春照相馆,,MA283W6P-4,92330282MA283W6P40,
,,,,,浙江唐越青瓷有限公司,,MA2GT9ER-8,91330282MA2GT9ER8C,
,,,,,慈溪市梦燕来足浴店,,MA2H8GP6-1,92330282MA2H8GP61W,
,,,,,慈溪市坎墩新华棉布店,,MA2EHPJR-6,92330282MA2EHPJR64,
,,,,,慈溪市佳德艺术品有限公司,,07147565-2,91330282071475652X,
,,,,,慈溪市浒山胜耀修脚店,,MABY6THG-9,92330282MABY6THG90,
,,,,,慈溪市溪舍装饰设计有限公司,,MA2J74J4-0,91330282MA2J74J40J,
,,,,,慈溪市陆小鹿甜心舞蹈培训有限公司,,MA2H5HEX-9,91330282MA2H5HEX9D,
,,,,,慈溪颖诺化妆品店,,MA2J6P10-5,92330282MA2J6P105U,
,,,,,慈溪市驿心餐饮店,,MAD0B08E-6,92330282MAD0B08E6B,
,,,,,慈溪市坎墩洁净浴室,,MA2EK7YQ-0,92330282MA2EK7YQ0G,
,,,,,宁波前湾新区和气棋牌室,,MACYKAQU-7,92330201MACYKAQU7R,
,,,,,慈溪市天润广告有限公司,,76451500-4,913302827645150041,
,,,,,慈溪市附海中新客房部,,MA2EH7GD-3,92330282MA2EH7GD3F,
,,,,,慈溪市附海御足苑足浴店,,MA2EJJQA-6,92330282MA2EJJQA6A,
,,,,,慈溪市范市六星家用电器店,,MA2EK32D-X,92330282MA2EK32DX3,
,,,,,宁波前湾新区春序餐饮店,,MACPLJ2D-7,92330201MACPLJ2D7X,
,,,,,慈溪市伟财饭店,,MA2EJGUH-0,92330282MA2EJGUH0H,
,,,,,慈溪市匡堰镇热浪太阳能热水器店,,MA2EJ85R-1,92330282MA2EJ85R16,
,,,,,慈溪市逍林阿峰排档,,MA2EJJ7J-9,92330282MA2EJJ7J9B,
,,,,,慈溪市禾言广告设计工作室,,MA2AJ228-7,92330282MA2AJ2287G,
,,,,,慈溪市浒山小琦足浴店,,MACRCY7L-8,92330282MACRCY7L8W,
,,,,,慈溪市坎墩伟义挖掘机租赁服务部,,MA2CKXD1-1,92330282MA2CKXD115,
,,,,,慈溪市胜山利超家纺店,,MA2918BE-0,92330282MA2918BE09,
,,,,,慈溪市观海卫麻继烤鱼店,,MA2CLGQC-3,92330282MA2CLGQC3Y,
,,,,,宁波翠品楼餐饮有限公司,,MAC39LBY-6,91330282MAC39LBY6J,
,,,,,慈溪市祁茗陶瓷工作室,,MA2J5MDT-5,92330282MA2J5MDT5L,
,,,,,慈溪市逍林孙记川菜馆,,MA2EHH8U-9,92330282MA2EHH8U9B,
,,,,,慈溪市三北浩燕绣品厂（普通合伙）,,76850835-4,91330282768508354X,
,,,,,慈溪市梓悦文化传播有限公司,,MA2KPMPG-5,91330282MA2KPMPG54,
,,,,,慈溪市宸灵艺术特长培训有限公司,,MA2H5UQA-2,91330282MA2H5UQA25,
,,,,,瑞幸咖啡（宁波）有限公司观海卫第二分店,,MACN59P6-X,91330282MACN59P6XP,
,,,,,宁波寻鼎文化传媒有限公司,,MA2KPUF9-6,91330282MA2KPUF96X,
,,,,,龙海市华达运输有限公司慈溪分公司,,MA2GFAFW-1,91330282MA2GFAFW1H,
,,,,,宁波赛客运动器材有限公司,,07920193-9,91330282079201939U,
,,,,,宁波贝驰贸易有限公司,,MAD2ANTL-6,91330282MAD2ANTL67,
,,,,,慈溪市玉宸文化传媒有限公司,,MAD58L25-X,91330282MAD58L25XG,
,,,,,宁波绿萝儿童用品有限公司,,MABYNY8Q-X,91330282MABYNY8QXY,
,,,,,宁波滋威食品有限公司慈溪智谷店,,MA7CD8GQ-8,91330282MA7CD8GQ8F,
,,,,,宁波逸侠彤电子有限公司,,MA2GQ580-1,91330282MA2GQ5801E,
,,,,,慈溪市桥头浩泽电脑绣花厂,,MA2EJMYA-5,92330282MA2EJMYA5Y,
,,,,,宁波前湾新区呀蜜餐饮店,,MACU6R19-2,92330201MACU6R1925,
,,,,,宁波贝值贸易有限公司,,MA292E31-5,91330282MA292E3154,
,,,,,慈溪市浒山菊雅美容店,,MA2H8JWE-X,92330282MA2H8JWEXN,
,,,,,宁波前湾新区添财餐饮店,,MAD1YXEU-1,92330201MAD1YXEU18,
,,,,,宁波前湾新区瑞霞晨饭店（个体工商户）,,MAD97XRE-3,92330201MAD97XRE32,
,,,,,慈溪市悦生电子商务经营部,,MA2J584F-5,92330282MA2J584F58,
,,,,,慈溪市掌起客聚轩宾馆,,MA2EGPUN-8,92330282MA2EGPUN8J,
,,,,,慈溪市浒山晓刘足浴店,,MA2GTNU9-0,92330282MA2GTNU90P,
,,,,,中国邮政集团有限公司浙江省慈溪市剑山报刊亭,,06661811-0,91330282066618110G,
,,,,,慈溪市天祈娱乐有限公司,,MAD698HX-5,91330282MAD698HX5P,
,,,,,宁波熙斯健身服务有限公司,,MAC3AENG-1,91330201MAC3AENG15,
,,,,,宁波杭州湾新区洪森杰克文化传媒有限公司,,59948053-X,9133020159948053XH,
,,,,,慈溪市龙山阳阳面馆,,MA2J3C8Q-0,92330282MA2J3C8Q06,
,,,,,宁波斐然装饰设计有限公司,,MA2GWNG4-7,91330282MA2GWNG47C,
,,,,,慈溪市宗汉王治英奶茶店,,MA2J5YGW-1,92330282MA2J5YGW1C,
,,,,,慈溪市横河呈祥文具用品店,,MA2EHRPB-9,92330282MA2EHRPB9R,
,,,,,慈溪市宝真眼镜店,,MA2934HA-6,92330282MA2934HA6C,
,,,,,慈溪市浒山潘记钟表行,,MA2CLL70-8,92330282MA2CLL708E,
,,,,,慈溪市掌起香龙奶茶店,,MA7M58HJ-2,92330282MA7M58HJ2J,
,,,,,宁波杭州湾新区鸣山广告设计工作室,,MA2J40NK-X,92330201MA2J40NKX1,
,,,,,高瞻商业管理（宁波）有限公司,,MABU14C7-4,91330201MABU14C746,
,,,,,宁波亿丰叉车租赁服务有限公司,,MA7MG4DQ-3,91330282MA7MG4DQ3G,
,,,,,宁波杭州湾新区黑泷堂饮品店,,MA2AH4LY-5,92330201MA2AH4LY5K,
,,,,,宁波景墨园林工程有限公司,,MA2AJCF7-9,91330281MA2AJCF79C,
,,,,,慈溪市逍林鸿立电脑绣花厂,,MA2EJ332-0,92330282MA2EJ3320U,
,,,,,宁波杭州湾新区海草洗涤有限公司,,MA2CHCEF-9,91330201MA2CHCEF9G,
,,,,,慈溪市龙山乾宏棋牌室,,MA2EK3UJ-7,92330282MA2EK3UJ72,
,,,,,宁波杭州湾新区酷亮眼镜店,,MA2EN7DW-2,92330201MA2EN7DW27,
,,,,,宁波爱焱儿童用品有限公司,,MA2AJUMQ-8,91330282MA2AJUMQ8P,
,,,,,慈溪市浒山芝咪餐饮店,,MA2AH0PM-1,92330282MA2AH0PM1C,
,,,,,慈溪市浒山臻牛餐饮店,,MABQ513J-5,92330282MABQ513J5A,
,,,,,慈溪市古塘洁寐家纺店,,MACYT3MN-4,92330282MACYT3MN48,
,,,,,慈溪市五和饭店,,MA2GWCA9-X,92330282MA2GWCA9X8,
,,,,,慈溪市附海艾萍首饰店,,MACN8R3M-6,92330282MACN8R3M66,
,,,,,慈溪市博盛礼品商行,,MA2EK43C-0,92330282MA2EK43C05,
,,,,,慈溪市浒山晓康足浴店,,MA28361X-7,92330282MA28361X74,
,,,,,宁波前湾新区杰博帐篷租赁服务部,,MACPDP6W-0,92330201MACPDP6W0C,
,,,,,慈溪市浒山鑫翠缘珠宝店,,MA2915Y7-1,92330282MA2915Y71B,
,,,,,慈溪市行建汽车服务有限公司,,MA2839E3-2,91330282MA2839E32C,
,,,,,慈溪市庵东龙祥珠宝商行,,MA2EN7AW-3,92330201MA2EN7AW39,
,,,,,慈溪市福包餐饮店,,MA2AF3A5-4,92330282MA2AF3A54H,
,,,,,慈溪市慧成广告设计工作室,,MABQ2RF4-3,92330282MABQ2RF430,
,,,,,慈溪市宗汉窝努餐饮店,,MACQJ4KF-7,92330282MACQJ4KF7Q,
,,,,,慈溪市汛鑫玩具有限公司,,MABRBFKQ-2,91330282MABRBFKQ2B,
,,,,,慈溪市古塘亮彩横幅广告制作社,,MA2EJN4A-7,92330282MA2EJN4A7Q,
,,,,,慈溪市函洵绘画培训有限责任公司,,MA2GRBBP-7,91330282MA2GRBBP7W,
,,,,,慈溪横河锐亮眼镜店,,MA2KNGUR-X,92330282MA2KNGURXF,
,,,,,宁波晨永文具有限公司,,MA2823TF-4,91330282MA2823TF40,
,,,,,宁波杭州湾新区兰岛网咖网吧,,MA2836JM-1,91330201MA2836JM1J,
,,,,,慈溪市观海卫镇广义盲人按摩院,,MA2EGMW2-0,92330282MA2EGMW20C,
,,,,,慈溪斯塔克渔具有限公司,,MA291BWW-X,91330282MA291BWWXT,
,,,,,宁波灵燕眼镜有限公司,,MA2H4A87-3,91330201MA2H4A873D,
,,,,,宁波杭州湾新区之翔黄焖鸡米饭店,,MA29320P-5,92330201MA29320P5D,
,,,,,慈溪市老爸与海玩具经营部,,MABNYGJT-5,92330282MABNYGJT5G,
,,,,,慈溪市龙山梦声奶茶店,,MA2J7BBJ-1,92330282MA2J7BBJ1U,
,,,,,慈溪市观海卫镇海燕照相馆,,MA2EHRQD-1,92330282MA2EHRQD1Q,
,,,,,慈溪市迈步模具设计工作室,,MAC5GFUF-5,92330282MAC5GFUF5Y,
,,,,,慈溪市胜山创兴货运代理服务站,,MA2EGPR0-0,92330282MA2EGPR00P,
,,,,,慈溪市诗武烤鱼店,,MABWX0F6-0,92330282MABWX0F60F,
,,,,,宁波喜喵文化传媒有限公司,,MACBJT4X-7,91330203MACBJT4X75,
,,,,,浙江樊墨文化传媒有限公司,,MA2J79RK-6,91330203MA2J79RK63,
,,,,,浙江凯登供应链管理有限公司,,MA28Y8M1-3,91330203MA28Y8M13H,
,,,,,宁波市潮麦睿宇娱乐服务部（个人独资）,,MAD4TNCY-X,91330203MAD4TNCYXW,
,,,,,宁波时间印象文化传媒有限公司,,MA28314Y-0,91330203MA28314Y02,
,,,,,宁波远舟文化传媒有限公司,,MA2GTXKK-4,91330203MA2GTXKK49,
,,,,,宁波艾微广告传媒有限公司,,31685745-7,913302043168574571,
,,,,,卯介设计（宁波）有限公司,,MA2GQRHU-4,91330212MA2GQRHU4T,
,,,,,宁波云边文化传媒有限公司,,34056853-2,91330203340568532Y,
,,,,,宁波海曙宁兴汽车租赁服务有限公司,,67474833-0,913302036747483304,
,,,,,宁波海曙新知川菜馆,,MA2EQKTX-4,92330203MA2EQKTX4B,
,,,,,宁波科答鸭文化创意有限公司,,MA2J6JXU-8,91330203MA2J6JXU8H,
,,,,,宁波市海曙区新凯莉娱乐会所,,MA2J41RP-9,91330203MA2J41RP9F,
,,,,,宁波宁久汽车服务有限公司,,MA2CL0JJ-2,91330203MA2CL0JJ22,
,,,,,宁波清沐瑜伽健身服务有限公司,,MA2H6W2C-7,91330212MA2H6W2C7C,
,,,,,森岛旅游文化发展（宁波）有限责任公司,,MACBWKJ2-5,91330203MACBWKJ25D,
,,,,,宁波市海曙高塘茶楼,,MA2GG1ML-7,91330203MA2GG1ML77,
,,,,,宁波市鄞州甬金工艺品厂（普通合伙）,,MA8FQL35-4,91330203MA8FQL3542,
,,,,,淮安多禾传媒有限公司宁波分公司,,MACC0WFY-0,91330203MACC0WFY0L,
,,,,,成都三合力诚商务服务有限责任公司宁波分公司,,MA2CKUCB-9,91330212MA2CKUCB9T,
,,,,,宁波鹤润商业管理有限公司,,MACBB9WY-5,91330203MACBB9WY57,
,,,,,宁波市海曙超彩布料商行,,MACMNA8K-6,92330203MACMNA8K6G,
,,,,,宁波天一绿洲珠宝有限公司,,MA2K8H96-5,91330203MA2K8H965U,
,,,,,宁波万斛文化传播有限公司,,MA2K8J9B-1,91330203MA2K8J9B1U,
,,,,,宁波海曙英杰教育咨询有限公司,,59155875-0,91330203591558750M,
,,,,,宁波市海曙运盛商务广告有限公司,,55453659-5,91330203554536595A,
,,,,,宁波铭星汽车服务有限公司,,MA2J7CGM-0,91330203MA2J7CGM05,
,,,,,宁波彬盈堂商贸有限公司,,MACATE82-1,91330203MACATE8212,
,,,,,宁波市海曙石碶多姿化妆品店,,MA2ER5TX-9,92330203MA2ER5TX9D,
,,,,,宁波市海曙区尝未尝往餐饮店,,MA2KQ929-1,92330203MA2KQ9291R,
,,,,,宁波青岑餐饮文化有限公司,,MA2J4AF5-3,91330203MA2J4AF53J,
,,,,,宁波海曙区十度奶茶店,,MA2KQB3Q-2,92330203MA2KQB3Q2G,
,,,,,宁波市海曙鄞江凤凰山庄饭店,,MA284GUR-5,92330203MA284GUR50,
,,,,,星睿（宁波市）珠宝有限公司天一银泰分公司,,MAC4FGQ0-3,91330203MAC4FGQ03T,
,,,,,宁波海曙琳宝达商务信息咨询服务部,,MA2H5BMC-1,92330203MA2H5BMC1Y,
,,,,,宁波麦购文化传播有限公司,,MA282NK9-2,91330203MA282NK92P,
,,,,,宁波起峰酒店管理有限公司,,MA7EB8TG-X,91330203MA7EB8TGX9,
,,,,,宁波市海曙集士港鸿胜复印打字店,,MA28Y2KX-6,92330203MA28Y2KX6X,
,,,,,宁波海曙昊翔工艺品厂,,MA2GW5RP-X,92330203MA2GW5RPXU,
,,,,,宁波海曙蓝海清洗服务部,,MA2GG09G-0,91330203MA2GG09G02,
,,,,,宁波望湖市场培良玩具礼品经营部,,MA2846PQ-8,92330200MA2846PQ8X,
,,,,,宁波市海曙区德茂纸制品厂,,MACX5U4N-1,92330203MACX5U4N19,
,,,,,宁波飞牙商旅票务有限公司,,MA2H7E55-5,91330203MA2H7E555H,
,,,,,宁波玖世文化传媒有限公司,,MABX2THK-9,91330203MABX2THK97,
,,,,,宁波派胜体育文化发展有限公司,,MA281QYM-0,91330203MA281QYM03,
,,,,,宁波市海曙琦缘窗帘商行,,MA2EQPBL-5,92330203MA2EQPBL5W,
,,,,,浙江海内外商务旅游有限公司宁波柳汀门市部,,MA2GFD53-9,91330200MA2GFD539L,
,,,,,宁波晨鑫汽车客运有限公司,,56704778-2,913302125670477823,
,,,,,宁波市海曙古林冲冲化妆品店,,MA2CKRA5-9,92330203MA2CKRA59N,
,,,,,宁波市海曙区蓝派图文设计工作室,,MA2GUHW4-1,92330203MA2GUHW41H,
,,,,,宁波冉玖娱乐有限公司,,MA2H7PPX-1,91330203MA2H7PPX15,
,,,,,宁波市海曙高桥一宏饮品店,,MA2CJYL3-6,92330203MA2CJYL36G,
,,,,,浙江村村通汽车服务有限公司,,MA2GWG9T-8,91330203MA2GWG9T8M,
,,,,,福建闪电行网络技术有限公司宁波分公司,,MA2GU6LW-0,91330203MA2GU6LW0D,
,,,,,宁波市天普烨森档案服务有限公司,,MA2839L3-7,91330203MA2839L37G,
,,,,,宁波市海曙区昕光体育用品商店,,MA7C14J6-7,92330203MA7C14J67T,
,,,,,宁波你得艺术设计有限公司,,MA2CM5P4-7,91330203MA2CM5P47B,
,,,,,宁波市海曙章水正奇广告服务部,,MA2AG73H-4,92330203MA2AG73H4D,
,,,,,宁波市海曙宁仕广告服务部,,MA2CKG2W-9,92330203MA2CKG2W90,
,,,,,超客（宁波）传媒有限公司,,MAC1GD92-6,91330203MAC1GD926B,
,,,,,宁波海曙区深蓝室内游戏工作室,,MA2KQK7W-1,92330203MA2KQK7W12,
,,,,,宁波市海曙高桥卤宝食品店,,MA291NM9-0,92330203MA291NM90L,
,,,,,宁波海曙今日机电有限公司,,69507180-8,913302036950718083,
,,,,,宁波海曙澜亚展览有限公司,,MA2GFW7U-4,91330203MA2GFW7U41,
,,,,,宁波伍洲兄弟餐饮管理有限公司,,MA7MA9M9-2,91330203MA7MA9M92K,
,,,,,宁波博域智能装备有限公司,,MABXA5ND-8,91330206MABXA5ND8U,
,,,,,宁波海曙新大绿洲广告有限公司,,68801829-1,913302036880182919,
,,,,,宁波市海曙漠北餐饮店,,MA2H7PPM-1,92330203MA2H7PPM1R,
,,,,,宁波海曙汉品文化传播有限公司,,59947434-0,91330203599474340F,
,,,,,宁波市海曙区欢喜餐厅,,MA2KPHFF-X,92330203MA2KPHFFXJ,
,,,,,宁波星悦户外拓展策划有限公司,,MA2AGCT6-3,91330203MA2AGCT63Q,
,,,,,宁波市海曙阿秀棋牌室,,MAC63XNF-X,92330203MAC63XNFXJ,
,,,,,宁波余立文化传媒有限公司,,MA2GWAJE-2,91330203MA2GWAJE2E,
,,,,,宁波市瀚宇旅游文化传播有限公司,,MA293CWU-7,91330203MA293CWU7Y,
,,,,,宁波市海曙博程艺术培训有限公司,,MA2GR0YQ-1,91330203MA2GR0YQ1A,
,,,,,宁波市泉乐广告制作有限公司,,MA2J74J0-8,91330203MA2J74J08R,
,,,,,宁波市鄞州高桥象塘工艺品商行,,MA2ER12K-X,92330203MA2ER12KXU,
,,,,,宁波海曙百德文具有限公司,,MA2K8KUE-2,91330203MA2K8KUE2F,
,,,,,宁波海曙德佳房产中介服务部,,MA2CMA8X-X,92330203MA2CMA8XX5,
,,,,,宁波艾恰餐饮服务有限公司日新街第一分公司,,MAC5A6AA-X,91330203MAC5A6AAXR,
,,,,,宁波海曙福佳空调商行,,MA2AFA6B-7,92330203MA2AFA6B7F,
,,,,,瑞幸咖啡（宁波）有限公司月湖第五分店,,MAD8MN08-6,91330203MAD8MN086E,
,,,,,宁波市海曙仕耐文具有限公司,,68105536-4,913302036810553643,
,,,,,宁波兰拓文化传媒有限公司,,MA2CLQ4Y-0,91330203MA2CLQ4Y06,
,,,,,宁波市海曙区麦读绘玩书店,,MA2KQ33K-1,92330203MA2KQ33K1E,
,,,,,宁波海曙区之居小吃店（个体工商户）,,MA7BP8QH-2,92330203MA7BP8QH2D,
,,,,,宁波远盛广告传媒有限公司,,MA2GUHKQ-5,91330203MA2GUHKQ5J,
,,,,,宁波尚誓文化传媒有限公司,,MA7FJDPK-5,91330203MA7FJDPK5X,
,,,,,宁波海曙刘艺文化艺术工作室,,MA7KCPHP-4,92330203MA7KCPHP4X,
,,,,,宁波海曙银洋家电有限公司,,66558968-1,91330203665589681J,
,,,,,宁波市海曙铭艺工艺品有限公司,,MA2J6C4F-1,91330203MA2J6C4F16,
,,,,,宁波感光度摄影服务有限公司,,MA2GRK38-1,91330203MA2GRK381R,
,,,,,宁波纤手人生餐饮有限公司,,MA2GQMXJ-2,91330203MA2GQMXJ2H,
,,,,,宁波市海曙鄞江存咪饮食店,,MA28YP60-X,92330203MA28YP60X5,
,,,,,宁波海曙酒井餐馆,,MA2H8A6P-X,92330203MA2H8A6PXU,
,,,,,宁波海曙区佰意棋牌室,,MA2AHTTH-5,92330203MA2AHTTH54,
,,,,,宁波晴善眼镜有限公司,,MA2H8RLT-4,91330203MA2H8RLT4G,
,,,,,悠橙（宁波）商贸有限公司,,MA2GU1A1-3,91330203MA2GU1A13X,
,,,,,宁波海曙私苑坊花艺有限公司,,MA2K8JHQ-5,91330203MA2K8JHQ53,
,,,,,宁波朗坤电子科技有限公司,,MA8FQLQR-0,91330203MA8FQLQR0H,
,,,,,宁波稀木文化传媒有限公司,,MA2GWN0X-2,91330203MA2GWN0X2E,
,,,,,宁波博合文化传媒有限公司,,MACLHW4U-9,91330203MACLHW4U97,
,,,,,宁波市海曙民川餐饮店,,MABRM5R4-X,92330203MABRM5R4X1,
,,,,,宁波顺哲宇翔文化传媒有限公司,,MA2811RW-X,91330203MA2811RWXH,
,,,,,宁波市海曙高桥微之娜化妆品店,,MA2GTDPP-2,92330203MA2GTDPP27,
,,,,,宁波谦闻咖啡有限公司,,MACM6K2F-1,91330203MACM6K2F13,
,,,,,宁波力荷城市运营服务有限公司,,MAD0WYGA-1,91330203MAD0WYGA17,
,,,,,宁波市海曙唯科特工艺品有限公司,,MA2CHTBN-1,91330203MA2CHTBN10,
,,,,,宁波市海曙区森缘工艺品店,,MA2KPM0M-5,92330203MA2KPM0M56,
,,,,,宁波海曙日全会务服务部,,MA2GU7TM-2,92330203MA2GU7TM2J,
,,,,,宁波海曙盈州摄影工作室,,MA2J7DJ9-6,92330203MA2J7DJ96T,
,,,,,宁波多年以后文化有限公司,,31699544-6,91330203316995446H,
,,,,,宁波市海曙古林日升汽车租赁服务部,,MA291FKU-8,92330203MA291FKU82,
,,,,,宁波市海曙区吉卡网吧,,MA281EUE-7,91330203MA281EUE78,
,,,,,宁波市海曙文海书店,,MA2EQL68-6,92330203MA2EQL686H,
,,,,,宁波海曙明乐阁足浴店（个体工商户）,,MAD448JX-9,92330203MAD448JX9D,
,,,,,宁波泉遇艺术文化传播有限公司,,MA7DM8YU-5,91330203MA7DM8YU5U,
,,,,,宁波韵律流动文化传媒有限公司,,MABW3JG3-0,91330203MABW3JG30G,
,,,,,宁波市海曙区燕珍面馆,,MA2KNW04-4,92330203MA2KNW044C,
,,,,,宁波市意卡菲餐饮有限公司三江店,,MA2K8D20-0,91330203MA2K8D200H,
,,,,,宁波海曙区陈裕海针纺织品店,,MA2KQHH3-X,92330203MA2KQHH3X9,
,,,,,宁波浮元子旅游文化发展有限公司,,MA293K59-5,91330203MA293K5956,
,,,,,宁波东方飞扬旅行社有限公司,,MA2K8JNB-0,91330203MA2K8JNB0J,
,,,,,宁波市海曙恒达图文设计室,,MA2AGAKK-5,92330203MA2AGAKK53,
,,,,,宁波市海曙耀珍家纺经营部,,MA2KP151-8,92330203MA2KP1518N,
,,,,,宁波精焦锐点广告传媒有限公司,,MA281G5G-X,91330203MA281G5GX0,
,,,,,宁波黄天厚土餐饮有限公司,,MA7BGG9J-3,91330203MA7BGG9J33,
,,,,,宁波旸亨财税服务有限公司,,MACKCG2T-6,91330203MACKCG2T6H,
,,,,,鸣敩（宁波）艺术特长培训有限公司,,MA2CKH3F-9,91330203MA2CKH3F9J,
,,,,,宁波水墨志峰文化传播有限公司,,MA2AFGCB-1,91330203MA2AFGCB1D,
,,,,,宁波市海曙金靠杯饮品店,,MA2KQHTP-6,92330203MA2KQHTP6R,
,,,,,宁波圆释文化传播有限公司,,MA2AFT7M-5,91330203MA2AFT7M50,
,,,,,宁波市海曙众鑫机械设备租赁经营部,,MA2H8XJP-5,92330203MA2H8XJP5Y,
,,,,,宁波鄞州欣东宾馆,,MA2CKHTB-1,91330212MA2CKHTB19,
,,,,,宁波市鄞州新河良善工艺品店,,MA2AHJHJ-8,92330212MA2AHJHJ8J,
,,,,,宁波鄞州明楼基哥齐齐烤肉店,,MA2GTPLL-7,92330212MA2GTPLL7U,
,,,,,宁波市鄞州东吴旖旎灵动舞蹈工作室,,MA2EGE0W-0,92330212MA2EGE0W09,
,,,,,宁波红旅汽车服务有限公司,,MA282QLY-1,91330201MA282QLY1H,
,,,,,浙江易川体育用品连锁有限公司宁波鄞州分公司,,05826638-9,91330212058266389T,
,,,,,宁波市鄞州首南徐佳饮品店（个体工商户）,,MA2KQH6U-0,92330212MA2KQH6U0T,
,,,,,宁波市鄞州中河秀宁化妆品店,,MA2EG3X7-6,92330212MA2EG3X76B,
,,,,,宁波市鄞州瑞杰票务有限公司,,MA28YR5N-7,91330212MA28YR5N7L,
,,,,,宁波江东致富二手车经纪有限公司,,MA2828RG-3,91330204MA2828RG3D,
,,,,,宁波市鄞州首南鼎泰和工艺品商行,,MA28Y3A3-X,92330212MA28Y3A3XF,
,,,,,杭州肯德基有限公司宁波阪急甜品站,,MA2J5PMN-1,91330212MA2J5PMN1N,
,,,,,宁波馋鱼季餐饮有限公司,,MA2GQ6HY-X,91330201MA2GQ6HYX4,
,,,,,宁波川畔二手车经纪有限公司,,MA28Y6W9-7,91330212MA28Y6W97G,
,,,,,宁波江东新城鼎极咖啡厅,,MA2936CK-1,91330212MA2936CK1Y,
,,,,,宁波市鄞州中河恩泽恩宾馆,,MA2EG4HG-0,92330212MA2EG4HG05,
,,,,,宁波市鄞州钟公庙益森珠宝商行（个体工商户）,,MAD4MKN3-X,92330212MAD4MKN3XB,
,,,,,宁波万福祥珠宝有限公司,,MAD7NP9W-X,91330212MAD7NP9WXT,
,,,,,宁波市新旅程汽车服务有限公司,,31694298-5,91330201316942985M,
,,,,,宁波市鄞州姜山林辉劳保用品店,,MA7J9ELY-6,92330212MA7J9ELY6J,
,,,,,宁波市江东本初茶艺文化传播有限公司,,08478723-3,91330204084787233U,
,,,,,通用磨坊贸易（上海）有限公司宁波印象城店,,05826906-1,91330212058269061L,
,,,,,宁波市鄞州邱隘两可餐饮店,,MA2J6N56-4,92330212MA2J6N5642,
,,,,,宁波天胜摄影有限公司东钱湖分公司,,59537809-5,91330201595378095P,
,,,,,宁波市鄞州姜山齐兴饭店,,MA2CHTL4-X,92330212MA2CHTL4X5,
,,,,,宁波市鄞州姜山利歌饭店,,MA2H5PUN-0,92330212MA2H5PUN00,
,,,,,宁波市鄞州咸祥申宸坊茶馆,,MA2CLYP4-0,92330212MA2CLYP40G,
,,,,,浙江舟山啡凡餐饮管理有限公司宁波分公司,,MAD64TA1-9,91330212MAD64TA19E,
,,,,,宁波凌动工艺品有限公司,,MA282DJK-9,91330212MA282DJK92,
,,,,,宁波市鄞州中河唯美快餐店,,MA2AEWR0-5,91330212MA2AEWR058,
,,,,,宁波市鄞州咸祥陈席挖掘机租赁服务部,,MA2CKHDJ-5,92330212MA2CKHDJ50,
,,,,,宁波鄞州陈思锦餐饮服务有限公司,,MAC2CPNG-1,91330212MAC2CPNG11,
,,,,,宁波市星宁多餐饮有限责任公司,,MA2KP7JM-5,91330212MA2KP7JM5B,
,,,,,宁波捷迈商贸有限公司,,MA2H83A6-0,91330212MA2H83A60Q,
,,,,,宁波痴鸡餐饮有限公司,,MA7EE97J-3,91330212MA7EE97J3E,
,,,,,宁波市鄞州五乡亚金餐馆,,MA284X44-8,92330212MA284X4480,
,,,,,宁波誉萃广告有限公司,,MA292L27-7,91330212MA292L277R,
,,,,,宁波市鄞州邱隘浦达建筑设备租赁服务部（个体工商户）,,MAD2Y4L3-7,92330212MAD2Y4L370,
,,,,,宁波苏塔文化传播有限公司,,MA281EEC-9,91330212MA281EEC9K,
,,,,,宁波市江东长山小海鲜饭店,,MA8FY295-4,91330212MA8FY2954H,
,,,,,宁波石天电子有限公司,,MA2J5K1H-5,91330212MA2J5K1H5F,
,,,,,宁波金格丽珠宝首饰有限公司,,MAD1KHMP-1,91330212MAD1KHMP11,
,,,,,宁波江东宁东莫唯咖啡馆,,MA2EFACN-7,92330212MA2EFACN78,
,,,,,浙江金拱门食品有限公司宁波海港城第二餐厅,,MA28YXPR-3,91330200MA28YXPR32,
,,,,,宁波市鄞州明楼抖茶控奶茶店,,MA2J5J0B-7,92330212MA2J5J0B7F,
,,,,,宁波市鄞州瞻岐运馨床上用品店,,MA2H69BU-9,92330212MA2H69BU9Q,
,,,,,浙江熊二珠宝首饰有限公司,,MAD2DP65-0,91330212MAD2DP650M,
,,,,,宁波治城商业管理有限公司,,MAC5MXWW-9,91330201MAC5MXWW93,
,,,,,鄞县古林华美大酒店,,MA8FPPD6-1,91330203MA8FPPD61G,
,,,,,宁波市鄞州咸祥小琴餐馆,,MA2GQ700-6,92330212MA2GQ7006F,
,,,,,宁波忆味餐饮管理有限公司,,MABNFHM5-7,91330212MABNFHM57U,
,,,,,宁波市鄞州宝御格贸易有限公司,,77230341-5,91330212772303415R,
,,,,,宁波分众户外用品有限公司,,MAC4A8WH-1,91330212MAC4A8WH1D,
,,,,,宁波道源汽车服务有限公司,,MA2KPG5P-5,91330212MA2KPG5P5L,
,,,,,宁波市鄞州东吴宏旺快餐店,,MA2EG0WR-5,92330212MA2EG0WR5F,
,,,,,瑞幸咖啡（宁波）有限公司福明第一分店,,MA2CKUF5-9,91330212MA2CKUF59M,
,,,,,苏州可瑞森针织有限公司宁波市鄞州分公司,,MA8FQCWW-5,91330212MA8FQCWW52,
,,,,,宁波铂睿商业管理有限公司,,MABWQ86C-6,91330212MABWQ86C6Y,
,,,,,宁波市鄞州超易盛防水布有限公司,,MA291G65-7,91330212MA291G657R,
,,,,,宁波市鄞州姜山七彩广告设计制作部,,MA2AH25P-4,92330212MA2AH25P4K,
,,,,,宁波高新区掌心广告传媒有限公司,,MA8FXT41-8,91330201MA8FXT4185,
,,,,,宁波市鄞州邱隘庆环快餐店,,MA284YBX-2,92330212MA284YBX26,
,,,,,宁波江东新城馋佬饭店,,MA2EFY6N-4,92330212MA2EFY6N4D,
,,,,,宁波市鄞州华亨足浴会所（普通合伙）,,MA2936MP-6,91330212MA2936MP6M,
,,,,,宁波瑾升贸易有限公司,,MABT4JD4-2,91330212MABT4JD42A,
,,,,,宁波至臻餐饮服务有限公司,,MA2AEWW1-5,91330212MA2AEWW15A,
,,,,,宁波市鄞州福明亚米的面快餐店,,MACWKGH1-7,92330212MACWKGH17B,
,,,,,宁波高新区旭一二芬书店,,MA283KEQ-0,92330201MA283KEQ0N,
,,,,,宁波市鄞州瞻岐鑫江餐馆,,MA2GU8R7-X,92330212MA2GU8R7XA,
,,,,,宁波年画传媒有限公司,,MA2J4YD2-1,91330212MA2J4YD21F,
,,,,,宁波市鄞州钟公庙四渔明港餐厅,,MA2GUGHY-9,92330212MA2GUGHY9G,
,,,,,宁波启富汽车服务有限公司,,MA2CKJYR-X,91330212MA2CKJYRXC,
,,,,,宁波市小肥羊餐饮有限公司,,MA2GXYKL-7,91330212MA2GXYKL73,
,,,,,宁波市鄞州钟公庙翼博汽车租赁服务部,,MA2J6C0D-X,92330203MA2J6C0DX1,
,,,,,宁波市鄞州姜山永朝饭店（个体工商户）,,MAD4WWHL-6,92330212MAD4WWHL6G,
,,,,,宁波高新区千帐里图文店,,MA2CHPEA-3,92330201MA2CHPEA35,
,,,,,宁波高新区燕飞书店,,MA2EQ01G-2,92330201MA2EQ01G2K,
,,,,,宁波市鄞州东吴老菜厂快餐店,,MA2EGC7P-2,92330212MA2EGC7P2K,
,,,,,浙江壹品卓泰商业服务有限公司,,MA2GWKAW-X,91330201MA2GWKAWX7,
,,,,,浙江闲车汽车租赁服务有限公司,,MAD5TBPA-4,91330212MAD5TBPA4D,
,,,,,樱花卫厨（中国）股份有限公司宁波卫厨体验分公司,,MA2GXWQ5-9,91330212MA2GXWQ59P,
,,,,,宁波高新区沈氏餐饮店,,MA7D2GLX-X,92330201MA7D2GLXX6,
,,,,,宁波志洲船务有限公司,,MACBNH5G-3,91330212MACBNH5G30,
,,,,,中国国旅（宁波）国际旅行社有限公司东钱湖门市部,,MA8FWN79-0,91330201MA8FWN7901,
,,,,,上海银行股份有限公司宁波东部新城支行,,MA2CKYXT-0,91330200MA2CKYXT08,
,,,,,宁波市鄞州福明东鹭源餐厅,,MAD3UGFK-X,92330212MAD3UGFKXA,
,,,,,宁波健馨缘餐饮管理有限公司高新区分公司,,MA2H8152-0,91330201MA2H81520U,
,,,,,宁波甬总汇茶楼有限公司,,MA7D8YDP-5,91330212MA7D8YDP5J,
,,,,,宁波耒末商业管理有限公司,,MA2AGLWR-9,91330212MA2AGLWR95,
,,,,,宁波市鄞州咸祥沿海农庄,,MA28Y0M7-0,92330212MA28Y0M70J,
,,,,,宁波市鄞州姜山韩尚摄影店,,MA2EGENL-7,92330212MA2EGENL7K,
,,,,,宁波市鄞州中河双河照相馆,,MA284CYD-5,92330212MA284CYD5Q,
,,,,,宁波市鄞州福明悦尚足浴馆（个体工商户）,,MAD5FM9B-4,92330212MAD5FM9B4Y,
,,,,,宁波衢甬壹餐饮管理有限公司,,MA2J7N62-3,91330212MA2J7N623B,
,,,,,宁波榕树林文化传媒有限公司,,09758591-3,913302120975859135,
,,,,,宁波江东隐舍文化传播有限公司,,MA8FY1Q2-5,91330212MA8FY1Q25F,
,,,,,宁波铂尚数字科技有限公司,,57053401-2,91330211570534012U,
,,,,,宁波万丰珠宝首饰有限公司,,MA2GT29C-4,91330212MA2GT29C47,
,,,,,宁波市鄞州区荟诚餐饮有限公司,,MAD62T5R-9,91330212MAD62T5R9B,
,,,,,宁波君仕壕图文广告有限公司,,MA2J6JHY-9,91330201MA2J6JHY9N,
,,,,,宁波意上一餐饮管理有限公司,,MA2CL4QE-7,91330212MA2CL4QE7D,
,,,,,宁波市鄞州文琪商贸有限公司,,55799695-X,9133021255799695XK,
,,,,,宁波高新区元磊奶茶店,,MA2H53QG-8,92330201MA2H53QG83,
,,,,,宁波市鄞州福明多金小餐饮店,,MACYDNFG-X,92330212MACYDNFGXM,
,,,,,上海星巴克咖啡经营有限公司宁波鄞州华茂悦峰北门店,,MACMTFY3-9,91330212MACMTFY39D,
,,,,,宁波高新区面道赞面馆,,MA2J6LW5-2,92330201MA2J6LW521,
,,,,,宁波拉琪亚珠宝有限公司,,MA28114K-5,91330201MA28114K5R,
,,,,,宁波市鄞州东钱湖小野包装加工店,,MAC00X8D-6,92330212MAC00X8D64,
,,,,,宁波市鄞州咸祥乐居家纺店,,MA29127Q-7,92330212MA29127Q7T,
,,,,,宁波高新区毛春波饮品店,,MA2CH5DM-0,92330201MA2CH5DM0F,
,,,,,宁波数字传媒有限公司,,59538079-3,91330200595380793Q,
,,,,,宁波东和美晟贸易有限公司,,MAC18CHF-7,91330212MAC18CHF75,
,,,,,宁波鄞州梵境健康管理有限公司,,MA2AJFQ1-8,91330212MA2AJFQ18X,
,,,,,宁波高新区旭昌汽车租赁有限公司,,73213913-9,91330203732139139B,
,,,,,杭州肯德基有限公司宁波彩虹分店,,74496580-9,91330204744965809U,
,,,,,宁波夔门集装箱租赁有限公司,,MA2J7GNL-8,91330201MA2J7GNL8Y,
,,,,,宁波市鄞州城市之光广告有限公司,,68801415-1,91330212688014151K,
,,,,,宁波高新区方泽租赁服务部,,MAC20NG1-3,92330201MAC20NG13G,
,,,,,宁波东钱湖旅游度假区汲古茶室,,MA2KN04N-8,92330201MA2KN04N8T,
,,,,,宁波古宾诗纸业有限公司,,MA2H5ETT-3,91330212MA2H5ETT3R,
,,,,,宁波恒娱文化工作室,,MA7BC5PF-0,91330225MA7BC5PF0K,
,,,,,象山和霖文化传媒工作室,,MA2CJR44-7,92330225MA2CJR447H,
,,,,,象山县石浦晶都文具店,,MA2CLKLW-6,92330225MA2CLKLW66,
,,,,,象山玉竹阁足浴店,,MA2GRTWB-5,92330225MA2GRTWB5J,
,,,,,象山炫光影动文化传媒工作室,,MA2J4G09-7,92330225MA2J4G0972,
,,,,,象山县墙头双华棋牌室,,MACQ3W3K-9,92330225MACQ3W3K90,
,,,,,象山花岙仙岛旅游景区开发有限公司,,72408757-8,91330225724087578Y,
,,,,,象山隆滔文化传媒工作室,,MA28YJJT-3,92330225MA28YJJT3B,
,,,,,象山蓝奇咖啡店,,MA2CLQMM-7,92330225MA2CLQMM7U,
,,,,,象山滨海假日农庄,,73211257-7,91330225732112577R,
,,,,,浙江优原创影业有限公司,,MA292QX9-4,91330225MA292QX94K,
,,,,,象山博程广告设计工作室,,MA7CN4QD-9,92330225MA7CN4QD9Q,
,,,,,象山然然奶茶店,,MABQQ1HF-6,92330225MABQQ1HF6B,
,,,,,象山石浦阿超工艺品店,,MACUDGHU-4,92330225MACUDGHU4N,
,,,,,象山竟色视觉文化传媒工作室,,MA2CK52T-4,92330225MA2CK52T4T,
,,,,,象山栩筱影视文化工作室,,MA2CKQYY-6,92330225MA2CKQYY6D,
,,,,,宁波依汝影视文化有限公司,,MA2J5EHE-6,91330225MA2J5EHE61,
,,,,,象山大艾窗帘店,,MA2H7MRQ-9,92330225MA2H7MRQ9E,
,,,,,象山莲映影视文化工作室,,MA2J55LG-3,92330225MA2J55LG3N,
,,,,,象山响茂园饭店,,MA2CJW90-X,92330225MA2CJW90XK,
,,,,,象山石浦晓美足浴店,,MABT5PEW-X,92330225MABT5PEWX0,
,,,,,象山凤舞九剑太极馆,,MA2J7UHY-4,92330225MA2J7UHY4M,
,,,,,象山新桥和逸客栈,,MA2CHLEP-5,92330225MA2CHLEP5U,
,,,,,宁波象保合作区乐乙影视工作室,,MA2CHU8W-9,92330201MA2CHU8W95,
,,,,,象山石浦牧汐民宿,,MA2GTKC1-2,92330225MA2GTKC129,
,,,,,宁波道德贸易有限公司,,MA2CHQDN-6,91330201MA2CHQDN6F,
,,,,,象山唐吉可得文化传媒有限公司,,MA2H7587-6,91330225MA2H75876J,
,,,,,象山清泉映画文化传媒工作室,,MA2J4K33-8,92330225MA2J4K338M,
,,,,,象山善道文化传媒工作室,,MA2H6HCT-9,92330225MA2H6HCT92,
,,,,,象山菡斯文化传媒工作室,,MA2J4LMX-7,92330225MA2J4LMX7T,
,,,,,象山海盗船影视文化工作室,,MA7MFAF3-9,92330225MA7MFAF39P,
,,,,,象山青姨餐厅,,MA2AJHYC-4,92330225MA2AJHYC45,
,,,,,象山耀眼影视文化工作室,,MA2J4G2Y-4,92330225MA2J4G2Y4R,
,,,,,象山天玺璧合影视文化有限公司,,MA2GT3JG-3,91330225MA2GT3JG3D,
,,,,,宁波小影文化传媒有限公司,,MABUF2E0-0,91330225MABUF2E00L,
,,,,,象山平业文化传媒工作室,,MA2KN1MR-8,92330225MA2KN1MR8E,
,,,,,宁波视文眼镜有限公司,,MACP0DB1-5,91330225MACP0DB15B,
,,,,,象山立帆影视文化工作室,,MA7CBJD3-X,92330225MA7CBJD3XX,
,,,,,象山足逸足浴店,,MA2GTKKD-1,92330225MA2GTKKD1A,
,,,,,宁波迦乐文化传媒有限公司,,MACTCM3L-1,91330225MACTCM3L1K,
,,,,,丽氏影视传媒（象山）有限公司,,MA2KQDLX-X,91330225MA2KQDLXX7,
,,,,,象山栽云种月文化传媒工作室（个体工商户）,,MAD6PRMW-8,92330225MAD6PRMW89,
,,,,,象山云霞足浴店（个体工商户）,,MA7AT35T-4,92330225MA7AT35T4D,
,,,,,象山深泉文化传媒工作室,,MA2GRQ06-2,92330225MA2GRQ062N,
,,,,,宁波星嘉影业有限公司,,MA2H7436-3,91330225MA2H74363L,
,,,,,宁波恒馨檀香文化有限公司,,MA2H6HGQ-X,91330225MA2H6HGQXP,
,,,,,象山县丹西颖颖餐饮店,,MA7CC38M-5,92330225MA7CC38M55,
,,,,,象山子十影视文化工作室,,MA2J7C8H-9,92330225MA2J7C8H98,
,,,,,象山定塘香满园棋牌室,,MACTNDCY-0,92330225MACTNDCY0E,
,,,,,宁波象保合作区孙军影视制作工作室,,MA2AJ70R-3,92330201MA2AJ70R34,
,,,,,宁波橡缘花文化传播有限公司,,MAD65756-3,91330225MAD657563X,
,,,,,象山浦浦挖机租赁服务部,,MA2GUCBM-1,92330225MA2GUCBM1A,
,,,,,象山正鑫影视文化工作室,,MA2GUC7G-7,92330225MA2GUC7G71,
,,,,,象山吴金苗工程机械设备租赁服务部,,MA2GTGEG-7,92330225MA2GTGEG7X,
,,,,,象山森盛文化传媒工作室,,MACYQELR-4,92330225MACYQELR44,
,,,,,象山昌华影视文化工作室,,MA2GTHQH-4,92330225MA2GTHQH4M,
,,,,,象山县定塘阿志挖机租赁服务部,,MA2CLA0Q-6,92330225MA2CLA0Q6F,
,,,,,象山守望者文化传媒工作室,,MA2AHQWD-3,92330225MA2AHQWD3J,
,,,,,象山县博锐特艺术培训有限公司,,MABUGQF9-1,91330225MABUGQF91D,
,,,,,象山度渡文化传媒工作室,,MA7C9H4T-9,92330225MA7C9H4T9X,
,,,,,象山石浦海岛休闲渔业有限公司,,66558161-2,91330225665581612G,
,,,,,象山歌谣文化传媒工作室,,MA2J4X3Y-7,92330225MA2J4X3Y7N,
,,,,,象山誉驰汽车租赁有限公司,,MAD5XYKH-4,91330225MAD5XYKH49,
,,,,,象山杨山红工程机械设备租赁服务部,,MA2GU287-2,92330225MA2GU2872M,
,,,,,宁波马奔天下文化发展有限公司,,MABW28AR-3,91330225MABW28AR3A,
,,,,,象山丹城港城香烟店,,MA2ELC4X-6,92330225MA2ELC4X6Y,
,,,,,象山有墨文化传媒工作室,,MA2J5N7G-3,92330225MA2J5N7G3P,
,,,,,象山新桥立峰挖机租赁服务部,,MA2CL9Y5-8,92330225MA2CL9Y585,
,,,,,象山县新树人传媒有限公司,,MA2H5JQL-2,91330225MA2H5JQL2W,
,,,,,象山爵溪天武火锅店,,MA7D4Y12-9,92330225MA7D4Y129X,
,,,,,象山九一轻食餐饮店,,MA2GWMBF-2,92330225MA2GWMBF20,
,,,,,象山笑芳钢管租赁部,,MA7HP7JA-3,91330225MA7HP7JA3E,
,,,,,象山风影翼文化传媒工作室,,MA2GT7W6-5,92330225MA2GT7W65U,
,,,,,象山珊潇灵文化传媒工作室,,MABXBK6E-4,92330225MABXBK6E40,
,,,,,象山走点湾路民宿有限公司,,MA2GUANQ-5,91330225MA2GUANQ5W,
,,,,,象山古月民宿,,MA2J6UDY-3,92330225MA2J6UDY34,
,,,,,象山象来向往民宿（个体工商户）,,MAD7F6AJ-4,92330225MAD7F6AJ4F,
,,,,,宁波可璐广告工作室,,MA7B1PGQ-8,91330225MA7B1PGQ8T,
,,,,,象山俊杰健康产业发展有限公司,,MA2GQ1G7-9,91330225MA2GQ1G79D,
,,,,,象山福林影视文化工作室,,MA284NBW-4,92330225MA284NBW4C,
,,,,,象山定塘山沟沟农家客栈,,MA2EL68X-5,92330225MA2EL68X57,
,,,,,象山茹斐影视文化工作室,,MA2H78XE-0,92330225MA2H78XE01,
,,,,,象山一伟广告工作室,,MA2AFGC4-4,92330225MA2AFGC448,
,,,,,象山仁安针织辅料有限公司,,MA2CM1E6-2,91330225MA2CM1E62R,
,,,,,象山启智企业管理咨询服务部,,MA2KPM98-8,92330225MA2KPM9881,
,,,,,象山优步易行二手车经纪有限公司,,MA2AE2D5-5,91330225MA2AE2D558,
,,,,,象山鑫欣饭店,,MA2EL856-0,92330225MA2EL8560D,
,,,,,象山源明振跃文化传媒工作室,,MA2H5GFC-0,92330225MA2H5GFC0R,
,,,,,象山圆满家族影视文化有限公司,,MA291XK2-8,91330225MA291XK28C,
,,,,,宁波雪云影业有限公司,,MA2KNDEC-7,91330201MA2KNDEC77,
,,,,,象山静华布店,,MA7H9M49-3,92330225MA7H9M493K,
,,,,,象山爱峰广告工作室,,MACXX53W-3,92330225MACXX53W3N,
,,,,,象山石浦星耀台球俱乐部,,MABUUD1T-7,92330225MABUUD1T7L,
,,,,,浙江尚威影业发展有限公司,,MA7BDPX8-4,91330225MA7BDPX84L,
,,,,,象山龙宫旅游文化发展有限公司,,69139971-8,91330225691399718J,
,,,,,象山逸康足浴店,,MA2J6UH8-6,92330225MA2J6UH86D,
,,,,,宁波逢源农业旅游开发有限公司,,MA2H4XNC-2,91330225MA2H4XNC21,
,,,,,余姚市丈亭镇月娣服装店,,MA2EP59Y-9,92330281MA2EP59Y9D,
,,,,,余姚市寰球娱乐有限公司,,58398442-6,913302815839844262,
,,,,,宁波久格机械设备租赁有限公司,,MA2J7U41-1,91330281MA2J7U411T,
,,,,,余姚市星起点体育文化发展有限公司,,MA2H589U-8,91330281MA2H589U8C,
,,,,,余姚蔓式瑜伽馆,,MA2KP8AA-2,92330281MA2KP8AA2B,
,,,,,余姚市汤德忠棋牌室,,MA2EP816-7,92330281MA2EP8167N,
,,,,,余姚市棉的良品家居布艺有限公司,,MA2AE09G-4,92330281MA2AE09G4B,
,,,,,余姚市湘竹居湘菜馆,,MA2AHRK2-X,92330281MA2AHRK2XY,
,,,,,余姚市军灿工艺品厂（普通合伙）,,07145471-2,91330281071454712A,
,,,,,余姚市裕兴帐篷厂,,MA2GU9AU-2,92330281MA2GU9AU2B,
,,,,,余姚市民航售票处江南营业部,,MA8FWQAP-9,91330281MA8FWQAP9N,
,,,,,余姚楠楠饭店,,MA2GQF8L-0,92330281MA2GQF8L0N,
,,,,,余姚市星杰网吧,,08477131-1,91330281084771311N,
,,,,,余姚市海峡国际旅行社有限公司,,57054033-2,913302815705403326,
,,,,,宁波天鹰建筑工程有限公司,,MA2CHWMX-1,91330281MA2CHWMX1D,
,,,,,宁波弘驰运动用品有限公司,,58746505-X,9133028158746505X9,
,,,,,宁波稻米装饰设计有限公司,,MA2H7CAT-8,91330281MA2H7CAT8D,
,,,,,余姚市林枫票务代理服务部,,MA2GR9LC-9,92330281MA2GR9LC9T,
,,,,,余姚市城区骆氏兄弟彩扩部,,MA2EP58Y-2,92330281MA2EP58Y22,
,,,,,余姚市爱多棋牌室,,MA2ENAF8-7,92330281MA2ENAF87Y,
,,,,,余姚黑白间棋牌室（个体工商户）,,MAD5L7EQ-0,92330281MAD5L7EQ0U,
,,,,,余姚市公路运输有限公司站场经营分公司,,MA8FXH5G-4,91330281MA8FXH5G4Q,
,,,,,宁波潮信文化传媒有限公司,,MACNMC9F-2,91330281MACNMC9F21,
,,,,,余姚市城区爱欣文化用品经营部,,75037521-5,91330281750375215G,
,,,,,余姚大世界国际旅行社有限公司方桥门市部,,MA2CH37A-9,91330281MA2CH37A9E,
,,,,,余姚市羲之艺术培训有限公司,,MA2CH9EU-3,91330281MA2CH9EU3G,
,,,,,余姚市亿科工艺品厂,,MA2CMRFM-0,92330281MA2CMRFM06,
,,,,,余姚精进文化传播有限公司,,MA2CKJ93-4,91330281MA2CKJ934Y,
,,,,,余姚市建迪饭店,,MA2H7FCW-3,92330281MA2H7FCW3X,
,,,,,余姚市旭诚企业管理咨询服务部,,MA7CXGA3-2,92330281MA7CXGA329,
,,,,,余姚市姚东乐器配件厂,,MA2GUD2R-8,92330281MA2GUD2R8B,
,,,,,宁波市镱创广告传媒有限公司,,MA281U8D-2,91330281MA281U8D2Q,
,,,,,浙江臣歌文化旅游有限公司,,MA2H43AQ-2,91330281MA2H43AQ2G,
,,,,,余姚市甬上老屋川味餐厅,,MA29086H-8,92330281MA29086H8J,
,,,,,余姚市济仁书苑（普通合伙）,,MA281JN6-0,91330281MA281JN60R,
,,,,,余姚市白素真护肤品店,,MA2H542R-8,92330281MA2H542R8J,
,,,,,宁波炬薪文化传媒有限公司,,MAC4DUB5-6,91330281MAC4DUB56E,
,,,,,余姚市尖庭平面设计工作室,,MA2CM1EK-7,92330281MA2CM1EK7N,
,,,,,余姚市华馨棋牌室,,MA2J4QPB-X,92330281MA2J4QPBXP,
,,,,,余姚市低塘金萍酒家,,MA2EP48K-5,92330281MA2EP48K5Q,
,,,,,向南向北软装设计（宁波）有限公司,,MA2KQ2GN-6,91330281MA2KQ2GN6M,
,,,,,余姚市锐然工艺品厂,,MA28D2GA-8,91330782MA28D2GA86,
,,,,,余姚市林哥牛味馆,,MACXW7B8-8,92330281MACXW7B88Q,
,,,,,杭州肯德基有限公司余姚泗门分店,,79602172-X,9133028179602172XA,
,,,,,余姚市半日闲工艺品设计工作室,,MA2KQKAL-0,92330281MA2KQKAL0N,
,,,,,浙江鑫得保智能机械有限公司,,MA2J4M7P-9,91330281MA2J4M7P9Q,
,,,,,余姚市联恒广告传媒有限公司,,05381080-8,913302810538108088,
,,,,,余姚市逸书工艺品店,,MA2J7DBU-7,92330281MA2J7DBU7P,
,,,,,余姚市诺杭档案服务有限公司,,MA2AERCM-6,91330281MA2AERCM6F,
,,,,,余姚市银帘布艺店,,MA2CLP8B-5,92330281MA2CLP8B5D,
,,,,,余姚市杰茂纸业有限公司,,07922797-9,91330281079227979C,
,,,,,余姚市乾鸿珠宝行,,MA2CHBGC-4,92330281MA2CHBGC4T,
,,,,,余姚市杰仕广告装饰工程有限公司,,55795694-X,9133028155795694XH,
,,,,,余姚市博金广告有限公司,,58396201-6,91330281583962016C,
,,,,,余姚市余姚镇小荷书店,,MA2EP4QG-7,92330281MA2EP4QG7N,
,,,,,浙江天天商旅国际旅行社有限公司余姚金茂商都门市部,,MA8FXK8F-3,91330281MA8FXK8F34,
,,,,,余姚市芳凯餐馆（个体工商户）,,MAD2JFYF-6,92330281MAD2JFYF6J,
,,,,,余姚市金源棋牌室,,MA2J45L6-6,92330281MA2J45L661,
,,,,,宁波杰森工艺品有限公司,,05829278-X,9133028105829278XP,
,,,,,余姚市宣国芬快餐店,,MA2EPK46-9,92330281MA2EPK469D,
,,,,,余姚市城区林氏家电商行,,MA2ENL6T-1,92330281MA2ENL6T14,
,,,,,余姚市沁尚餐饮服务有限公司,,MABYQ54U-4,91330281MABYQ54U4A,
,,,,,余姚市陈小囡麻辣烫店,,MA2KP1MJ-3,92330281MA2KP1MJ3J,
,,,,,余姚市爱军家常菜馆,,MA2GWDN5-2,92330281MA2GWDN52D,
,,,,,余姚市钰琦美术培训有限公司,,MA2H5TAY-4,91330281MA2H5TAY4T,
,,,,,余姚市凯迪文印社,,MA2ENPBE-1,92330281MA2ENPBE1R,
,,,,,余姚市豫川饭店,,MA2GUU29-7,92330281MA2GUU297W,
,,,,,余姚市阿台家常菜馆,,MA2AFL24-4,92330281MA2AFL244F,
,,,,,余姚市俊浩棋牌室,,MA2CHC5W-0,92330281MA2CHC5W0P,
,,,,,余姚市红阳武术馆,,MA283JM3-0,92330281MA283JM30D,
,,,,,余姚市文君饭店,,MA2EPR0J-9,92330281MA2EPR0J9E,
,,,,,余姚市高桥网吧,,MA293A8J-9,91330281MA293A8J9T,
,,,,,宁波吉风日用品有限公司,,MA2CHJ57-5,91330200MA2CHJ575M,
,,,,,余姚乡伴旅游发展有限公司,,MA282QER-X,91330281MA282QERXW,
,,,,,余姚市建标大酒店有限公司,,78430752-8,913302817843075283,
,,,,,余姚市非鱼网络设计有限公司,,MA2EPYJG-4,92330281MA2EPYJG47,
,,,,,宁波梓鑫汽车服务有限公司,,MA2AHU8D-1,91330281MA2AHU8D1N,
,,,,,余姚市奇天乐器厂（普通合伙）,,78430108-9,91330281784301089L,
,,,,,宁波新亿广告装饰有限公司,,MA2925LJ-2,91330281MA2925LJ2D,
,,,,,余姚市仕芬网吧,,MA2900JM-X,91330281MA2900JMX5,
,,,,,余姚市城区繁荣照相店,,MA291UFF-4,92330281MA291UFF48,
,,,,,余姚市善艺广告工作室,,MA2H85E0-2,92330281MA2H85E02Q,
,,,,,余姚市迪丽餐饮服务有限公司,,MA2J3HRD-9,91330281MA2J3HRD90,
,,,,,余姚启维艺术培训有限公司,,MA2KN4HJ-9,91330281MA2KN4HJ9F,
,,,,,余姚市靓妍化妆品店,,MA2GQ40R-9,92330281MA2GQ40R9T,
,,,,,余姚市国年广告材料经营部,,MA2EPH41-X,92330281MA2EPH41XP,
,,,,,宁波市嘉千文化传媒有限公司,,MA2H820U-0,91330281MA2H820U0C,
,,,,,余姚市泗门靓丽今生化妆品店,,MA2EP0X9-3,92330281MA2EP0X93J,
,,,,,余姚市薇静建筑扣件经营部,,MA2EPRAP-1,92330281MA2EPRAP1K,
,,,,,余姚市欢乐谷电子游戏室,,67767922-X,9133028167767922XL,
,,,,,宁波吟秋广告有限公司,,MA282507-X,91330281MA282507XH,
,,,,,余姚市新江南温泉洗浴中心（普通合伙）,,MA8G05X4-2,91330281MA8G05X42R,
,,,,,余姚市慈云茶馆,,MA2AFJ4W-0,92330281MA2AFJ4W0Q,
,,,,,余姚市兴凯工业设计有限公司,,MA7GTKX9-0,91330281MA7GTKX901,
,,,,,余姚市易佰汽车租赁有限公司,,MA281N6T-1,91330281MA281N6T1K,
,,,,,余姚市惠芳钟表店,,MA2J6BCE-1,92330281MA2J6BCE17,
,,,,,余姚市顺霞大食堂,,MA2843D0-0,92330281MA2843D008,
,,,,,宁海县岔路镇葛家面馆,,MA2KQJDB-5,92330226MA2KQJDB52,
,,,,,宁海县阿忠文具店,,MA2EMEF3-1,92330226MA2EMEF31P,
,,,,,宁海肖岭机械设备租赁服务部,,MA2J49X7-1,92330226MA2J49X71X,
,,,,,宁海县青艺越剧团,,MA2CM1YJ-6,92330226MA2CM1YJ6Q,
,,,,,宁海县集益文化用品有限公司,,MA7DQG57-6,91330226MA7DQG576P,
,,,,,宁海明杰商务代理代办服务部,,MACE2BD8-0,92330226MACE2BD80K,
,,,,,宁海县郑敏娜化妆品店,,MA2CLJHN-4,92330226MA2CLJHN40,
,,,,,宁海纪伟机械设备租赁部,,MA2AHJKL-3,92330226MA2AHJKL3R,
,,,,,宁海京盾文化传播有限公司,,MA2GT76E-5,91330226MA2GT76E5Q,
,,,,,宁海森林温泉度假村有限公司,,79604566-8,91330226796045668F,
,,,,,宁海陆潮餐厅,,MA2J5L7U-2,92330226MA2J5L7U20,
,,,,,宁海县群霞护肤品店,,MA2CLG43-X,92330226MA2CLG43XH,
,,,,,宁海京明专业设计服务部,,MACMYF4J-6,92330226MACMYF4J65,
,,,,,宁海优客模具设计工作室,,MA2J7E1Q-3,92330226MA2J7E1Q32,
,,,,,宁波木禾旅游发展有限公司,,MA7NGG4H-6,91330226MA7NGG4H6M,
,,,,,宁波市华正信息技术有限公司,,77232206-9,913302267723220696,
,,,,,宁波登临文具有限公司,,MA2H75JC-7,91330226MA2H75JC72,
,,,,,宁波赞一赞商贸有限公司,,MAD6GB1R-0,92330226MAD6GB1R0Y,
,,,,,宁海县长街俞选唐民宿,,MA291GQ4-6,92330226MA291GQ462,
,,,,,宁海县梅林乐根坊根雕艺术设计工作室,,MA2EMPGU-9,92330226MA2EMPGU90,
,,,,,宁波昊翔航空票务有限公司,,MA2GWE3G-8,91330226MA2GWE3G85,
,,,,,宁海县爱德文具有限公司,,14496579-2,91330226144965792H,
,,,,,宁海县胡庆华餐馆,,MA28YB56-4,92330226MA28YB564U,
,,,,,宁波永申航空票务有限公司,,MA2GWRTA-X,91330226MA2GWRTAX2,
,,,,,宁海信禾文化传媒工作室,,MACXUDA6-0,92330226MACXUDA607,
,,,,,宁海县力洋镇心怡网吧,,66555190-7,913302266655519077,
,,,,,宁海廊桥饭店,,MA2CKWM1-6,92330226MA2CKWM16P,
,,,,,宁海县戴秀常文化传媒工作室,,MABP221B-2,92330226MABP221B2Q,
,,,,,宁海荭萱化妆品商行,,MA290AXL-8,92330226MA290AXL82,
,,,,,宁海林涛工艺品厂,,MA2GU8HP-3,92330226MA2GU8HP36,
,,,,,宁海县胡静货物托运代理点,,MA2H7A2L-6,92330226MA2H7A2L6D,
,,,,,宁海县跃龙街道宝通电子游戏厅,,MA2EMMFH-8,92330226MA2EMMFH8E,
,,,,,宁波金稳文化传媒有限公司,,MA293ER7-2,91330226MA293ER72J,
,,,,,宁海联亿国际展览有限公司,,69824301-1,91330226698243011A,
,,,,,宁波凯力悦户外用品有限公司,,MA2J3BH3-7,91330226MA2J3BH372,
,,,,,宁海康安文化传媒有限公司,,MA2GTRM3-1,91330226MA2GTRM318,
,,,,,宁海县嘉亮餐馆,,MA28Y32U-X,92330226MA28Y32UX4,
,,,,,宁海山有文化传媒工作室,,MACMHYGF-9,92330226MACMHYGF97,
,,,,,宁海县深甽慧民家政服务中心,,MA2EMFW1-6,92330226MA2EMFW166,
,,,,,宁海县三艺木雕工艺品店,,MA291A38-6,92330226MA291A386K,
,,,,,宁海县宇福市场营销策划服务部,,MA2GU2Y7-8,92330226MA2GU2Y78K,
,,,,,宁波美高文具有限公司,,MA2CH2LQ-6,91330226MA2CH2LQ6H,
,,,,,宁海西店飞义餐饮店,,MA2H5R8N-6,92330226MA2H5R8N6E,
,,,,,宁海宝皇汽车销售服务有限公司,,67766869-4,91330226677668694H,
,,,,,宁海县鑫隆源宾馆,,MA2EMCP6-4,92330226MA2EMCP643,
,,,,,宁海萌之兔语文化传媒有限公司,,MAC4TF4A-9,91330226MAC4TF4A9E,
,,,,,宁海县万佳宾馆,,MA2EMUD7-5,92330226MA2EMUD75T,
,,,,,宁波贝儿乐休闲用品有限公司,,MACB5QKH-3,91330226MACB5QKH3Q,
,,,,,宁海鼎泰汽车租赁有限公司,,MA2GRPW5-5,91330226MA2GRPW558,
,,,,,宁海弘艺越剧团,,31699127-7,91330226316991277R,
,,,,,宁海俞桐里民宿,,MA2H5Q32-X,92330226MA2H5Q32XD,
,,,,,宁海县喜气洋洋艺术培训有限公司梅林分公司,,MA2CK2E9-9,91330226MA2CK2E99Q,
,,,,,宁海县迈豪饭店,,MA2GUJ1M-7,92330226MA2GUJ1M7X,
,,,,,宁海县启鸿图文设计服务部,,MA2KPRU4-2,92330226MA2KPRU42U,
,,,,,宁海县凯凯模塑厂,,76854277-1,91330226768542771X,
,,,,,宁海燕山物业服务有限公司,,MA2CHTX2-X,91330226MA2CHTX2XJ,
,,,,,宁海县思蜀川菜馆,,MA2CMPJQ-3,92330226MA2CMPJQ3G,
,,,,,宁海县陈中松棋牌室,,MACU2YXH-9,92330226MACU2YXH9E,
,,,,,宁海方润广告设计工作室（个体工商户）,,MAD2YW1L-3,92330226MAD2YW1L30,
,,,,,浙江华严文化传播有限公司宁海营业部,,MA2CMTP1-8,91330226MA2CMTP18D,
,,,,,宁海县晶瑜电子商务商行,,MA2J7NJ6-9,92330226MA2J7NJ69C,
,,,,,宁海鑫汇餐饮管理有限公司,,MABTRLH8-1,91330226MABTRLH81C,
,,,,,宁海县开天照相器材商行,,MA2J3RTJ-8,92330226MA2J3RTJ8R,
,,,,,宁海县劲锐文具厂,,MA2CKTC0-6,91330226MA2CKTC068,
,,,,,宁海岚风广告设计工作室,,MAC5R5DT-4,92330226MAC5R5DT42,
,,,,,宁波芈可文化传媒有限公司,,MA2GUH3A-6,91330226MA2GUH3A6N,
,,,,,宁海县满珍大酒店赵家分店,,MA2J3DB5-0,91330226MA2J3DB50T,
,,,,,宁海川木装饰设计服务部,,MA2GWY1H-8,92330226MA2GWY1H8B,
,,,,,宁海县一鼎汽车服务有限公司,,56389317-2,91330226563893172Y,
,,,,,宁海县葛民辉挖机租赁服务部,,MA2GTHX1-8,92330226MA2GTHX18C,
,,,,,宁海县仁泽机械设备租赁服务部,,MA2CJ1TG-3,92330226MA2CJ1TG3F,
,,,,,宁波索图餐饮管理有限公司,,MA7HUK95-1,91330226MA7HUK9514,
,,,,,宁海县桥头胡鑫意浴室,,MA2AF3NP-0,92330226MA2AF3NP0Q,
,,,,,宁海京普企业管理咨询服务部,,MACNND9U-3,92330226MACNND9U3P,
,,,,,宁海县海小塘餐饮有限公司,,MACTEMHJ-5,91330226MACTEMHJ5B,
,,,,,宁海李永豹餐厅,,MA2GQ1KC-5,92330226MA2GQ1KC5J,
,,,,,宁海县双陈快餐店,,MA293KJ3-5,92330226MA293KJ351,
,,,,,宁波传世健身器材有限公司,,76148688-5,91330226761486885Y,
,,,,,宁海县西店霞芳烘焙店,,MA2H5EDY-2,92330226MA2H5EDY27,
,,,,,宁海腾跃广告策划有限公司,,MA2H5KNP-9,91330226MA2H5KNP90,
,,,,,宁波新文书报刊经营有限公司大庆南路报刊亭,,MA28YDE1-6,91330205MA28YDE164,
,,,,,宁波莱玛广告有限公司,,34047297-9,913302053404729796,
,,,,,浙江天天商旅国际旅行社有限公司宁波慈城门市部,,57052698-7,91330205570526987N,
,,,,,宁波江北嘉运机械设备安装服务部（个体工商户）,,MACL3PXP-7,92330225MACL3PXP73,
,,,,,宁波市江北星晋饮品店,,MA2AEDDF-7,92330205MA2AEDDF76,
,,,,,宁波融悦出行汽车租赁有限公司,,MA281X7J-3,91330205MA281X7J3P,
,,,,,浙江龙吟大江户餐饮管理有限公司宁波万象城名炙烤肉店,,MA2J5KDH-1,91330205MA2J5KDH13,
,,,,,宁波光网文化发展有限公司,,MA284TPN-6,91330212MA284TPN6M,
,,,,,宁波市江北梦紫阳标牌制作服务部,,MA29075X-X,92330205MA29075XX1,
,,,,,宁波市江北外滩老字号文化展示有限公司,,58745553-X,9133020558745553XR,
,,,,,宁波市江北美吉家居用品有限公司,,78675468-X,9133020578675468XM,
,,,,,宁波国际旅行社有限公司第一分公司,,79954894-9,91330212799548949D,
,,,,,宁波富广芬纸业有限公司,,MA2H5MF5-X,91330205MA2H5MF5XL,
,,,,,宁波江北易安汽车租赁有限公司,,MA282H43-5,91330205MA282H435E,
,,,,,宁波市江北荟宝化妆品店,,MA2H7KY9-9,92330205MA2H7KY99X,
,,,,,宁波江北燃金餐饮店,,MABWX7Q0-0,92330205MABWX7Q00E,
,,,,,宁波市江北亚州日湖会餐饮娱乐有限公司,,79301941-3,913302057930194135,
,,,,,宁波市江北区松风桧语设计工作室,,MA7L13U7-0,91330205MA7L13U70N,
,,,,,宁波市江北明而达眼镜店,,MA2AH1JD-2,92330205MA2AH1JD2H,
,,,,,宁波江北达膳餐饮有限公司,,MA2831BX-7,91330205MA2831BX7B,
,,,,,宁波那一野向日葵艺术培训有限公司,,MA2CHN9K-8,91330205MA2CHN9K87,
,,,,,宁波市江北晨浠广告服务部,,MA2J44D8-9,92330205MA2J44D89B,
,,,,,宁波市江北声韵电子有限公司,,58747144-1,913302055874714411,
,,,,,宁波梓盛数字文化有限公司,,MACEGH8T-3,91330205MACEGH8T3G,
,,,,,宁波云酷科技有限公司,,MA2AH5D8-4,91330205MA2AH5D846,
,,,,,宁波文浩商业管理有限公司,,MA7M866E-2,91330205MA7M866E2B,
,,,,,宁波经济技术开发区恒信贸易发展有限公司江北办事处,,MA2938UJ-3,91330205MA2938UJ3K,
,,,,,宁波子曦文化传播有限公司,,MA8FW60B-6,91330205MA8FW60B64,
,,,,,昇雁（宁波）珠宝有限公司,,MA290D06-3,91330205MA290D063T,
,,,,,宁波威成文化传媒有限公司,,69507483-0,913302016950748306,
,,,,,宁波嘉明汽车服务有限公司,,MA2J4U24-7,91330205MA2J4U247U,
,,,,,宁波市江北慈城素娇面馆,,MA2H5CWP-4,92330205MA2H5CWP4F,
,,,,,宁海君临天下旅行社有限公司江北洪塘门市部,,MAD7F76J-1,91330205MAD7F76J1T,
,,,,,宁波华臻旭艺文化传媒有限公司,,MAC776D4-5,91330212MAC776D459,
,,,,,锦鲤（宁波市）艺术培训有限公司,,MA2CKHKA-6,91330205MA2CKHKA6U,
,,,,,宁波郎真文化有限公司,,MA2H4WGL-9,91330205MA2H4WGL9N,
,,,,,浙江省电信实业集团有限公司宁波市分公司,,78432300-X,9133020578432300X6,
,,,,,宁波江北崔宇办公用品经营部,,MA2J764A-X,92330205MA2J764AXX,
,,,,,浙江同生人力资源管理服务有限公司宁波江北餐饮分公司,,MACNNDW1-2,91330205MACNNDW12B,
,,,,,宁波市普世达泳池用品有限公司,,67124373-2,91330205671243732A,
,,,,,宁波新文书报刊经营有限公司日湖公园报刊亭,,MA28YDEN-6,91330205MA28YDEN6R,
,,,,,宁波市江北原时烤肉店,,MA2GUJLX-4,92330205MA2GUJLX4B,
,,,,,宁波市江北宁宁小吃店,,MA2AJC7P-5,92330205MA2AJC7P5X,
,,,,,宁波江北区安沁市场营销策划服务部,,MABMJQUK-6,92330205MABMJQUK69,
,,,,,宁波市江北一丰钢管租赁站,,MA2GQ3YB-1,92330205MA2GQ3YB1L,
,,,,,宁波寰普企业管理有限公司,,MAC43PYD-X,91330205MAC43PYDXD,
,,,,,宁波琦玉广告传媒有限公司,,MA2H5AYA-9,91330205MA2H5AYA9H,
,,,,,宁波天越房地产营销策划有限公司,,MA284HPF-8,91330205MA284HPF8F,
,,,,,宁波江北岳宝洋餐饮店（个体工商户）,,MA2EM82M-8,92330205MA2EM82M8D,
,,,,,宁波恒升广告有限公司,,MA2AFL8F-2,91330212MA2AFL8F2U,
,,,,,宁波市江北盛行教育信息咨询有限公司,,MA2CHUGU-3,91330205MA2CHUGU3U,
,,,,,宁波市江北常洪大酒店有限公司,,76149539-4,91330205761495394K,
,,,,,宁波市江北鹏弘汽车租赁有限公司,,66558699-0,91330205665586990Q,
,,,,,宁波温暖之家助农产业发展有限公司,,MAC6EXBL-2,91330205MAC6EXBL2T,
,,,,,宁波市江北麦雷顿斯贸易有限公司,,31692970-5,91330205316929705Y,
,,,,,宁波江北心野餐厅,,MABWF0T6-1,92330205MABWF0T614,
,,,,,宁波市江北慈城大光明眼镜店,,MA2832N6-5,92330205MA2832N650,
,,,,,宁波市江北新丰盛珠宝行,,MA2901EF-3,92330205MA2901EF3R,
,,,,,宁波江北怡情轩棋牌室,,MA2KPHFB-7,92330205MA2KPHFB77,
,,,,,宁波市普世达泳池用品有限公司,,67124373-2,91330205671243732A,
,,,,,宁波市江北慈城慈一饭店,,MA2ELW5B-7,92330205MA2ELW5B7R,
,,,,,宁波江北南日星召文艺创作工作室,,MABMBEG9-0,92330205MABMBEG90F,
,,,,,宁波恒耀商务服务有限公司,,MA7JYBJ0-3,91330205MA7JYBJ03T,
,,,,,宁波宗坤贸易有限公司,,MA8FW6E4-8,91330205MA8FW6E48J,
,,,,,宁波市江北慈城甘雨民间工艺坊,,MA291QBC-3,92330205MA291QBC3K,
,,,,,宁波甬徽电子有限公司,,MA2J3K8E-4,91330205MA2J3K8E4D,
,,,,,宁波利腾商贸有限公司,,MA2CL3A3-2,91330205MA2CL3A32P,
,,,,,宁波火焰商务咨询有限公司,,MACNUTET-9,91330205MACNUTET90,
,,,,,宁波市江北区诗碧曼化妆品店,,MAC0W0AM-7,92330205MAC0W0AM7X,
,,,,,宁波亿辰建筑设计有限公司,,MA293HUF-5,91330205MA293HUF5P,
,,,,,宁波巴依企业管理咨询有限公司,,MA2CKRM6-3,91330205MA2CKRM63K,
,,,,,宁波江北米墨设计工作室,,MACY21LJ-2,92330205MACY21LJ2F,
,,,,,宁波恒奕文化发展有限公司,,MA2AJWEP-4,91330211MA2AJWEP4Y,
,,,,,宁波市奉化溪口老宋照相馆,,MA2KN2CA-8,92330283MA2KN2CA83,
,,,,,宁波恒睿文化产业有限公司,,MA281CBF-9,91330283MA281CBF92,
,,,,,宁波奉化欣茂企业管理服务部,,MA2H5W12-3,92330283MA2H5W1230,
,,,,,奉化市虎啸刘网吧（普通合伙）,,69506695-3,91330283695066953N,
,,,,,宁波市奉化区闻静静家纺店,,MA2CJUK4-7,92330283MA2CJUK475,
,,,,,宁波奉化莼湖袁记快餐店,,MA2CM2DM-X,92330283MA2CM2DMXB,
,,,,,宁波奉化区小小装饰画店,,MA2CHQ3F-7,92330283MA2CHQ3F78,
,,,,,大爱书院香河酒店有限公司宁波分公司,,MA2H6L0D-2,91330283MA2H6L0D2K,
,,,,,宁波市翔鸿未来文化用品有限公司,,MA2818ET-1,91330283MA2818ET1Q,
,,,,,宁波奉化远阳汽车服务有限公司,,MA2AEFLM-0,91330283MA2AEFLM0Y,
,,,,,宁波葛军辉餐饮管理有限公司,,MABNBULR-4,91330283MABNBULR4M,
,,,,,宁波高辉贸易有限公司,,MA7C87XJ-9,91330283MA7C87XJ9N,
,,,,,宁波市奉化区雪窦山公共交通服务有限公司,,30892099-7,913302833089209972,
,,,,,奉化市阳光文具制造有限公司,,MA2GG2UC-7,91330283MA2GG2UC74,
,,,,,宁波奉化星光盛殿娱乐会所（普通合伙）,,MA2AGF6D-2,91330283MA2AGF6D2W,
,,,,,奉化市阿杰汽车服务有限公司,,MA2812U9-3,91330283MA2812U93U,
,,,,,宁波老故事酒店管理有限公司,,MACTDBXR-7,91330283MACTDBXR7E,
,,,,,宁波市奉化区浓墨重彩广告经营部,,MA2ERU9M-X,92330283MA2ERU9MXD,
,,,,,宁波碧海珍源餐饮有限公司,,MACDY5A6-2,91330283MACDY5A626,
,,,,,宁波万舸电子商务有限公司,,MA2J7639-5,91330283MA2J76395Y,
,,,,,宁波盛峰广告传媒有限公司,,MA7FFP7R-9,91330283MA7FFP7R9J,
,,,,,宁波旷观文化传播有限公司,,MA2J6DWU-5,91330283MA2J6DWU5A,
,,,,,宁波奉化伟越企业管理服务部,,MABXQD92-8,92330283MABXQD928A,
,,,,,宁波市奉化区岳林亚珠土菜馆,,MA29236X-6,92330283MA29236X61,
,,,,,宁波奉化日尧暮摄影工作室（个体工商户）,,MAD4CA8P-2,92330283MAD4CA8P21,
,,,,,奉化市泉溪书画社,,MA2ER68W-X,92330283MA2ER68WX7,
,,,,,宁波华昌泰户外用品有限公司,,75626936-8,913302837562693689,
,,,,,宁波江氧设备租赁有限公司,,MA281QLL-X,91330283MA281QLLXY,
,,,,,宁波市朴宿怡澜民宿有限公司,,MA2CHE9M-X,91330283MA2CHE9MXF,
,,,,,宁波市奉化区徐飞云烤鱼店,,MA291B1A-2,92330283MA291B1A2N,
,,,,,奉化市王永华餐厅,,MA2ERPJA-1,92330283MA2ERPJA1H,
,,,,,宁波奉化富璟火锅店,,MA2AHNPL-6,92330283MA2AHNPL68,
,,,,,宁波奉化三横聚客园饭店,,MA2J3QGP-1,92330283MA2J3QGP1T,
,,,,,宁波市奉化区宝鑫珠宝首饰店,,MA2KP2Y8-2,92330283MA2KP2Y82C,
,,,,,宁波奉化富翔工艺品厂,,MA281TCC-7,91330283MA281TCC7K,
,,,,,宁波市奉化区赵君化妆品店,,MA2GRUAG-9,92330283MA2GRUAG95,
,,,,,上海生椰出马餐饮管理有限公司,,MABMNEF1-4,91310113MABMNEF14B,
,,,,,宁波沐风堂艺术传媒有限公司,,MA2KNX5Y-4,91330283MA2KNX5Y4R,
,,,,,宁波市奉化区啊芬餐饮店,,MA293TDN-5,92330283MA293TDN5C,
,,,,,宁波辰友珠宝有限公司,,MA7N6JDT-5,91330283MA7N6JDT5H,
,,,,,宁波市奉化溪口金港湾浴场,,MA2AFMMK-5,92330283MA2AFMMK52,
,,,,,宁波雪窦山演艺经纪有限公司,,MA2H6F9P-1,91330283MA2H6F9P1R,
,,,,,宁波奉化万达古茗奶茶店,,MA2GQXJ9-1,92330283MA2GQXJ919,
,,,,,宁波市奉化区林红餐饮店,,MA2AJEHD-6,92330283MA2AJEHD6W,
,,,,,宁波以沫文化传媒有限公司第五分公司,,MA2KPJRH-8,91330283MA2KPJRH8J,
,,,,,奉化市晶都汽车租赁有限公司,,58395116-5,913302835839511652,
,,,,,宁波斌华二手车经纪有限公司,,MA2GQD8A-5,91330283MA2GQD8A5D,
,,,,,宁波市奉化区阳辰广告装饰部,,MA290HXE-X,92330283MA290HXEX1,
,,,,,宁波市奉化区万福来打金店,,MA2AF3GM-1,92330283MA2AF3GM19,
,,,,,宁波奉化星动溜溜轮滑店,,MA2J3RA8-7,92330283MA2J3RA873,
,,,,,爱意文化传媒（宁波）有限公司,,MAC4J5M1-8,91330211MAC4J5M18L,
,,,,,宁波简丹空间设计有限公司,,MACUABDG-4,91330211MACUABDG43,
,,,,,宁波市镇海区骆驼和美家纺店,,MA2EQE1D-6,92330211MA2EQE1D6H,
,,,,,宁波众爱贸易有限公司,,MA2KNU68-X,91330211MA2KNU68XE,
,,,,,宁波俞诚文化传媒有限公司,,MA2J6NHQ-4,91330211MA2J6NHQ4D,
,,,,,宁波市镇海区骆驼吴继西棋牌室,,MACT73ER-1,92330211MACT73ER12,
,,,,,宁波大头郭文化传媒有限公司,,MAD2Q0Q3-4,91330211MAD2Q0Q34N,
,,,,,宁波市镇海区骆驼赣川相饭店,,MA2835XE-2,92330211MA2835XE22,
,,,,,宁波驿泊停车管理有限公司,,MA2CMD7B-1,91330201MA2CMD7B12,
,,,,,宁波市镇海区招宝山一品奶茶店,,MA2EQHPE-5,92330211MA2EQHPE52,
,,,,,宁波市镇海区骆驼加勒比海盗餐厅,,MA2AEFHW-7,92330211MA2AEFHW7E,
,,,,,宁波市镇海区骆驼温新化妆品商行,,MA2CH6BP-5,92330211MA2CH6BP5C,
,,,,,宁波光耀文化传媒有限公司,,30890262-5,913302113089026259,
,,,,,宁波镇海北杏企业管理工作室,,MA2J7J7Q-5,92330211MA2J7J7Q5F,
,,,,,宁波市劲达体育发展有限公司,,MA2AHMC9-2,91330211MA2AHMC92L,
,,,,,宁波地平线装潢设计有限公司,,31680152-5,91330211316801525F,
,,,,,宁波镇海荣幸餐饮服务部,,MACWQ438-5,92330211MACWQ4385E,
,,,,,宁波卓战酒店管理有限公司,,MACPDK3F-9,91330211MACPDK3F9F,
,,,,,宁波市镇海区招宝山约饭快餐店,,MA2AFUUF-7,92330211MA2AFUUF78,
,,,,,宁波锺亿摄影器材有限公司,,MA2J6K3H-3,91330211MA2J6K3H3X,
,,,,,宁波市镇海区庄市吐司奶吧饮品店,,MA2EQLA5-7,92330211MA2EQLA57T,
,,,,,宁波宇惠通贸易有限公司,,MA2827GD-6,91330211MA2827GD6D,
,,,,,宁波悦邦汽车贸易有限公司,,MA2AHRLP-4,91330211MA2AHRLP4K,
,,,,,宁波市镇海区澥浦许家餐馆,,MA2AJ0RX-5,92330211MA2AJ0RX59,
,,,,,宁波市镇海区骆驼百兴家电商店,,L3649642-6,91330211L36496426H,
,,,,,宁波泓扬电子商务有限公司,,MA2J6L63-0,91330211MA2J6L630E,
,,,,,宁波市镇海区招宝山任雪窗帘店,,MA2GQ9EJ-6,92330211MA2GQ9EJ6H,
,,,,,宁波凯华展览有限公司,,09983262-3,91330211099832623E,
,,,,,宁波苏合文化传媒有限公司,,MA2J5C7K-6,91330211MA2J5C7K6M,
,,,,,宁波市镇海区骆驼赤宵川菜馆,,MA2KP0H3-8,92330211MA2KP0H388,
,,,,,宁波镇海沃锡君挖掘机租赁部,,MA2J4P6L-8,92330211MA2J4P6L8U,
,,,,,宁波中耕稻盛文化发展有限公司,,MA2H6Y85-3,91330211MA2H6Y853T,
,,,,,宁波启通教育科技有限公司,,31691404-4,913302113169140442,
,,,,,宁波市镇海区骆驼四方打字店,,MA2EQKEY-7,92330211MA2EQKEY74,
,,,,,宁波祥昶商贸有限公司,,MA7CD7E3-4,91330211MA7CD7E340,
,,,,,宁波市镇海龙豪塑品厂,,MA2GFXJ7-5,91330211MA2GFXJ75P,
,,,,,宁波市镇海区骆驼星诺儿童乐园,,MACLP0TG-X,92330211MACLP0TGXA,
,,,,,宁波市镇海区九龙湖芳华里广告创意工作室,,MA2KP15A-1,92330211MA2KP15A1W,
,,,,,宁波猛士文化传媒有限公司,,MA2813RX-3,91330211MA2813RX33,
,,,,,宁波阿特艺术特长培训有限公司,,MA2GWKTB-9,91330211MA2GWKTB92,
,,,,,宁波市镇海杰岳网吧有限公司,,MA2GWFCY-5,91330211MA2GWFCY5W,
,,,,,宁波市镇海区小米艺术特长培训有限公司,,MA2CJMHR-4,91330211MA2CJMHR4L,
,,,,,宁波市镇海区九龙湖面前山农家乐店,,MA2EQKQB-5,92330211MA2EQKQB53,
,,,,,宁波花涧谷尚文化传媒有限公司,,MACLX8AX-3,91330211MACLX8AX3P,
,,,,,宁波市镇海区贝乐艺术特长培训有限公司,,MA2CJHTM-6,91330211MA2CJHTM6W,
,,,,,浙江晨熠数字科技有限公司,,MACH9YL7-7,91330211MACH9YL77J,
,,,,,宁波市镇海区庄市青林咖啡店,,MA7FPMLK-7,92330211MA7FPMLK73,
,,,,,宁波锐意数码影像有限公司,,MA282T8E-3,91330211MA282T8E31,
,,,,,宁波市镇海区庄市陈术华饭店,,MA2EQET9-1,92330211MA2EQET91U,
,,,,,宁波市鄞州首南迈诺餐厅,,MA2CHYDM-X,92330212MA2CHYDMXU,
,,,,,宁波易媒文化传媒有限公司,,MA7MFXBU-7,91330205MA7MFXBU71,
,,,,,宁波梅山保税港区海根杨甫洲商务服务部,,MA2KNP1L-0,92330206MA2KNP1L0D,
,,,,,宁波海曙诗云足浴店,,MA2H5Y4A-3,92330203MA2H5Y4A3U,
,,,,,宁波磨古文化有限公司,,MA2H6HUL-8,91330205MA2H6HUL82,
