count_ym,uni_social_crd_cd,user_id,user_nature,legal_org_nm,use_addr,bill_no,arrear_tms,amt,area_cd
,92330206MA2EL62660,,,,,,,,
,92330206MA7FX69W9Y,,,,,,,,
,92330206MACTXDYM7N,,,,,,,,
,92330206MA2KNWW64Q,,,,,,,,
,92330206MA7C1XY7X4,,,,,,,,
,92330206MA7C3HQP3T,,,,,,,,
,92330206MA7F9LEA07,,,,,,,,
,9133020661026074XL,,,,,,,,
,92330206MA7FA1668W,,,,,,,,
,9133020607921748XK,,,,,,,,
,92330206MA2EKW8278,,,,,,,,
,91330206MA2GT3XNX2,,,,,,,,
,92330206MA7JRX6D9D,,,,,,,,
,92330206MA2AHNYG2Y,,,,,,,,
,92330206MA2J65K60L,,,,,,,,
,92330206MACU3HY569,,,,,,,,
,92330206MA2KQHEG7W,,,,,,,,
,92330206MA7DYXCH2P,,,,,,,,
,92330206MA7C3HP960,,,,,,,,
,92330206MA7BJN2GXW,,,,,,,,
,92330206MA2H6DEL5D,,,,,,,,
,92330206MA2AFJR642,,,,,,,,
,92330206MACRTUTH77,,,,,,,,
,91330206MA2CMHXQ0E,,,,,,,,
,92330206MA7CJ3XN0U,,,,,,,,
,92330206MA2903XX7N,,,,,,,,
,92330206MA2EL40174,,,,,,,,
,91330206567007705F,,,,,,,,
,92330206MA2GRR495G,,,,,,,,
,92330206MA2J6JJC16,,,,,,,,
,92330206MA7BBXL119,,,,,,,,
,91330206MA2J48WJ0D,,,,,,,,
,92330206MA2AHWN571,,,,,,,,
,92330206MA2KP1059W,,,,,,,,
,91330206MACYH2796M,,,,,,,,
,92330206MA7DKA5T7A,,,,,,,,
,92330206MA2EKKKK8A,,,,,,,,
,92330206MA2J62J90C,,,,,,,,
,92330206MA2J75800P,,,,,,,,
,92330206MA2KNLD989,,,,,,,,
,92330206MA7EFP8L5G,,,,,,,,
,92330206MA7E0E0A2A,,,,,,,,
,91330201MA2J70W505,,,,,,,,
,92330206MA7FN87G66,,,,,,,,
,92330206MA7EWWUPXJ,,,,,,,,
,92330206MA2J6WE31E,,,,,,,,
,92330206MA7FPYND5U,,,,,,,,
,92330206MA2J6QAF8W,,,,,,,,
,92330206MA2J7T9H1R,,,,,,,,
,91330206MA2AG44L52,,,,,,,,
,92330206MA2KNUED10,,,,,,,,
,92330206MACP6DCM6K,,,,,,,,
,92330206MA2EKNN95D,,,,,,,,
,92330206MA2J418G4G,,,,,,,,
,92330206MA2GUJXR1F,,,,,,,,
,92330206MA7EXL7D0T,,,,,,,,
,92330206MA2KN0EH24,,,,,,,,
,91330201MABRW6YN7F,,,,,,,,
,91330206MA2GRBQAXB,,,,,,,,
,92330206MA2KNQ961N,,,,,,,,
,91330206MA282UG88P,,,,,,,,
,92330206MA284DF94X,,,,,,,,
,92330206MA2J72J7XU,,,,,,,,
,92330206MA2CL09J9W,,,,,,,,
,92330206MA7CB98W8Q,,,,,,,,
,91330201MA8FRUN437,,,,,,,,
,91330206MA7LDB042M,,,,,,,,
,92330206MACLB29E5P,,,,,,,,
,91330206308903425X,,,,,,,,
,92330206MA7BMXAK73,,,,,,,,
,92330206MA2KNQU141,,,,,,,,
,92330206MA7LDJYB89,,,,,,,,
,92330206MA7CTDK87G,,,,,,,,
,92330206MA7FM75H3K,,,,,,,,
,92330206MA2J7WPR36,,,,,,,,
,92330206MA2KP7YW2L,,,,,,,,
,92330206MA2J402X2E,,,,,,,,
,92330206MA292UM368,,,,,,,,
,92330206MA2J7JX08M,,,,,,,,
,92330206MA7EWMNY14,,,,,,,,
,92330206MA2KNDUE52,,,,,,,,
,92330206MA2J6W0247,,,,,,,,
,92330206MA7BQN1E59,,,,,,,,
,92330206MA2EKTG38B,,,,,,,,
,92330206MA2KP31U5B,,,,,,,,
,91330206MA8FUD7Q13,,,,,,,,
,92330206MA2EKRBJ1H,,,,,,,,
,91330206340565200A,,,,,,,,
,92330206MABM4FLW5Q,,,,,,,,
,92330206MA293YDHXX,,,,,,,,
,91330201MA2825TJ21,,,,,,,,
,92330206MA7HCY5Q80,,,,,,,,
,91330206MA2GWACN1W,,,,,,,,
,92330206MA2920Q050,,,,,,,,
,92330206MA2KPX5746,,,,,,,,
,92330206MA7F9UNR1R,,,,,,,,
,92330206MA2J48UL43,,,,,,,,
,92330206MA2J79KT5D,,,,,,,,
,92330206MA2KNMC94E,,,,,,,,
,91330206MA2816FN3H,,,,,,,,
,91330206599458148M,,,,,,,,
,91330201MA2GQAFXXL,,,,,,,,
,92330206MA7C76U575,,,,,,,,
,91330206595392612L,,,,,,,,
,92330206MA2KPEBT03,,,,,,,,
,92330206MABUNPGG0T,,,,,,,,
,92330206MA7EK9YK69,,,,,,,,
,92330206MACPBFHG1G,,,,,,,,
,92330206MA2KNLQY54,,,,,,,,
,91330206MA2J5RED4P,,,,,,,,
,92330206MA2KNPW14F,,,,,,,,
,91330206MA7LDBL2XQ,,,,,,,,
,92330206MA7C0GQW1B,,,,,,,,
,91330206MA2CKCC934,,,,,,,,
,92330206MA2EKGYR3R,,,,,,,,
,92330206MA2KNQD08W,,,,,,,,
,92330206MA7CCF71XB,,,,,,,,
,91330206316976202Q,,,,,,,,
,91330206MA2H7YBD3L,,,,,,,,
,92330206MA2KN4WX9J,,,,,,,,
,92330201MA2EQ3AP1G,,,,,,,,
,92330206MA2J46GY6N,,,,,,,,
,92330206MA7EWMCE8G,,,,,,,,
,92330206MA2KPHUG3J,,,,,,,,
,92330206MA7F9Q1692,,,,,,,,
,91330206MA2KPNEA9C,,,,,,,,
,91330206MA2CL4KY2C,,,,,,,,
,91330201MA2GT6LY1X,,,,,,,,
,92330206MA2KNMBA60,,,,,,,,
,91330201MA2CHWHN89,,,,,,,,
,92330206MA2J4WGK2X,,,,,,,,
,91330201MA2CHLWK9X,,,,,,,,
,92330206MA2KN2FT2H,,,,,,,,
,92330206MA2KN8L50D,,,,,,,,
,92330206MA2KPX590U,,,,,,,,
,92330206MA7EF921X0,,,,,,,,
,91330206MA2H743JX1,,,,,,,,
,91330206MA2J30GH56,,,,,,,,
,91330206MA7G0CPH57,,,,,,,,
,91330206MAC7HTTCXX,,,,,,,,
,92330206MA7F1TBT5K,,,,,,,,
,92330206MA7EUJ2E51,,,,,,,,
,91330206MA282C3353,,,,,,,,
,92330206MA7F72CL54,,,,,,,,
,92330206MA2EKD8U4C,,,,,,,,
,92330206MA2J5WR04B,,,,,,,,
,92330206MA2AHAPL0E,,,,,,,,
,92330206MAC4RB9314,,,,,,,,
,92330206MA2J77JQ9K,,,,,,,,
,92330206MA2KNBNY94,,,,,,,,
,92330206MA2AGKNX84,,,,,,,,
,92330206MA2J3HN23A,,,,,,,,
,91330201MA2GWX2J8N,,,,,,,,
,92330206MA2KPC7U8P,,,,,,,,
,92330206MA2GQ2BH16,,,,,,,,
,92330206MACXB25L8P,,,,,,,,
,92330282MA2KPBWY7R,,,,,,,,
,92330282MA293LRC23,,,,,,,,
,92330201MABPYTGP03,,,,,,,,
,92330282MA2AECH90A,,,,,,,,
,92330282MA2GQK052B,,,,,,,,
,92330282MA2EHT7W1Y,,,,,,,,
,92330282MA2H67FX3W,,,,,,,,
,92330282MA2EHU358D,,,,,,,,
,92330282MA2EGN5M54,,,,,,,,
,92330282MA2EJNF13H,,,,,,,,
,91330201MAD9C98T7K,,,,,,,,
,92330282MA2KN2X42C,,,,,,,,
,91330282695069476W,,,,,,,,
,91330282MA2KPUFF51,,,,,,,,
,91330282MA281MKN99,,,,,,,,
,92330282MA2EK06B08,,,,,,,,
,92330282MA2EJGJG2K,,,,,,,,
,92330282MA2EH33896,,,,,,,,
,91330282MA2H5GMC50,,,,,,,,
,92330282MA2EJYDK6U,,,,,,,,
,92330282MA2EJTCE77,,,,,,,,
,92330282MA2EJAQ69M,,,,,,,,
,92330201MA2ENBQ554,,,,,,,,
,92330282MA2AFT457Y,,,,,,,,
,92330282MA2EK7TH52,,,,,,,,
,92330282MACML7UB33,,,,,,,,
,91330282MA282F0T7P,,,,,,,,
,92330282MAD478936T,,,,,,,,
,92330282MA2917PA4E,,,,,,,,
,92330282MABR9NNR07,,,,,,,,
,91330282MA2AJ40JX5,,,,,,,,
,92330282MA2EJ6KJ6F,,,,,,,,
,92330201MA2GUFM0X1,,,,,,,,
,92330282MA2H8JAH46,,,,,,,,
,92330282MA2EJLC86J,,,,,,,,
,913302017449761022,,,,,,,,
,92330282MA2H6BCF8R,,,,,,,,
,91330282MACN77KH3W,,,,,,,,
,92330282MA2EJKG383,,,,,,,,
,91330282MACDJY8E2C,,,,,,,,
,92330282MA283W6P40,,,,,,,,
,91330282MA2GT9ER8C,,,,,,,,
,92330282MA2H8GP61W,,,,,,,,
,92330282MA2EHPJR64,,,,,,,,
,91330282071475652X,,,,,,,,
,92330282MABY6THG90,,,,,,,,
,91330282MA2J74J40J,,,,,,,,
,91330282MA2H5HEX9D,,,,,,,,
,92330282MA2J6P105U,,,,,,,,
,92330282MAD0B08E6B,,,,,,,,
,92330282MA2EK7YQ0G,,,,,,,,
,92330201MACYKAQU7R,,,,,,,,
,913302827645150041,,,,,,,,
,92330282MA2EH7GD3F,,,,,,,,
,92330282MA2EJJQA6A,,,,,,,,
,92330282MA2EK32DX3,,,,,,,,
,92330201MACPLJ2D7X,,,,,,,,
,92330282MA2EJGUH0H,,,,,,,,
,92330282MA2EJ85R16,,,,,,,,
,92330282MA2EJJ7J9B,,,,,,,,
,92330282MA2AJ2287G,,,,,,,,
,92330282MACRCY7L8W,,,,,,,,
,92330282MA2CKXD115,,,,,,,,
,92330282MA2918BE09,,,,,,,,
,92330282MA2CLGQC3Y,,,,,,,,
,91330282MAC39LBY6J,,,,,,,,
,92330282MA2J5MDT5L,,,,,,,,
,92330282MA2EHH8U9B,,,,,,,,
,91330282768508354X,,,,,,,,
,91330282MA2KPMPG54,,,,,,,,
,91330282MA2H5UQA25,,,,,,,,
,91330282MACN59P6XP,,,,,,,,
,91330282MA2KPUF96X,,,,,,,,
,91330282MA2GFAFW1H,,,,,,,,
,91330282079201939U,,,,,,,,
,91330282MAD2ANTL67,,,,,,,,
,91330282MAD58L25XG,,,,,,,,
,91330282MABYNY8QXY,,,,,,,,
,91330282MA7CD8GQ8F,,,,,,,,
,91330282MA2GQ5801E,,,,,,,,
,92330282MA2EJMYA5Y,,,,,,,,
,92330201MACU6R1925,,,,,,,,
,91330282MA292E3154,,,,,,,,
,92330282MA2H8JWEXN,,,,,,,,
,92330201MAD1YXEU18,,,,,,,,
,92330201MAD97XRE32,,,,,,,,
,92330282MA2J584F58,,,,,,,,
,92330282MA2EGPUN8J,,,,,,,,
,92330282MA2GTNU90P,,,,,,,,
,91330282066618110G,,,,,,,,
,91330282MAD698HX5P,,,,,,,,
,91330201MAC3AENG15,,,,,,,,
,9133020159948053XH,,,,,,,,
,92330282MA2J3C8Q06,,,,,,,,
,91330282MA2GWNG47C,,,,,,,,
,92330282MA2J5YGW1C,,,,,,,,
,92330282MA2EHRPB9R,,,,,,,,
,92330282MA2934HA6C,,,,,,,,
,92330282MA2CLL708E,,,,,,,,
,92330282MA7M58HJ2J,,,,,,,,
,92330201MA2J40NKX1,,,,,,,,
,91330201MABU14C746,,,,,,,,
,91330282MA7MG4DQ3G,,,,,,,,
,92330201MA2AH4LY5K,,,,,,,,
,91330281MA2AJCF79C,,,,,,,,
,92330282MA2EJ3320U,,,,,,,,
,91330201MA2CHCEF9G,,,,,,,,
,92330282MA2EK3UJ72,,,,,,,,
,92330201MA2EN7DW27,,,,,,,,
,91330282MA2AJUMQ8P,,,,,,,,
,92330282MA2AH0PM1C,,,,,,,,
,92330282MABQ513J5A,,,,,,,,
,92330282MACYT3MN48,,,,,,,,
,92330282MA2GWCA9X8,,,,,,,,
,92330282MACN8R3M66,,,,,,,,
,92330282MA2EK43C05,,,,,,,,
,92330282MA28361X74,,,,,,,,
,92330201MACPDP6W0C,,,,,,,,
,92330282MA2915Y71B,,,,,,,,
,91330282MA2839E32C,,,,,,,,
,92330201MA2EN7AW39,,,,,,,,
,92330282MA2AF3A54H,,,,,,,,
,92330282MABQ2RF430,,,,,,,,
,92330282MACQJ4KF7Q,,,,,,,,
,91330282MABRBFKQ2B,,,,,,,,
,92330282MA2EJN4A7Q,,,,,,,,
,91330282MA2GRBBP7W,,,,,,,,
,92330282MA2KNGURXF,,,,,,,,
,91330282MA2823TF40,,,,,,,,
,91330201MA2836JM1J,,,,,,,,
,92330282MA2EGMW20C,,,,,,,,
,91330282MA291BWWXT,,,,,,,,
,91330201MA2H4A873D,,,,,,,,
,92330201MA29320P5D,,,,,,,,
,92330282MABNYGJT5G,,,,,,,,
,92330282MA2J7BBJ1U,,,,,,,,
,92330282MA2EHRQD1Q,,,,,,,,
,92330282MAC5GFUF5Y,,,,,,,,
,92330282MA2EGPR00P,,,,,,,,
,92330282MABWX0F60F,,,,,,,,
,91330203MACBJT4X75,,,,,,,,
,91330203MA2J79RK63,,,,,,,,
,91330203MA28Y8M13H,,,,,,,,
,91330203MAD4TNCYXW,,,,,,,,
,91330203MA28314Y02,,,,,,,,
,91330203MA2GTXKK49,,,,,,,,
,913302043168574571,,,,,,,,
,91330212MA2GQRHU4T,,,,,,,,
,91330203340568532Y,,,,,,,,
,913302036747483304,,,,,,,,
,92330203MA2EQKTX4B,,,,,,,,
,91330203MA2J6JXU8H,,,,,,,,
,91330203MA2J41RP9F,,,,,,,,
,91330203MA2CL0JJ22,,,,,,,,
,91330212MA2H6W2C7C,,,,,,,,
,91330203MACBWKJ25D,,,,,,,,
,91330203MA2GG1ML77,,,,,,,,
,91330203MA8FQL3542,,,,,,,,
,91330203MACC0WFY0L,,,,,,,,
,91330212MA2CKUCB9T,,,,,,,,
,91330203MACBB9WY57,,,,,,,,
,92330203MACMNA8K6G,,,,,,,,
,91330203MA2K8H965U,,,,,,,,
,91330203MA2K8J9B1U,,,,,,,,
,91330203591558750M,,,,,,,,
,91330203554536595A,,,,,,,,
,91330203MA2J7CGM05,,,,,,,,
,91330203MACATE8212,,,,,,,,
,92330203MA2ER5TX9D,,,,,,,,
,92330203MA2KQ9291R,,,,,,,,
,91330203MA2J4AF53J,,,,,,,,
,92330203MA2KQB3Q2G,,,,,,,,
,92330203MA284GUR50,,,,,,,,
,91330203MAC4FGQ03T,,,,,,,,
,92330203MA2H5BMC1Y,,,,,,,,
,91330203MA282NK92P,,,,,,,,
,91330203MA7EB8TGX9,,,,,,,,
,92330203MA28Y2KX6X,,,,,,,,
,92330203MA2GW5RPXU,,,,,,,,
,91330203MA2GG09G02,,,,,,,,
,92330200MA2846PQ8X,,,,,,,,
,92330203MACX5U4N19,,,,,,,,
,91330203MA2H7E555H,,,,,,,,
,91330203MABX2THK97,,,,,,,,
,91330203MA281QYM03,,,,,,,,
,92330203MA2EQPBL5W,,,,,,,,
,91330200MA2GFD539L,,,,,,,,
,913302125670477823,,,,,,,,
,92330203MA2CKRA59N,,,,,,,,
,92330203MA2GUHW41H,,,,,,,,
,91330203MA2H7PPX15,,,,,,,,
,92330203MA2CJYL36G,,,,,,,,
,91330203MA2GWG9T8M,,,,,,,,
,91330203MA2GU6LW0D,,,,,,,,
,91330203MA2839L37G,,,,,,,,
,92330203MA7C14J67T,,,,,,,,
,91330203MA2CM5P47B,,,,,,,,
,92330203MA2AG73H4D,,,,,,,,
,92330203MA2CKG2W90,,,,,,,,
,91330203MAC1GD926B,,,,,,,,
,92330203MA2KQK7W12,,,,,,,,
,92330203MA291NM90L,,,,,,,,
,913302036950718083,,,,,,,,
,91330203MA2GFW7U41,,,,,,,,
,91330203MA7MA9M92K,,,,,,,,
,91330206MABXA5ND8U,,,,,,,,
,913302036880182919,,,,,,,,
,92330203MA2H7PPM1R,,,,,,,,
,91330203599474340F,,,,,,,,
,92330203MA2KPHFFXJ,,,,,,,,
,91330203MA2AGCT63Q,,,,,,,,
,92330203MAC63XNFXJ,,,,,,,,
,91330203MA2GWAJE2E,,,,,,,,
,91330203MA293CWU7Y,,,,,,,,
,91330203MA2GR0YQ1A,,,,,,,,
,91330203MA2J74J08R,,,,,,,,
,92330203MA2ER12KXU,,,,,,,,
,91330203MA2K8KUE2F,,,,,,,,
,92330203MA2CMA8XX5,,,,,,,,
,91330203MAC5A6AAXR,,,,,,,,
,92330203MA2AFA6B7F,,,,,,,,
,91330203MAD8MN086E,,,,,,,,
,913302036810553643,,,,,,,,
,91330203MA2CLQ4Y06,,,,,,,,
,92330203MA2KQ33K1E,,,,,,,,
,92330203MA7BP8QH2D,,,,,,,,
,91330203MA2GUHKQ5J,,,,,,,,
,91330203MA7FJDPK5X,,,,,,,,
,92330203MA7KCPHP4X,,,,,,,,
,91330203665589681J,,,,,,,,
,91330203MA2J6C4F16,,,,,,,,
,91330203MA2GRK381R,,,,,,,,
,91330203MA2GQMXJ2H,,,,,,,,
,92330203MA28YP60X5,,,,,,,,
,92330203MA2H8A6PXU,,,,,,,,
,92330203MA2AHTTH54,,,,,,,,
,91330203MA2H8RLT4G,,,,,,,,
,91330203MA2GU1A13X,,,,,,,,
,91330203MA2K8JHQ53,,,,,,,,
,91330203MA8FQLQR0H,,,,,,,,
,91330203MA2GWN0X2E,,,,,,,,
,91330203MACLHW4U97,,,,,,,,
,92330203MABRM5R4X1,,,,,,,,
,91330203MA2811RWXH,,,,,,,,
,92330203MA2GTDPP27,,,,,,,,
,91330203MACM6K2F13,,,,,,,,
,91330203MAD0WYGA17,,,,,,,,
,91330203MA2CHTBN10,,,,,,,,
,92330203MA2KPM0M56,,,,,,,,
,92330203MA2GU7TM2J,,,,,,,,
,92330203MA2J7DJ96T,,,,,,,,
,91330203316995446H,,,,,,,,
,92330203MA291FKU82,,,,,,,,
,91330203MA281EUE78,,,,,,,,
,92330203MA2EQL686H,,,,,,,,
,92330203MAD448JX9D,,,,,,,,
,91330203MA7DM8YU5U,,,,,,,,
,91330203MABW3JG30G,,,,,,,,
,92330203MA2KNW044C,,,,,,,,
,91330203MA2K8D200H,,,,,,,,
,92330203MA2KQHH3X9,,,,,,,,
,91330203MA293K5956,,,,,,,,
,91330203MA2K8JNB0J,,,,,,,,
,92330203MA2AGAKK53,,,,,,,,
,92330203MA2KP1518N,,,,,,,,
,91330203MA281G5GX0,,,,,,,,
,91330203MA7BGG9J33,,,,,,,,
,91330203MACKCG2T6H,,,,,,,,
,91330203MA2CKH3F9J,,,,,,,,
,91330203MA2AFGCB1D,,,,,,,,
,92330203MA2KQHTP6R,,,,,,,,
,91330203MA2AFT7M50,,,,,,,,
,92330203MA2H8XJP5Y,,,,,,,,
,91330212MA2CKHTB19,,,,,,,,
,92330212MA2AHJHJ8J,,,,,,,,
,92330212MA2GTPLL7U,,,,,,,,
,92330212MA2EGE0W09,,,,,,,,
,91330201MA282QLY1H,,,,,,,,
,91330212058266389T,,,,,,,,
,92330212MA2KQH6U0T,,,,,,,,
,92330212MA2EG3X76B,,,,,,,,
,91330212MA28YR5N7L,,,,,,,,
,91330204MA2828RG3D,,,,,,,,
,92330212MA28Y3A3XF,,,,,,,,
,91330212MA2J5PMN1N,,,,,,,,
,91330201MA2GQ6HYX4,,,,,,,,
,91330212MA28Y6W97G,,,,,,,,
,91330212MA2936CK1Y,,,,,,,,
,92330212MA2EG4HG05,,,,,,,,
,92330212MAD4MKN3XB,,,,,,,,
,91330212MAD7NP9WXT,,,,,,,,
,91330201316942985M,,,,,,,,
,92330212MA7J9ELY6J,,,,,,,,
,91330204084787233U,,,,,,,,
,91330212058269061L,,,,,,,,
,92330212MA2J6N5642,,,,,,,,
,91330201595378095P,,,,,,,,
,92330212MA2CHTL4X5,,,,,,,,
,92330212MA2H5PUN00,,,,,,,,
,92330212MA2CLYP40G,,,,,,,,
,91330212MAD64TA19E,,,,,,,,
,91330212MA282DJK92,,,,,,,,
,91330212MA2AEWR058,,,,,,,,
,92330212MA2CKHDJ50,,,,,,,,
,91330212MAC2CPNG11,,,,,,,,
,91330212MA2KP7JM5B,,,,,,,,
,91330212MA2H83A60Q,,,,,,,,
,91330212MA7EE97J3E,,,,,,,,
,92330212MA284X4480,,,,,,,,
,91330212MA292L277R,,,,,,,,
,92330212MAD2Y4L370,,,,,,,,
,91330212MA281EEC9K,,,,,,,,
,91330212MA8FY2954H,,,,,,,,
,91330212MA2J5K1H5F,,,,,,,,
,91330212MAD1KHMP11,,,,,,,,
,92330212MA2EFACN78,,,,,,,,
,91330200MA28YXPR32,,,,,,,,
,92330212MA2J5J0B7F,,,,,,,,
,92330212MA2H69BU9Q,,,,,,,,
,91330212MAD2DP650M,,,,,,,,
,91330201MAC5MXWW93,,,,,,,,
,91330203MA8FPPD61G,,,,,,,,
,92330212MA2GQ7006F,,,,,,,,
,91330212MABNFHM57U,,,,,,,,
,91330212772303415R,,,,,,,,
,91330212MAC4A8WH1D,,,,,,,,
,91330212MA2KPG5P5L,,,,,,,,
,92330212MA2EG0WR5F,,,,,,,,
,91330212MA2CKUF59M,,,,,,,,
,91330212MA8FQCWW52,,,,,,,,
,91330212MABWQ86C6Y,,,,,,,,
,91330212MA291G657R,,,,,,,,
,92330212MA2AH25P4K,,,,,,,,
,91330201MA8FXT4185,,,,,,,,
,92330212MA284YBX26,,,,,,,,
,92330212MA2EFY6N4D,,,,,,,,
,91330212MA2936MP6M,,,,,,,,
,91330212MABT4JD42A,,,,,,,,
,91330212MA2AEWW15A,,,,,,,,
,92330212MACWKGH17B,,,,,,,,
,92330201MA283KEQ0N,,,,,,,,
,92330212MA2GU8R7XA,,,,,,,,
,91330212MA2J4YD21F,,,,,,,,
,92330212MA2GUGHY9G,,,,,,,,
,91330212MA2CKJYRXC,,,,,,,,
,91330212MA2GXYKL73,,,,,,,,
,92330203MA2J6C0DX1,,,,,,,,
,92330212MAD4WWHL6G,,,,,,,,
,92330201MA2CHPEA35,,,,,,,,
,92330201MA2EQ01G2K,,,,,,,,
,92330212MA2EGC7P2K,,,,,,,,
,91330201MA2GWKAWX7,,,,,,,,
,91330212MAD5TBPA4D,,,,,,,,
,91330212MA2GXWQ59P,,,,,,,,
,92330201MA7D2GLXX6,,,,,,,,
,91330212MACBNH5G30,,,,,,,,
,91330201MA8FWN7901,,,,,,,,
,91330200MA2CKYXT08,,,,,,,,
,92330212MAD3UGFKXA,,,,,,,,
,91330201MA2H81520U,,,,,,,,
,91330212MA7D8YDP5J,,,,,,,,
,91330212MA2AGLWR95,,,,,,,,
,92330212MA28Y0M70J,,,,,,,,
,92330212MA2EGENL7K,,,,,,,,
,92330212MA284CYD5Q,,,,,,,,
,92330212MAD5FM9B4Y,,,,,,,,
,91330212MA2J7N623B,,,,,,,,
,913302120975859135,,,,,,,,
,91330212MA8FY1Q25F,,,,,,,,
,91330211570534012U,,,,,,,,
,91330212MA2GT29C47,,,,,,,,
,91330212MAD62T5R9B,,,,,,,,
,91330201MA2J6JHY9N,,,,,,,,
,91330212MA2CL4QE7D,,,,,,,,
,9133021255799695XK,,,,,,,,
,92330201MA2H53QG83,,,,,,,,
,92330212MACYDNFGXM,,,,,,,,
,91330212MACMTFY39D,,,,,,,,
,92330201MA2J6LW521,,,,,,,,
,91330201MA28114K5R,,,,,,,,
,92330212MAC00X8D64,,,,,,,,
,92330212MA29127Q7T,,,,,,,,
,92330201MA2CH5DM0F,,,,,,,,
,91330200595380793Q,,,,,,,,
,91330212MAC18CHF75,,,,,,,,
,91330212MA2AJFQ18X,,,,,,,,
,91330203732139139B,,,,,,,,
,91330204744965809U,,,,,,,,
,91330201MA2J7GNL8Y,,,,,,,,
,91330212688014151K,,,,,,,,
,92330201MAC20NG13G,,,,,,,,
,92330201MA2KN04N8T,,,,,,,,
,91330212MA2H5ETT3R,,,,,,,,
,91330225MA7BC5PF0K,,,,,,,,
,92330225MA2CJR447H,,,,,,,,
,92330225MA2CLKLW66,,,,,,,,
,92330225MA2GRTWB5J,,,,,,,,
,92330225MA2J4G0972,,,,,,,,
,92330225MACQ3W3K90,,,,,,,,
,91330225724087578Y,,,,,,,,
,92330225MA28YJJT3B,,,,,,,,
,92330225MA2CLQMM7U,,,,,,,,
,91330225732112577R,,,,,,,,
,91330225MA292QX94K,,,,,,,,
,92330225MA7CN4QD9Q,,,,,,,,
,92330225MABQQ1HF6B,,,,,,,,
,92330225MACUDGHU4N,,,,,,,,
,92330225MA2CK52T4T,,,,,,,,
,92330225MA2CKQYY6D,,,,,,,,
,91330225MA2J5EHE61,,,,,,,,
,92330225MA2H7MRQ9E,,,,,,,,
,92330225MA2J55LG3N,,,,,,,,
,92330225MA2CJW90XK,,,,,,,,
,92330225MABT5PEWX0,,,,,,,,
,92330225MA2J7UHY4M,,,,,,,,
,92330225MA2CHLEP5U,,,,,,,,
,92330201MA2CHU8W95,,,,,,,,
,92330225MA2GTKC129,,,,,,,,
,91330201MA2CHQDN6F,,,,,,,,
,91330225MA2H75876J,,,,,,,,
,92330225MA2J4K338M,,,,,,,,
,92330225MA2H6HCT92,,,,,,,,
,92330225MA2J4LMX7T,,,,,,,,
,92330225MA7MFAF39P,,,,,,,,
,92330225MA2AJHYC45,,,,,,,,
,92330225MA2J4G2Y4R,,,,,,,,
,91330225MA2GT3JG3D,,,,,,,,
,91330225MABUF2E00L,,,,,,,,
,92330225MA2KN1MR8E,,,,,,,,
,91330225MACP0DB15B,,,,,,,,
,92330225MA7CBJD3XX,,,,,,,,
,92330225MA2GTKKD1A,,,,,,,,
,91330225MACTCM3L1K,,,,,,,,
,91330225MA2KQDLXX7,,,,,,,,
,92330225MAD6PRMW89,,,,,,,,
,92330225MA7AT35T4D,,,,,,,,
,92330225MA2GRQ062N,,,,,,,,
,91330225MA2H74363L,,,,,,,,
,91330225MA2H6HGQXP,,,,,,,,
,92330225MA7CC38M55,,,,,,,,
,92330225MA2J7C8H98,,,,,,,,
,92330225MACTNDCY0E,,,,,,,,
,92330201MA2AJ70R34,,,,,,,,
,91330225MAD657563X,,,,,,,,
,92330225MA2GUCBM1A,,,,,,,,
,92330225MA2GUC7G71,,,,,,,,
,92330225MA2GTGEG7X,,,,,,,,
,92330225MACYQELR44,,,,,,,,
,92330225MA2GTHQH4M,,,,,,,,
,92330225MA2CLA0Q6F,,,,,,,,
,92330225MA2AHQWD3J,,,,,,,,
,91330225MABUGQF91D,,,,,,,,
,92330225MA7C9H4T9X,,,,,,,,
,91330225665581612G,,,,,,,,
,92330225MA2J4X3Y7N,,,,,,,,
,91330225MAD5XYKH49,,,,,,,,
,92330225MA2GU2872M,,,,,,,,
,91330225MABW28AR3A,,,,,,,,
,92330225MA2ELC4X6Y,,,,,,,,
,92330225MA2J5N7G3P,,,,,,,,
,92330225MA2CL9Y585,,,,,,,,
,91330225MA2H5JQL2W,,,,,,,,
,92330225MA7D4Y129X,,,,,,,,
,92330225MA2GWMBF20,,,,,,,,
,91330225MA7HP7JA3E,,,,,,,,
,92330225MA2GT7W65U,,,,,,,,
,92330225MABXBK6E40,,,,,,,,
,91330225MA2GUANQ5W,,,,,,,,
,92330225MA2J6UDY34,,,,,,,,
,92330225MAD7F6AJ4F,,,,,,,,
,91330225MA7B1PGQ8T,,,,,,,,
,91330225MA2GQ1G79D,,,,,,,,
,92330225MA284NBW4C,,,,,,,,
,92330225MA2EL68X57,,,,,,,,
,92330225MA2H78XE01,,,,,,,,
,92330225MA2AFGC448,,,,,,,,
,91330225MA2CM1E62R,,,,,,,,
,92330225MA2KPM9881,,,,,,,,
,91330225MA2AE2D558,,,,,,,,
,92330225MA2EL8560D,,,,,,,,
,92330225MA2H5GFC0R,,,,,,,,
,91330225MA291XK28C,,,,,,,,
,91330201MA2KNDEC77,,,,,,,,
,92330225MA7H9M493K,,,,,,,,
,92330225MACXX53W3N,,,,,,,,
,92330225MABUUD1T7L,,,,,,,,
,91330225MA7BDPX84L,,,,,,,,
,91330225691399718J,,,,,,,,
,92330225MA2J6UH86D,,,,,,,,
,91330225MA2H4XNC21,,,,,,,,
,92330281MA2EP59Y9D,,,,,,,,
,913302815839844262,,,,,,,,
,91330281MA2J7U411T,,,,,,,,
,91330281MA2H589U8C,,,,,,,,
,92330281MA2KP8AA2B,,,,,,,,
,92330281MA2EP8167N,,,,,,,,
,92330281MA2AE09G4B,,,,,,,,
,92330281MA2AHRK2XY,,,,,,,,
,91330281071454712A,,,,,,,,
,92330281MA2GU9AU2B,,,,,,,,
,91330281MA8FWQAP9N,,,,,,,,
,92330281MA2GQF8L0N,,,,,,,,
,91330281084771311N,,,,,,,,
,913302815705403326,,,,,,,,
,91330281MA2CHWMX1D,,,,,,,,
,9133028158746505X9,,,,,,,,
,91330281MA2H7CAT8D,,,,,,,,
,92330281MA2GR9LC9T,,,,,,,,
,92330281MA2EP58Y22,,,,,,,,
,92330281MA2ENAF87Y,,,,,,,,
,92330281MAD5L7EQ0U,,,,,,,,
,91330281MA8FXH5G4Q,,,,,,,,
,91330281MACNMC9F21,,,,,,,,
,91330281750375215G,,,,,,,,
,91330281MA2CH37A9E,,,,,,,,
,91330281MA2CH9EU3G,,,,,,,,
,92330281MA2CMRFM06,,,,,,,,
,91330281MA2CKJ934Y,,,,,,,,
,92330281MA2H7FCW3X,,,,,,,,
,92330281MA7CXGA329,,,,,,,,
,92330281MA2GUD2R8B,,,,,,,,
,91330281MA281U8D2Q,,,,,,,,
,91330281MA2H43AQ2G,,,,,,,,
,92330281MA29086H8J,,,,,,,,
,91330281MA281JN60R,,,,,,,,
,92330281MA2H542R8J,,,,,,,,
,91330281MAC4DUB56E,,,,,,,,
,92330281MA2CM1EK7N,,,,,,,,
,92330281MA2J4QPBXP,,,,,,,,
,92330281MA2EP48K5Q,,,,,,,,
,91330281MA2KQ2GN6M,,,,,,,,
,91330782MA28D2GA86,,,,,,,,
,92330281MACXW7B88Q,,,,,,,,
,9133028179602172XA,,,,,,,,
,92330281MA2KQKAL0N,,,,,,,,
,91330281MA2J4M7P9Q,,,,,,,,
,913302810538108088,,,,,,,,
,92330281MA2J7DBU7P,,,,,,,,
,91330281MA2AERCM6F,,,,,,,,
,92330281MA2CLP8B5D,,,,,,,,
,91330281079227979C,,,,,,,,
,92330281MA2CHBGC4T,,,,,,,,
,9133028155795694XH,,,,,,,,
,91330281583962016C,,,,,,,,
,92330281MA2EP4QG7N,,,,,,,,
,91330281MA8FXK8F34,,,,,,,,
,92330281MAD2JFYF6J,,,,,,,,
,92330281MA2J45L661,,,,,,,,
,9133028105829278XP,,,,,,,,
,92330281MA2EPK469D,,,,,,,,
,92330281MA2ENL6T14,,,,,,,,
,91330281MABYQ54U4A,,,,,,,,
,92330281MA2KP1MJ3J,,,,,,,,
,92330281MA2GWDN52D,,,,,,,,
,91330281MA2H5TAY4T,,,,,,,,
,92330281MA2ENPBE1R,,,,,,,,
,92330281MA2GUU297W,,,,,,,,
,92330281MA2AFL244F,,,,,,,,
,92330281MA2CHC5W0P,,,,,,,,
,92330281MA283JM30D,,,,,,,,
,92330281MA2EPR0J9E,,,,,,,,
,91330281MA293A8J9T,,,,,,,,
,91330200MA2CHJ575M,,,,,,,,
,91330281MA282QERXW,,,,,,,,
,913302817843075283,,,,,,,,
,92330281MA2EPYJG47,,,,,,,,
,91330281MA2AHU8D1N,,,,,,,,
,91330281784301089L,,,,,,,,
,91330281MA2925LJ2D,,,,,,,,
,91330281MA2900JMX5,,,,,,,,
,92330281MA291UFF48,,,,,,,,
,92330281MA2H85E02Q,,,,,,,,
,91330281MA2J3HRD90,,,,,,,,
,91330281MA2KN4HJ9F,,,,,,,,
,92330281MA2GQ40R9T,,,,,,,,
,92330281MA2EPH41XP,,,,,,,,
,91330281MA2H820U0C,,,,,,,,
,92330281MA2EP0X93J,,,,,,,,
,92330281MA2EPRAP1K,,,,,,,,
,9133028167767922XL,,,,,,,,
,91330281MA282507XH,,,,,,,,
,91330281MA8G05X42R,,,,,,,,
,92330281MA2AFJ4W0Q,,,,,,,,
,91330281MA7GTKX901,,,,,,,,
,91330281MA281N6T1K,,,,,,,,
,92330281MA2J6BCE17,,,,,,,,
,92330281MA2843D008,,,,,,,,
,92330226MA2KQJDB52,,,,,,,,
,92330226MA2EMEF31P,,,,,,,,
,92330226MA2J49X71X,,,,,,,,
,92330226MA2CM1YJ6Q,,,,,,,,
,91330226MA7DQG576P,,,,,,,,
,92330226MACE2BD80K,,,,,,,,
,92330226MA2CLJHN40,,,,,,,,
,92330226MA2AHJKL3R,,,,,,,,
,91330226MA2GT76E5Q,,,,,,,,
,91330226796045668F,,,,,,,,
,92330226MA2J5L7U20,,,,,,,,
,92330226MA2CLG43XH,,,,,,,,
,92330226MACMYF4J65,,,,,,,,
,92330226MA2J7E1Q32,,,,,,,,
,91330226MA7NGG4H6M,,,,,,,,
,913302267723220696,,,,,,,,
,91330226MA2H75JC72,,,,,,,,
,92330226MAD6GB1R0Y,,,,,,,,
,92330226MA291GQ462,,,,,,,,
,92330226MA2EMPGU90,,,,,,,,
,91330226MA2GWE3G85,,,,,,,,
,91330226144965792H,,,,,,,,
,92330226MA28YB564U,,,,,,,,
,91330226MA2GWRTAX2,,,,,,,,
,92330226MACXUDA607,,,,,,,,
,913302266655519077,,,,,,,,
,92330226MA2CKWM16P,,,,,,,,
,92330226MABP221B2Q,,,,,,,,
,92330226MA290AXL82,,,,,,,,
,92330226MA2GU8HP36,,,,,,,,
,92330226MA2H7A2L6D,,,,,,,,
,92330226MA2EMMFH8E,,,,,,,,
,91330226MA293ER72J,,,,,,,,
,91330226698243011A,,,,,,,,
,91330226MA2J3BH372,,,,,,,,
,91330226MA2GTRM318,,,,,,,,
,92330226MA28Y32UX4,,,,,,,,
,92330226MACMHYGF97,,,,,,,,
,92330226MA2EMFW166,,,,,,,,
,92330226MA291A386K,,,,,,,,
,92330226MA2GU2Y78K,,,,,,,,
,91330226MA2CH2LQ6H,,,,,,,,
,92330226MA2H5R8N6E,,,,,,,,
,91330226677668694H,,,,,,,,
,92330226MA2EMCP643,,,,,,,,
,91330226MAC4TF4A9E,,,,,,,,
,92330226MA2EMUD75T,,,,,,,,
,91330226MACB5QKH3Q,,,,,,,,
,91330226MA2GRPW558,,,,,,,,
,91330226316991277R,,,,,,,,
,92330226MA2H5Q32XD,,,,,,,,
,91330226MA2CK2E99Q,,,,,,,,
,92330226MA2GUJ1M7X,,,,,,,,
,92330226MA2KPRU42U,,,,,,,,
,91330226768542771X,,,,,,,,
,91330226MA2CHTX2XJ,,,,,,,,
,92330226MA2CMPJQ3G,,,,,,,,
,92330226MACU2YXH9E,,,,,,,,
,92330226MAD2YW1L30,,,,,,,,
,91330226MA2CMTP18D,,,,,,,,
,92330226MA2J7NJ69C,,,,,,,,
,91330226MABTRLH81C,,,,,,,,
,92330226MA2J3RTJ8R,,,,,,,,
,91330226MA2CKTC068,,,,,,,,
,92330226MAC5R5DT42,,,,,,,,
,91330226MA2GUH3A6N,,,,,,,,
,91330226MA2J3DB50T,,,,,,,,
,92330226MA2GWY1H8B,,,,,,,,
,91330226563893172Y,,,,,,,,
,92330226MA2GTHX18C,,,,,,,,
,92330226MA2CJ1TG3F,,,,,,,,
,91330226MA7HUK9514,,,,,,,,
,92330226MA2AF3NP0Q,,,,,,,,
,92330226MACNND9U3P,,,,,,,,
,91330226MACTEMHJ5B,,,,,,,,
,92330226MA2GQ1KC5J,,,,,,,,
,92330226MA293KJ351,,,,,,,,
,91330226761486885Y,,,,,,,,
,92330226MA2H5EDY27,,,,,,,,
,91330226MA2H5KNP90,,,,,,,,
,91330205MA28YDE164,,,,,,,,
,913302053404729796,,,,,,,,
,91330205570526987N,,,,,,,,
,92330225MACL3PXP73,,,,,,,,
,92330205MA2AEDDF76,,,,,,,,
,91330205MA281X7J3P,,,,,,,,
,91330205MA2J5KDH13,,,,,,,,
,91330212MA284TPN6M,,,,,,,,
,92330205MA29075XX1,,,,,,,,
,9133020558745553XR,,,,,,,,
,9133020578675468XM,,,,,,,,
,91330212799548949D,,,,,,,,
,91330205MA2H5MF5XL,,,,,,,,
,91330205MA282H435E,,,,,,,,
,92330205MA2H7KY99X,,,,,,,,
,92330205MABWX7Q00E,,,,,,,,
,913302057930194135,,,,,,,,
,91330205MA7L13U70N,,,,,,,,
,92330205MA2AH1JD2H,,,,,,,,
,91330205MA2831BX7B,,,,,,,,
,91330205MA2CHN9K87,,,,,,,,
,92330205MA2J44D89B,,,,,,,,
,913302055874714411,,,,,,,,
,91330205MACEGH8T3G,,,,,,,,
,91330205MA2AH5D846,,,,,,,,
,91330205MA7M866E2B,,,,,,,,
,91330205MA2938UJ3K,,,,,,,,
,91330205MA8FW60B64,,,,,,,,
,91330205MA290D063T,,,,,,,,
,913302016950748306,,,,,,,,
,91330205MA2J4U247U,,,,,,,,
,92330205MA2H5CWP4F,,,,,,,,
,91330205MAD7F76J1T,,,,,,,,
,91330212MAC776D459,,,,,,,,
,91330205MA2CKHKA6U,,,,,,,,
,91330205MA2H4WGL9N,,,,,,,,
,9133020578432300X6,,,,,,,,
,92330205MA2J764AXX,,,,,,,,
,91330205MACNNDW12B,,,,,,,,
,91330205671243732A,,,,,,,,
,91330205MA28YDEN6R,,,,,,,,
,92330205MA2GUJLX4B,,,,,,,,
,92330205MA2AJC7P5X,,,,,,,,
,92330205MABMJQUK69,,,,,,,,
,92330205MA2GQ3YB1L,,,,,,,,
,91330205MAC43PYDXD,,,,,,,,
,91330205MA2H5AYA9H,,,,,,,,
,91330205MA284HPF8F,,,,,,,,
,92330205MA2EM82M8D,,,,,,,,
,91330212MA2AFL8F2U,,,,,,,,
,91330205MA2CHUGU3U,,,,,,,,
,91330205761495394K,,,,,,,,
,91330205665586990Q,,,,,,,,
,91330205MAC6EXBL2T,,,,,,,,
,91330205316929705Y,,,,,,,,
,92330205MABWF0T614,,,,,,,,
,92330205MA2832N650,,,,,,,,
,92330205MA2901EF3R,,,,,,,,
,92330205MA2KPHFB77,,,,,,,,
,91330205671243732A,,,,,,,,
,92330205MA2ELW5B7R,,,,,,,,
,92330205MABMBEG90F,,,,,,,,
,91330205MA7JYBJ03T,,,,,,,,
,91330205MA8FW6E48J,,,,,,,,
,92330205MA291QBC3K,,,,,,,,
,91330205MA2J3K8E4D,,,,,,,,
,91330205MA2CL3A32P,,,,,,,,
,91330205MACNUTET90,,,,,,,,
,92330205MAC0W0AM7X,,,,,,,,
,91330205MA293HUF5P,,,,,,,,
,91330205MA2CKRM63K,,,,,,,,
,92330205MACY21LJ2F,,,,,,,,
,91330211MA2AJWEP4Y,,,,,,,,
,92330283MA2KN2CA83,,,,,,,,
,91330283MA281CBF92,,,,,,,,
,92330283MA2H5W1230,,,,,,,,
,91330283695066953N,,,,,,,,
,92330283MA2CJUK475,,,,,,,,
,92330283MA2CM2DMXB,,,,,,,,
,92330283MA2CHQ3F78,,,,,,,,
,91330283MA2H6L0D2K,,,,,,,,
,91330283MA2818ET1Q,,,,,,,,
,91330283MA2AEFLM0Y,,,,,,,,
,91330283MABNBULR4M,,,,,,,,
,91330283MA7C87XJ9N,,,,,,,,
,913302833089209972,,,,,,,,
,91330283MA2GG2UC74,,,,,,,,
,91330283MA2AGF6D2W,,,,,,,,
,91330283MA2812U93U,,,,,,,,
,91330283MACTDBXR7E,,,,,,,,
,92330283MA2ERU9MXD,,,,,,,,
,91330283MACDY5A626,,,,,,,,
,91330283MA2J76395Y,,,,,,,,
,91330283MA7FFP7R9J,,,,,,,,
,91330283MA2J6DWU5A,,,,,,,,
,92330283MABXQD928A,,,,,,,,
,92330283MA29236X61,,,,,,,,
,92330283MAD4CA8P21,,,,,,,,
,92330283MA2ER68WX7,,,,,,,,
,913302837562693689,,,,,,,,
,91330283MA281QLLXY,,,,,,,,
,91330283MA2CHE9MXF,,,,,,,,
,92330283MA291B1A2N,,,,,,,,
,92330283MA2ERPJA1H,,,,,,,,
,92330283MA2AHNPL68,,,,,,,,
,92330283MA2J3QGP1T,,,,,,,,
,92330283MA2KP2Y82C,,,,,,,,
,91330283MA281TCC7K,,,,,,,,
,92330283MA2GRUAG95,,,,,,,,
,91310113MABMNEF14B,,,,,,,,
,91330283MA2KNX5Y4R,,,,,,,,
,92330283MA293TDN5C,,,,,,,,
,91330283MA7N6JDT5H,,,,,,,,
,92330283MA2AFMMK52,,,,,,,,
,91330283MA2H6F9P1R,,,,,,,,
,92330283MA2GQXJ919,,,,,,,,
,92330283MA2AJEHD6W,,,,,,,,
,91330283MA2KPJRH8J,,,,,,,,
,913302835839511652,,,,,,,,
,91330283MA2GQD8A5D,,,,,,,,
,92330283MA290HXEX1,,,,,,,,
,92330283MA2AF3GM19,,,,,,,,
,92330283MA2J3RA873,,,,,,,,
,91330211MAC4J5M18L,,,,,,,,
,91330211MACUABDG43,,,,,,,,
,92330211MA2EQE1D6H,,,,,,,,
,91330211MA2KNU68XE,,,,,,,,
,91330211MA2J6NHQ4D,,,,,,,,
,92330211MACT73ER12,,,,,,,,
,91330211MAD2Q0Q34N,,,,,,,,
,92330211MA2835XE22,,,,,,,,
,91330201MA2CMD7B12,,,,,,,,
,92330211MA2EQHPE52,,,,,,,,
,92330211MA2AEFHW7E,,,,,,,,
,92330211MA2CH6BP5C,,,,,,,,
,913302113089026259,,,,,,,,
,92330211MA2J7J7Q5F,,,,,,,,
,91330211MA2AHMC92L,,,,,,,,
,91330211316801525F,,,,,,,,
,92330211MACWQ4385E,,,,,,,,
,91330211MACPDK3F9F,,,,,,,,
,92330211MA2AFUUF78,,,,,,,,
,91330211MA2J6K3H3X,,,,,,,,
,92330211MA2EQLA57T,,,,,,,,
,91330211MA2827GD6D,,,,,,,,
,91330211MA2AHRLP4K,,,,,,,,
,92330211MA2AJ0RX59,,,,,,,,
,91330211L36496426H,,,,,,,,
,91330211MA2J6L630E,,,,,,,,
,92330211MA2GQ9EJ6H,,,,,,,,
,91330211099832623E,,,,,,,,
,91330211MA2J5C7K6M,,,,,,,,
,92330211MA2KP0H388,,,,,,,,
,92330211MA2J4P6L8U,,,,,,,,
,91330211MA2H6Y853T,,,,,,,,
,913302113169140442,,,,,,,,
,92330211MA2EQKEY74,,,,,,,,
,91330211MA7CD7E340,,,,,,,,
,91330211MA2GFXJ75P,,,,,,,,
,92330211MACLP0TGXA,,,,,,,,
,92330211MA2KP15A1W,,,,,,,,
,91330211MA2813RX33,,,,,,,,
,91330211MA2GWKTB92,,,,,,,,
,91330211MA2GWFCY5W,,,,,,,,
,91330211MA2CJMHR4L,,,,,,,,
,92330211MA2EQKQB53,,,,,,,,
,91330211MACLX8AX3P,,,,,,,,
,91330211MA2CJHTM6W,,,,,,,,
,91330211MACH9YL77J,,,,,,,,
,92330211MA7FPMLK73,,,,,,,,
,91330211MA282T8E31,,,,,,,,
,92330211MA2EQET91U,,,,,,,,
,92330212MA2CHYDMXU,,,,,,,,
,91330205MA7MFXBU71,,,,,,,,
,92330206MA2KNP1L0D,,,,,,,,
,92330203MA2H5Y4A3U,,,,,,,,
,91330205MA2H6HUL82,,,,,,,,
