comp_nm,no,congniz_tear,congniz_org,org_id
宁波市北仑区新碶万祥珠宝行,,,,
宁波梅山保税港区金湛张景茹商务服务部,,,,
宁波市北仑区阿彪烧烤店,,,,
宁波梅山保税港区海根崔浩杰商务服务部,,,,
宁波梅山保税港区海根周阳晨商务服务部,,,,
宁波梅山保税港区尽良筹王杠商务服务部,,,,
宁波梅山保税港区金湛史庆逸商务服务部,,,,
宁波花港高速客轮有限公司,,,,
宁波梅山保税港区金湛佳伟商务服务部,,,,
宁波亚居拉贸易有限公司,,,,
宁波市北仑区新矸金帆文百商店,,,,
妙乐（宁波）文化创意有限公司,,,,
宁波北仑小零广告策划部,,,,
宁波市北仑区灵灵舞蹈工作室,,,,
宁波梅山保税港区金湛刘斐菲商务服务部,,,,
宁波北仑宏祺设计工作室,,,,
宁波市北仑区方祝足浴店,,,,
宁波梅山保税港区尽良筹郭从力商务服务部,,,,
宁波梅山保税港区海根张涛多商务服务部,,,,
宁波梅山保税港区海根朱亚洲高商务服务部,,,,
宁波市北仑区众甫文化创意工作室,,,,
宁波市北仑区小港康春餐馆,,,,
宁波梅山保税港区海根王某萍海商务服务部,,,,
宁波市北仑区奇奕棋类培训有限公司,,,,
宁波梅山保税港区海根孙正权商务服务部,,,,
宁波市北仑区大碶旭升字牌厂,,,,
宁波市北仑区新碶威舜图文设计服务部,,,,
宁波北仑锦秀恒源文化传播有限公司,,,,
宁波市北仑区柴桥茂定足浴店,,,,
宁波梅山保税港区金湛朱长云商务服务部,,,,
宁波梅山保税港区海根孔某坡商务服务部,,,,
宁波意冠餐饮管理有限公司,,,,
宁波市北仑区龙君产品设计工作室,,,,
宁波梅山保税港区海根谭伟法商务服务部,,,,
宁波不凡创意设计有限公司,,,,
宁波梅山保税港区金湛张哲商务服务部,,,,
宁波经济技术开发区吴佩琴毛线店,,,,
宁波梅山保税港区海根时小珍商务服务部,,,,
宁波梅山保税港区金湛章飞翠商务服务部,,,,
宁波梅山保税港区海根汪斌商务服务部,,,,
宁波梅山保税港区金湛陈珊一商务服务部,,,,
宁波梅山保税港区海根赵闪闪商务服务部,,,,
宁波大榭开发区益科餐饮管理有限公司,,,,
宁波梅山保税港区金湛叶芳芳二商务服务部,,,,
宁波梅山保税港区金湛申一佳商务服务部,,,,
宁波梅山保税港区金湛丁行飞商务服务部,,,,
宁波梅山保税港区金湛王欣一商务服务部,,,,
宁波梅山保税港区金湛施玮弟商务服务部,,,,
宁波梅山保税港区金湛王孝强商务服务部,,,,
宁波慧灵文化传播有限公司,,,,
宁波梅山保税港区海根牛东驰通商务服务部,,,,
宁波梅山保税港区海根赵兵商务服务部,,,,
宁波市北仑区柴桥好日子家纺店,,,,
宁波梅山保税港区尽良筹李华商务服务部,,,,
宁波市北仑区抬头文化创意工作室,,,,
宁波北仑韦程文化创意工作室,,,,
宁波北仑逆形健身俱乐部,,,,
宁波娱吖传媒有限公司,,,,
上海星巴克咖啡经营有限公司宁波北仑中河南路店,,,,
宁波梅山保税港区海根林城杰商务服务部,,,,
宁波瑞哲餐饮管理服务有限公司,,,,
宁波市北仑区小港王艺广告设计服务部,,,,
宁波市北仑区张艳足浴店,,,,
宁波市北仑区新碶天来机电设备安装服务部,,,,
宁波梅山保税港区尽良筹陈洁商务服务部,,,,
宁波保税区维安卫生服务有限公司,,,,
宁波王氏迦南眼镜有限公司北仑分公司,,,,
宁波梅山保税港区金湛黄可叶商务服务部,,,,
宁波守诺文化传媒有限公司,,,,
宁波梅山保税港区海根江浩多商务服务部,,,,
宁波梅山保税港区海根马金才高商务服务部,,,,
宁波市北仑昌旺机械设备租赁服务部,,,,
宁波梅山保税港区海根王秀霞商务服务部,,,,
宁波梅山保税港区金湛龚娜商务服务部,,,,
宁波梅山保税港区金湛常福娟商务服务部,,,,
宁波梅山保税港区金湛黄承忠商务服务部,,,,
宁波梅山保税港区尽良筹章琳萍商务服务部,,,,
宁波市北仑区新碶蒲舍香水店,,,,
宁波梅山保税港区尽良筹曾晓玲商务服务部,,,,
宁波梅山保税港区金湛黄湘湘商务服务部,,,,
宁波梅山保税港区海根秦进德商务服务部,,,,
宁波梅山保税港区金湛张名涛商务服务部,,,,
宁波梅山保税港区海根李明亮高商务服务部,,,,
宁波市北仑区小港松胜餐馆,,,,
宁波梅山保税港区尽良筹国张商务服务部,,,,
宁波市北仑区芦江家电商店霞浦店,,,,
宁波市北仑区大碶查尔斯顿眼镜店,,,,
宁波爱鸣电子商务有限公司,,,,
宁波北仑竞誉桌球馆,,,,
宁波市北仑区梅山惠鑫汽车租赁服务部,,,,
宁波启童文化传播有限公司,,,,
宁波梅山保税港区金湛王雅众商务服务部,,,,
宁波市北仑区启思艺术特长培训有限公司,,,,
宁波市北仑区金利电脑制印社,,,,
宁波梅山保税港区海根刘军明商务服务部,,,,
宁波梅山保税港区金湛王一朗商务服务部,,,,
宁波梅山保税港区金湛张沈锋商务服务部,,,,
宁波梅山保税港区金湛张飞商务服务部,,,,
宁波梅山保税港区金湛吕雪英商务服务部,,,,
宁波浩翔物业管理有限公司,,,,
宁波经济技术开发区雷斌文化传媒有限公司,,,,
宁波茂业旅游发展有限公司,,,,
宁波梅山保税港区金湛郑春原商务服务部,,,,
宁波经济技术开发区金座文化传媒有限公司,,,,
宁波梅山保税港区海根邓兴顺商务服务部,,,,
宁波梅山保税港区金湛王旭强商务服务部,,,,
宁波梅山保税港区金湛一吴丽萍商务服务部,,,,
宁波北仑铁鼠企业管理服务部,,,,
宁波梅山保税港区海根黄治岭商务服务部,,,,
宁波甬运文化旅游发展有限公司,,,,
宁波梅山保税港区金湛钱忠商务服务部,,,,
宁波辰润广告传媒有限公司,,,,
宁波梅山保税港区海根巫耀宁商务服务部,,,,
宁波海弦文旅文化发展有限公司,,,,
宁波市北仑西捷图文制作中心,,,,
宁波梅山保税港区海根侯艳军商务服务部,,,,
宁波北仑王哥棋牌室,,,,
宁波北仑爱冉宝文化发展有限公司,,,,
宁波霍纳文化传播有限公司,,,,
宁波梅山保税港区金湛施艳商务服务部,,,,
宁波大榭开发区凯颖饮品店,,,,
宁波梅山保税港区金湛王晓波商务服务部,,,,
宁波梅山保税港区金湛朱建康商务服务部,,,,
宁波梅山保税港区金湛董瑗商务服务部,,,,
宁波梅山保税港区金湛王凡凡商务服务部,,,,
宁波夏绿蒂托管服务有限公司,,,,
宁波鸣瑄艺术特长培训有限公司,,,,
宁波中影文化传媒有限公司,,,,
宁波梅山保税港区海根陶庭柱商务服务部,,,,
宁波祥鹏文化发展有限公司,,,,
宁波梅山保税港区金湛杨金英商务服务部,,,,
宁波瑾轩文化传媒有限公司,,,,
宁波梅山保税港区金湛肖伟娟商务服务部,,,,
宁波梅山保税港区金湛郑恢复商务服务部,,,,
宁波梅山保税港区海根谢龙通商务服务部,,,,
宁波梅山保税港区金湛杨德斌商务服务部,,,,
宁波金灵王体育文化有限公司,,,,
宁波封策餐饮管理有限公司,,,,
瑞雅（宁波）文化发展有限公司,,,,
宁波海轩会展服务有限公司,,,,
宁波梅山保税港区尽良筹徐红商务服务部,,,,
宁波梅山保税港区金湛冯彩利商务服务部,,,,
宁波朗博计量检测有限公司,,,,
宁波梅山保税港区金湛刘伟民商务服务部,,,,
宁波市北仑区新碶歆迪眼镜店,,,,
宁波梅山保税港区海根李春茹商务服务部,,,,
宁波市北仑区柴桥鲁家餐饮管理服务部,,,,
宁波北仑拓湃设计服务部,,,,
宁波梅山保税港区金湛金完强商务服务部,,,,
宁波梅山保税港区海根李乾坤通商务服务部,,,,
宁波市北仑区梅山胡筱霞舞蹈工作室,,,,
宁波梅山保税港区尽良筹冯炳婷商务服务部,,,,
宁波识鹤国际贸易有限公司,,,,
宁波梅山保税港区海根吕斌商务服务部,,,,
宁波北仑云力商务服务部,,,,
宁波市北仑区佳茂足浴店,,,,
慈溪市白沙路源兴丰服装辅料店,,,,
慈溪市周巷满金足浴店,,,,
宁波杭州湾新区贵味饭店,,,,
慈溪市浒山圣骑士台球室,,,,
慈溪市膳彤餐饮店,,,,
慈溪市胜山金达毛绒店,,,,
慈溪市四个啊哥餐饮店,,,,
慈溪市周巷一木广告设计工作室,,,,
慈溪市掌起阿波渔具店,,,,
慈溪市天翔图文设计工作室,,,,
垂柳文化传媒（宁波）有限责任公司,,,,
慈溪市鑫来餐饮店,,,,
慈溪鸿安鞋业发展有限公司,,,,
慈溪诺瓦教育科技有限公司白沙分公司,,,,
浙江万达旅游集团有限公司慈溪分公司,,,,
慈溪市坎墩小张家纺用品店,,,,
慈溪市宗汉兴容棋牌室,,,,
慈溪市微尘汇咖啡厅,,,,
慈溪鼎尚美轩文化创意有限公司观海卫分公司,,,,
慈溪市法蒂玛文化创意工作室,,,,
慈溪市龙山永悦电器经营部,,,,
慈溪市坎墩陈昌华化妆品店,,,,
宁波杭州湾新区红专快餐店,,,,
慈溪市三北佳红文具店,,,,
慈溪市浒山金足阁足浴店,,,,
慈溪市足舒缘足浴店,,,,
慈溪大马力电影放映有限公司,,,,
慈溪市五号健身俱乐部（个体工商户）,,,,
慈溪市观海卫陈隆餐馆,,,,
慈溪市澄天动漫设计工作室,,,,
慈溪市协谦工艺品厂,,,,
慈溪市横河镇华梅照棉布店,,,,
宁波杭州湾新区珠英餐饮店,,,,
慈溪市龙山自方餐饮店,,,,
慈溪市周巷海连饭店,,,,
宁波妈咪宝婴童用品制造有限公司,,,,
慈溪市掌起小徐餐饮店,,,,
宁波市梅高梅文化传媒有限公司,,,,
慈溪市古塘阿珊工艺品店,,,,
宁波琼玖商贸有限公司,,,,
慈溪市胜山镇志育青春照相馆,,,,
浙江唐越青瓷有限公司,,,,
慈溪市梦燕来足浴店,,,,
慈溪市坎墩新华棉布店,,,,
慈溪市佳德艺术品有限公司,,,,
慈溪市浒山胜耀修脚店,,,,
慈溪市溪舍装饰设计有限公司,,,,
慈溪市陆小鹿甜心舞蹈培训有限公司,,,,
慈溪颖诺化妆品店,,,,
慈溪市驿心餐饮店,,,,
慈溪市坎墩洁净浴室,,,,
宁波前湾新区和气棋牌室,,,,
慈溪市天润广告有限公司,,,,
慈溪市附海中新客房部,,,,
慈溪市附海御足苑足浴店,,,,
慈溪市范市六星家用电器店,,,,
宁波前湾新区春序餐饮店,,,,
慈溪市伟财饭店,,,,
慈溪市匡堰镇热浪太阳能热水器店,,,,
慈溪市逍林阿峰排档,,,,
慈溪市禾言广告设计工作室,,,,
慈溪市浒山小琦足浴店,,,,
慈溪市坎墩伟义挖掘机租赁服务部,,,,
慈溪市胜山利超家纺店,,,,
慈溪市观海卫麻继烤鱼店,,,,
宁波翠品楼餐饮有限公司,,,,
慈溪市祁茗陶瓷工作室,,,,
慈溪市逍林孙记川菜馆,,,,
慈溪市三北浩燕绣品厂（普通合伙）,,,,
慈溪市梓悦文化传播有限公司,,,,
慈溪市宸灵艺术特长培训有限公司,,,,
瑞幸咖啡（宁波）有限公司观海卫第二分店,,,,
宁波寻鼎文化传媒有限公司,,,,
龙海市华达运输有限公司慈溪分公司,,,,
宁波赛客运动器材有限公司,,,,
宁波贝驰贸易有限公司,,,,
慈溪市玉宸文化传媒有限公司,,,,
宁波绿萝儿童用品有限公司,,,,
宁波滋威食品有限公司慈溪智谷店,,,,
宁波逸侠彤电子有限公司,,,,
慈溪市桥头浩泽电脑绣花厂,,,,
宁波前湾新区呀蜜餐饮店,,,,
宁波贝值贸易有限公司,,,,
慈溪市浒山菊雅美容店,,,,
宁波前湾新区添财餐饮店,,,,
宁波前湾新区瑞霞晨饭店（个体工商户）,,,,
慈溪市悦生电子商务经营部,,,,
慈溪市掌起客聚轩宾馆,,,,
慈溪市浒山晓刘足浴店,,,,
中国邮政集团有限公司浙江省慈溪市剑山报刊亭,,,,
慈溪市天祈娱乐有限公司,,,,
宁波熙斯健身服务有限公司,,,,
宁波杭州湾新区洪森杰克文化传媒有限公司,,,,
慈溪市龙山阳阳面馆,,,,
宁波斐然装饰设计有限公司,,,,
慈溪市宗汉王治英奶茶店,,,,
慈溪市横河呈祥文具用品店,,,,
慈溪市宝真眼镜店,,,,
慈溪市浒山潘记钟表行,,,,
慈溪市掌起香龙奶茶店,,,,
宁波杭州湾新区鸣山广告设计工作室,,,,
高瞻商业管理（宁波）有限公司,,,,
宁波亿丰叉车租赁服务有限公司,,,,
宁波杭州湾新区黑泷堂饮品店,,,,
宁波景墨园林工程有限公司,,,,
慈溪市逍林鸿立电脑绣花厂,,,,
宁波杭州湾新区海草洗涤有限公司,,,,
慈溪市龙山乾宏棋牌室,,,,
宁波杭州湾新区酷亮眼镜店,,,,
宁波爱焱儿童用品有限公司,,,,
慈溪市浒山芝咪餐饮店,,,,
慈溪市浒山臻牛餐饮店,,,,
慈溪市古塘洁寐家纺店,,,,
慈溪市五和饭店,,,,
慈溪市附海艾萍首饰店,,,,
慈溪市博盛礼品商行,,,,
慈溪市浒山晓康足浴店,,,,
宁波前湾新区杰博帐篷租赁服务部,,,,
慈溪市浒山鑫翠缘珠宝店,,,,
慈溪市行建汽车服务有限公司,,,,
慈溪市庵东龙祥珠宝商行,,,,
慈溪市福包餐饮店,,,,
慈溪市慧成广告设计工作室,,,,
慈溪市宗汉窝努餐饮店,,,,
慈溪市汛鑫玩具有限公司,,,,
慈溪市古塘亮彩横幅广告制作社,,,,
慈溪市函洵绘画培训有限责任公司,,,,
慈溪横河锐亮眼镜店,,,,
宁波晨永文具有限公司,,,,
宁波杭州湾新区兰岛网咖网吧,,,,
慈溪市观海卫镇广义盲人按摩院,,,,
慈溪斯塔克渔具有限公司,,,,
宁波灵燕眼镜有限公司,,,,
宁波杭州湾新区之翔黄焖鸡米饭店,,,,
慈溪市老爸与海玩具经营部,,,,
慈溪市龙山梦声奶茶店,,,,
慈溪市观海卫镇海燕照相馆,,,,
慈溪市迈步模具设计工作室,,,,
慈溪市胜山创兴货运代理服务站,,,,
慈溪市诗武烤鱼店,,,,
宁波喜喵文化传媒有限公司,,,,
浙江樊墨文化传媒有限公司,,,,
浙江凯登供应链管理有限公司,,,,
宁波市潮麦睿宇娱乐服务部（个人独资）,,,,
宁波时间印象文化传媒有限公司,,,,
宁波远舟文化传媒有限公司,,,,
宁波艾微广告传媒有限公司,,,,
卯介设计（宁波）有限公司,,,,
宁波云边文化传媒有限公司,,,,
宁波海曙宁兴汽车租赁服务有限公司,,,,
宁波海曙新知川菜馆,,,,
宁波科答鸭文化创意有限公司,,,,
宁波市海曙区新凯莉娱乐会所,,,,
宁波宁久汽车服务有限公司,,,,
宁波清沐瑜伽健身服务有限公司,,,,
森岛旅游文化发展（宁波）有限责任公司,,,,
宁波市海曙高塘茶楼,,,,
宁波市鄞州甬金工艺品厂（普通合伙）,,,,
淮安多禾传媒有限公司宁波分公司,,,,
成都三合力诚商务服务有限责任公司宁波分公司,,,,
宁波鹤润商业管理有限公司,,,,
宁波市海曙超彩布料商行,,,,
宁波天一绿洲珠宝有限公司,,,,
宁波万斛文化传播有限公司,,,,
宁波海曙英杰教育咨询有限公司,,,,
宁波市海曙运盛商务广告有限公司,,,,
宁波铭星汽车服务有限公司,,,,
宁波彬盈堂商贸有限公司,,,,
宁波市海曙石碶多姿化妆品店,,,,
宁波市海曙区尝未尝往餐饮店,,,,
宁波青岑餐饮文化有限公司,,,,
宁波海曙区十度奶茶店,,,,
宁波市海曙鄞江凤凰山庄饭店,,,,
星睿（宁波市）珠宝有限公司天一银泰分公司,,,,
宁波海曙琳宝达商务信息咨询服务部,,,,
宁波麦购文化传播有限公司,,,,
宁波起峰酒店管理有限公司,,,,
宁波市海曙集士港鸿胜复印打字店,,,,
宁波海曙昊翔工艺品厂,,,,
宁波海曙蓝海清洗服务部,,,,
宁波望湖市场培良玩具礼品经营部,,,,
宁波市海曙区德茂纸制品厂,,,,
宁波飞牙商旅票务有限公司,,,,
宁波玖世文化传媒有限公司,,,,
宁波派胜体育文化发展有限公司,,,,
宁波市海曙琦缘窗帘商行,,,,
浙江海内外商务旅游有限公司宁波柳汀门市部,,,,
宁波晨鑫汽车客运有限公司,,,,
宁波市海曙古林冲冲化妆品店,,,,
宁波市海曙区蓝派图文设计工作室,,,,
宁波冉玖娱乐有限公司,,,,
宁波市海曙高桥一宏饮品店,,,,
浙江村村通汽车服务有限公司,,,,
福建闪电行网络技术有限公司宁波分公司,,,,
宁波市天普烨森档案服务有限公司,,,,
宁波市海曙区昕光体育用品商店,,,,
宁波你得艺术设计有限公司,,,,
宁波市海曙章水正奇广告服务部,,,,
宁波市海曙宁仕广告服务部,,,,
超客（宁波）传媒有限公司,,,,
宁波海曙区深蓝室内游戏工作室,,,,
宁波市海曙高桥卤宝食品店,,,,
宁波海曙今日机电有限公司,,,,
宁波海曙澜亚展览有限公司,,,,
宁波伍洲兄弟餐饮管理有限公司,,,,
宁波博域智能装备有限公司,,,,
宁波海曙新大绿洲广告有限公司,,,,
宁波市海曙漠北餐饮店,,,,
宁波海曙汉品文化传播有限公司,,,,
宁波市海曙区欢喜餐厅,,,,
宁波星悦户外拓展策划有限公司,,,,
宁波市海曙阿秀棋牌室,,,,
宁波余立文化传媒有限公司,,,,
宁波市瀚宇旅游文化传播有限公司,,,,
宁波市海曙博程艺术培训有限公司,,,,
宁波市泉乐广告制作有限公司,,,,
宁波市鄞州高桥象塘工艺品商行,,,,
宁波海曙百德文具有限公司,,,,
宁波海曙德佳房产中介服务部,,,,
宁波艾恰餐饮服务有限公司日新街第一分公司,,,,
宁波海曙福佳空调商行,,,,
瑞幸咖啡（宁波）有限公司月湖第五分店,,,,
宁波市海曙仕耐文具有限公司,,,,
宁波兰拓文化传媒有限公司,,,,
宁波市海曙区麦读绘玩书店,,,,
宁波海曙区之居小吃店（个体工商户）,,,,
宁波远盛广告传媒有限公司,,,,
宁波尚誓文化传媒有限公司,,,,
宁波海曙刘艺文化艺术工作室,,,,
宁波海曙银洋家电有限公司,,,,
宁波市海曙铭艺工艺品有限公司,,,,
宁波感光度摄影服务有限公司,,,,
宁波纤手人生餐饮有限公司,,,,
宁波市海曙鄞江存咪饮食店,,,,
宁波海曙酒井餐馆,,,,
宁波海曙区佰意棋牌室,,,,
宁波晴善眼镜有限公司,,,,
悠橙（宁波）商贸有限公司,,,,
宁波海曙私苑坊花艺有限公司,,,,
宁波朗坤电子科技有限公司,,,,
宁波稀木文化传媒有限公司,,,,
宁波博合文化传媒有限公司,,,,
宁波市海曙民川餐饮店,,,,
宁波顺哲宇翔文化传媒有限公司,,,,
宁波市海曙高桥微之娜化妆品店,,,,
宁波谦闻咖啡有限公司,,,,
宁波力荷城市运营服务有限公司,,,,
宁波市海曙唯科特工艺品有限公司,,,,
宁波市海曙区森缘工艺品店,,,,
宁波海曙日全会务服务部,,,,
宁波海曙盈州摄影工作室,,,,
宁波多年以后文化有限公司,,,,
宁波市海曙古林日升汽车租赁服务部,,,,
宁波市海曙区吉卡网吧,,,,
宁波市海曙文海书店,,,,
宁波海曙明乐阁足浴店（个体工商户）,,,,
宁波泉遇艺术文化传播有限公司,,,,
宁波韵律流动文化传媒有限公司,,,,
宁波市海曙区燕珍面馆,,,,
宁波市意卡菲餐饮有限公司三江店,,,,
宁波海曙区陈裕海针纺织品店,,,,
宁波浮元子旅游文化发展有限公司,,,,
宁波东方飞扬旅行社有限公司,,,,
宁波市海曙恒达图文设计室,,,,
宁波市海曙耀珍家纺经营部,,,,
宁波精焦锐点广告传媒有限公司,,,,
宁波黄天厚土餐饮有限公司,,,,
宁波旸亨财税服务有限公司,,,,
鸣敩（宁波）艺术特长培训有限公司,,,,
宁波水墨志峰文化传播有限公司,,,,
宁波市海曙金靠杯饮品店,,,,
宁波圆释文化传播有限公司,,,,
宁波市海曙众鑫机械设备租赁经营部,,,,
宁波鄞州欣东宾馆,,,,
宁波市鄞州新河良善工艺品店,,,,
宁波鄞州明楼基哥齐齐烤肉店,,,,
宁波市鄞州东吴旖旎灵动舞蹈工作室,,,,
宁波红旅汽车服务有限公司,,,,
浙江易川体育用品连锁有限公司宁波鄞州分公司,,,,
宁波市鄞州首南徐佳饮品店（个体工商户）,,,,
宁波市鄞州中河秀宁化妆品店,,,,
宁波市鄞州瑞杰票务有限公司,,,,
宁波江东致富二手车经纪有限公司,,,,
宁波市鄞州首南鼎泰和工艺品商行,,,,
杭州肯德基有限公司宁波阪急甜品站,,,,
宁波馋鱼季餐饮有限公司,,,,
宁波川畔二手车经纪有限公司,,,,
宁波江东新城鼎极咖啡厅,,,,
宁波市鄞州中河恩泽恩宾馆,,,,
宁波市鄞州钟公庙益森珠宝商行（个体工商户）,,,,
宁波万福祥珠宝有限公司,,,,
宁波市新旅程汽车服务有限公司,,,,
宁波市鄞州姜山林辉劳保用品店,,,,
宁波市江东本初茶艺文化传播有限公司,,,,
通用磨坊贸易（上海）有限公司宁波印象城店,,,,
宁波市鄞州邱隘两可餐饮店,,,,
宁波天胜摄影有限公司东钱湖分公司,,,,
宁波市鄞州姜山齐兴饭店,,,,
宁波市鄞州姜山利歌饭店,,,,
宁波市鄞州咸祥申宸坊茶馆,,,,
浙江舟山啡凡餐饮管理有限公司宁波分公司,,,,
宁波凌动工艺品有限公司,,,,
宁波市鄞州中河唯美快餐店,,,,
宁波市鄞州咸祥陈席挖掘机租赁服务部,,,,
宁波鄞州陈思锦餐饮服务有限公司,,,,
宁波市星宁多餐饮有限责任公司,,,,
宁波捷迈商贸有限公司,,,,
宁波痴鸡餐饮有限公司,,,,
宁波市鄞州五乡亚金餐馆,,,,
宁波誉萃广告有限公司,,,,
宁波市鄞州邱隘浦达建筑设备租赁服务部（个体工商户）,,,,
宁波苏塔文化传播有限公司,,,,
宁波市江东长山小海鲜饭店,,,,
宁波石天电子有限公司,,,,
宁波金格丽珠宝首饰有限公司,,,,
宁波江东宁东莫唯咖啡馆,,,,
浙江金拱门食品有限公司宁波海港城第二餐厅,,,,
宁波市鄞州明楼抖茶控奶茶店,,,,
宁波市鄞州瞻岐运馨床上用品店,,,,
浙江熊二珠宝首饰有限公司,,,,
宁波治城商业管理有限公司,,,,
鄞县古林华美大酒店,,,,
宁波市鄞州咸祥小琴餐馆,,,,
宁波忆味餐饮管理有限公司,,,,
宁波市鄞州宝御格贸易有限公司,,,,
宁波分众户外用品有限公司,,,,
宁波道源汽车服务有限公司,,,,
宁波市鄞州东吴宏旺快餐店,,,,
瑞幸咖啡（宁波）有限公司福明第一分店,,,,
苏州可瑞森针织有限公司宁波市鄞州分公司,,,,
宁波铂睿商业管理有限公司,,,,
宁波市鄞州超易盛防水布有限公司,,,,
宁波市鄞州姜山七彩广告设计制作部,,,,
宁波高新区掌心广告传媒有限公司,,,,
宁波市鄞州邱隘庆环快餐店,,,,
宁波江东新城馋佬饭店,,,,
宁波市鄞州华亨足浴会所（普通合伙）,,,,
宁波瑾升贸易有限公司,,,,
宁波至臻餐饮服务有限公司,,,,
宁波市鄞州福明亚米的面快餐店,,,,
宁波高新区旭一二芬书店,,,,
宁波市鄞州瞻岐鑫江餐馆,,,,
宁波年画传媒有限公司,,,,
宁波市鄞州钟公庙四渔明港餐厅,,,,
宁波启富汽车服务有限公司,,,,
宁波市小肥羊餐饮有限公司,,,,
宁波市鄞州钟公庙翼博汽车租赁服务部,,,,
宁波市鄞州姜山永朝饭店（个体工商户）,,,,
宁波高新区千帐里图文店,,,,
宁波高新区燕飞书店,,,,
宁波市鄞州东吴老菜厂快餐店,,,,
浙江壹品卓泰商业服务有限公司,,,,
浙江闲车汽车租赁服务有限公司,,,,
樱花卫厨（中国）股份有限公司宁波卫厨体验分公司,,,,
宁波高新区沈氏餐饮店,,,,
宁波志洲船务有限公司,,,,
中国国旅（宁波）国际旅行社有限公司东钱湖门市部,,,,
上海银行股份有限公司宁波东部新城支行,,,,
宁波市鄞州福明东鹭源餐厅,,,,
宁波健馨缘餐饮管理有限公司高新区分公司,,,,
宁波甬总汇茶楼有限公司,,,,
宁波耒末商业管理有限公司,,,,
宁波市鄞州咸祥沿海农庄,,,,
宁波市鄞州姜山韩尚摄影店,,,,
宁波市鄞州中河双河照相馆,,,,
宁波市鄞州福明悦尚足浴馆（个体工商户）,,,,
宁波衢甬壹餐饮管理有限公司,,,,
宁波榕树林文化传媒有限公司,,,,
宁波江东隐舍文化传播有限公司,,,,
宁波铂尚数字科技有限公司,,,,
宁波万丰珠宝首饰有限公司,,,,
宁波市鄞州区荟诚餐饮有限公司,,,,
宁波君仕壕图文广告有限公司,,,,
宁波意上一餐饮管理有限公司,,,,
宁波市鄞州文琪商贸有限公司,,,,
宁波高新区元磊奶茶店,,,,
宁波市鄞州福明多金小餐饮店,,,,
上海星巴克咖啡经营有限公司宁波鄞州华茂悦峰北门店,,,,
宁波高新区面道赞面馆,,,,
宁波拉琪亚珠宝有限公司,,,,
宁波市鄞州东钱湖小野包装加工店,,,,
宁波市鄞州咸祥乐居家纺店,,,,
宁波高新区毛春波饮品店,,,,
宁波数字传媒有限公司,,,,
宁波东和美晟贸易有限公司,,,,
宁波鄞州梵境健康管理有限公司,,,,
宁波高新区旭昌汽车租赁有限公司,,,,
杭州肯德基有限公司宁波彩虹分店,,,,
宁波夔门集装箱租赁有限公司,,,,
宁波市鄞州城市之光广告有限公司,,,,
宁波高新区方泽租赁服务部,,,,
宁波东钱湖旅游度假区汲古茶室,,,,
宁波古宾诗纸业有限公司,,,,
宁波恒娱文化工作室,,,,
象山和霖文化传媒工作室,,,,
象山县石浦晶都文具店,,,,
象山玉竹阁足浴店,,,,
象山炫光影动文化传媒工作室,,,,
象山县墙头双华棋牌室,,,,
象山花岙仙岛旅游景区开发有限公司,,,,
象山隆滔文化传媒工作室,,,,
象山蓝奇咖啡店,,,,
象山滨海假日农庄,,,,
浙江优原创影业有限公司,,,,
象山博程广告设计工作室,,,,
象山然然奶茶店,,,,
象山石浦阿超工艺品店,,,,
象山竟色视觉文化传媒工作室,,,,
象山栩筱影视文化工作室,,,,
宁波依汝影视文化有限公司,,,,
象山大艾窗帘店,,,,
象山莲映影视文化工作室,,,,
象山响茂园饭店,,,,
象山石浦晓美足浴店,,,,
象山凤舞九剑太极馆,,,,
象山新桥和逸客栈,,,,
宁波象保合作区乐乙影视工作室,,,,
象山石浦牧汐民宿,,,,
宁波道德贸易有限公司,,,,
象山唐吉可得文化传媒有限公司,,,,
象山清泉映画文化传媒工作室,,,,
象山善道文化传媒工作室,,,,
象山菡斯文化传媒工作室,,,,
象山海盗船影视文化工作室,,,,
象山青姨餐厅,,,,
象山耀眼影视文化工作室,,,,
象山天玺璧合影视文化有限公司,,,,
宁波小影文化传媒有限公司,,,,
象山平业文化传媒工作室,,,,
宁波视文眼镜有限公司,,,,
象山立帆影视文化工作室,,,,
象山足逸足浴店,,,,
宁波迦乐文化传媒有限公司,,,,
丽氏影视传媒（象山）有限公司,,,,
象山栽云种月文化传媒工作室（个体工商户）,,,,
象山云霞足浴店（个体工商户）,,,,
象山深泉文化传媒工作室,,,,
宁波星嘉影业有限公司,,,,
宁波恒馨檀香文化有限公司,,,,
象山县丹西颖颖餐饮店,,,,
象山子十影视文化工作室,,,,
象山定塘香满园棋牌室,,,,
宁波象保合作区孙军影视制作工作室,,,,
宁波橡缘花文化传播有限公司,,,,
象山浦浦挖机租赁服务部,,,,
象山正鑫影视文化工作室,,,,
象山吴金苗工程机械设备租赁服务部,,,,
象山森盛文化传媒工作室,,,,
象山昌华影视文化工作室,,,,
象山县定塘阿志挖机租赁服务部,,,,
象山守望者文化传媒工作室,,,,
象山县博锐特艺术培训有限公司,,,,
象山度渡文化传媒工作室,,,,
象山石浦海岛休闲渔业有限公司,,,,
象山歌谣文化传媒工作室,,,,
象山誉驰汽车租赁有限公司,,,,
象山杨山红工程机械设备租赁服务部,,,,
宁波马奔天下文化发展有限公司,,,,
象山丹城港城香烟店,,,,
象山有墨文化传媒工作室,,,,
象山新桥立峰挖机租赁服务部,,,,
象山县新树人传媒有限公司,,,,
象山爵溪天武火锅店,,,,
象山九一轻食餐饮店,,,,
象山笑芳钢管租赁部,,,,
象山风影翼文化传媒工作室,,,,
象山珊潇灵文化传媒工作室,,,,
象山走点湾路民宿有限公司,,,,
象山古月民宿,,,,
象山象来向往民宿（个体工商户）,,,,
宁波可璐广告工作室,,,,
象山俊杰健康产业发展有限公司,,,,
象山福林影视文化工作室,,,,
象山定塘山沟沟农家客栈,,,,
象山茹斐影视文化工作室,,,,
象山一伟广告工作室,,,,
象山仁安针织辅料有限公司,,,,
象山启智企业管理咨询服务部,,,,
象山优步易行二手车经纪有限公司,,,,
象山鑫欣饭店,,,,
象山源明振跃文化传媒工作室,,,,
象山圆满家族影视文化有限公司,,,,
宁波雪云影业有限公司,,,,
象山静华布店,,,,
象山爱峰广告工作室,,,,
象山石浦星耀台球俱乐部,,,,
浙江尚威影业发展有限公司,,,,
象山龙宫旅游文化发展有限公司,,,,
象山逸康足浴店,,,,
宁波逢源农业旅游开发有限公司,,,,
余姚市丈亭镇月娣服装店,,,,
余姚市寰球娱乐有限公司,,,,
宁波久格机械设备租赁有限公司,,,,
余姚市星起点体育文化发展有限公司,,,,
余姚蔓式瑜伽馆,,,,
余姚市汤德忠棋牌室,,,,
余姚市棉的良品家居布艺有限公司,,,,
余姚市湘竹居湘菜馆,,,,
余姚市军灿工艺品厂（普通合伙）,,,,
余姚市裕兴帐篷厂,,,,
余姚市民航售票处江南营业部,,,,
余姚楠楠饭店,,,,
余姚市星杰网吧,,,,
余姚市海峡国际旅行社有限公司,,,,
宁波天鹰建筑工程有限公司,,,,
宁波弘驰运动用品有限公司,,,,
宁波稻米装饰设计有限公司,,,,
余姚市林枫票务代理服务部,,,,
余姚市城区骆氏兄弟彩扩部,,,,
余姚市爱多棋牌室,,,,
余姚黑白间棋牌室（个体工商户）,,,,
余姚市公路运输有限公司站场经营分公司,,,,
宁波潮信文化传媒有限公司,,,,
余姚市城区爱欣文化用品经营部,,,,
余姚大世界国际旅行社有限公司方桥门市部,,,,
余姚市羲之艺术培训有限公司,,,,
余姚市亿科工艺品厂,,,,
余姚精进文化传播有限公司,,,,
余姚市建迪饭店,,,,
余姚市旭诚企业管理咨询服务部,,,,
余姚市姚东乐器配件厂,,,,
宁波市镱创广告传媒有限公司,,,,
浙江臣歌文化旅游有限公司,,,,
余姚市甬上老屋川味餐厅,,,,
余姚市济仁书苑（普通合伙）,,,,
余姚市白素真护肤品店,,,,
宁波炬薪文化传媒有限公司,,,,
余姚市尖庭平面设计工作室,,,,
余姚市华馨棋牌室,,,,
余姚市低塘金萍酒家,,,,
向南向北软装设计（宁波）有限公司,,,,
余姚市锐然工艺品厂,,,,
余姚市林哥牛味馆,,,,
杭州肯德基有限公司余姚泗门分店,,,,
余姚市半日闲工艺品设计工作室,,,,
浙江鑫得保智能机械有限公司,,,,
余姚市联恒广告传媒有限公司,,,,
余姚市逸书工艺品店,,,,
余姚市诺杭档案服务有限公司,,,,
余姚市银帘布艺店,,,,
余姚市杰茂纸业有限公司,,,,
余姚市乾鸿珠宝行,,,,
余姚市杰仕广告装饰工程有限公司,,,,
余姚市博金广告有限公司,,,,
余姚市余姚镇小荷书店,,,,
浙江天天商旅国际旅行社有限公司余姚金茂商都门市部,,,,
余姚市芳凯餐馆（个体工商户）,,,,
余姚市金源棋牌室,,,,
宁波杰森工艺品有限公司,,,,
余姚市宣国芬快餐店,,,,
余姚市城区林氏家电商行,,,,
余姚市沁尚餐饮服务有限公司,,,,
余姚市陈小囡麻辣烫店,,,,
余姚市爱军家常菜馆,,,,
余姚市钰琦美术培训有限公司,,,,
余姚市凯迪文印社,,,,
余姚市豫川饭店,,,,
余姚市阿台家常菜馆,,,,
余姚市俊浩棋牌室,,,,
余姚市红阳武术馆,,,,
余姚市文君饭店,,,,
余姚市高桥网吧,,,,
宁波吉风日用品有限公司,,,,
余姚乡伴旅游发展有限公司,,,,
余姚市建标大酒店有限公司,,,,
余姚市非鱼网络设计有限公司,,,,
宁波梓鑫汽车服务有限公司,,,,
余姚市奇天乐器厂（普通合伙）,,,,
宁波新亿广告装饰有限公司,,,,
余姚市仕芬网吧,,,,
余姚市城区繁荣照相店,,,,
余姚市善艺广告工作室,,,,
余姚市迪丽餐饮服务有限公司,,,,
余姚启维艺术培训有限公司,,,,
余姚市靓妍化妆品店,,,,
余姚市国年广告材料经营部,,,,
宁波市嘉千文化传媒有限公司,,,,
余姚市泗门靓丽今生化妆品店,,,,
余姚市薇静建筑扣件经营部,,,,
余姚市欢乐谷电子游戏室,,,,
宁波吟秋广告有限公司,,,,
余姚市新江南温泉洗浴中心（普通合伙）,,,,
余姚市慈云茶馆,,,,
余姚市兴凯工业设计有限公司,,,,
余姚市易佰汽车租赁有限公司,,,,
余姚市惠芳钟表店,,,,
余姚市顺霞大食堂,,,,
宁海县岔路镇葛家面馆,,,,
宁海县阿忠文具店,,,,
宁海肖岭机械设备租赁服务部,,,,
宁海县青艺越剧团,,,,
宁海县集益文化用品有限公司,,,,
宁海明杰商务代理代办服务部,,,,
宁海县郑敏娜化妆品店,,,,
宁海纪伟机械设备租赁部,,,,
宁海京盾文化传播有限公司,,,,
宁海森林温泉度假村有限公司,,,,
宁海陆潮餐厅,,,,
宁海县群霞护肤品店,,,,
宁海京明专业设计服务部,,,,
宁海优客模具设计工作室,,,,
宁波木禾旅游发展有限公司,,,,
宁波市华正信息技术有限公司,,,,
宁波登临文具有限公司,,,,
宁波赞一赞商贸有限公司,,,,
宁海县长街俞选唐民宿,,,,
宁海县梅林乐根坊根雕艺术设计工作室,,,,
宁波昊翔航空票务有限公司,,,,
宁海县爱德文具有限公司,,,,
宁海县胡庆华餐馆,,,,
宁波永申航空票务有限公司,,,,
宁海信禾文化传媒工作室,,,,
宁海县力洋镇心怡网吧,,,,
宁海廊桥饭店,,,,
宁海县戴秀常文化传媒工作室,,,,
宁海荭萱化妆品商行,,,,
宁海林涛工艺品厂,,,,
宁海县胡静货物托运代理点,,,,
宁海县跃龙街道宝通电子游戏厅,,,,
宁波金稳文化传媒有限公司,,,,
宁海联亿国际展览有限公司,,,,
宁波凯力悦户外用品有限公司,,,,
宁海康安文化传媒有限公司,,,,
宁海县嘉亮餐馆,,,,
宁海山有文化传媒工作室,,,,
宁海县深甽慧民家政服务中心,,,,
宁海县三艺木雕工艺品店,,,,
宁海县宇福市场营销策划服务部,,,,
宁波美高文具有限公司,,,,
宁海西店飞义餐饮店,,,,
宁海宝皇汽车销售服务有限公司,,,,
宁海县鑫隆源宾馆,,,,
宁海萌之兔语文化传媒有限公司,,,,
宁海县万佳宾馆,,,,
宁波贝儿乐休闲用品有限公司,,,,
宁海鼎泰汽车租赁有限公司,,,,
宁海弘艺越剧团,,,,
宁海俞桐里民宿,,,,
宁海县喜气洋洋艺术培训有限公司梅林分公司,,,,
宁海县迈豪饭店,,,,
宁海县启鸿图文设计服务部,,,,
宁海县凯凯模塑厂,,,,
宁海燕山物业服务有限公司,,,,
宁海县思蜀川菜馆,,,,
宁海县陈中松棋牌室,,,,
宁海方润广告设计工作室（个体工商户）,,,,
浙江华严文化传播有限公司宁海营业部,,,,
宁海县晶瑜电子商务商行,,,,
宁海鑫汇餐饮管理有限公司,,,,
宁海县开天照相器材商行,,,,
宁海县劲锐文具厂,,,,
宁海岚风广告设计工作室,,,,
宁波芈可文化传媒有限公司,,,,
宁海县满珍大酒店赵家分店,,,,
宁海川木装饰设计服务部,,,,
宁海县一鼎汽车服务有限公司,,,,
宁海县葛民辉挖机租赁服务部,,,,
宁海县仁泽机械设备租赁服务部,,,,
宁波索图餐饮管理有限公司,,,,
宁海县桥头胡鑫意浴室,,,,
宁海京普企业管理咨询服务部,,,,
宁海县海小塘餐饮有限公司,,,,
宁海李永豹餐厅,,,,
宁海县双陈快餐店,,,,
宁波传世健身器材有限公司,,,,
宁海县西店霞芳烘焙店,,,,
宁海腾跃广告策划有限公司,,,,
宁波新文书报刊经营有限公司大庆南路报刊亭,,,,
宁波莱玛广告有限公司,,,,
浙江天天商旅国际旅行社有限公司宁波慈城门市部,,,,
宁波江北嘉运机械设备安装服务部（个体工商户）,,,,
宁波市江北星晋饮品店,,,,
宁波融悦出行汽车租赁有限公司,,,,
浙江龙吟大江户餐饮管理有限公司宁波万象城名炙烤肉店,,,,
宁波光网文化发展有限公司,,,,
宁波市江北梦紫阳标牌制作服务部,,,,
宁波市江北外滩老字号文化展示有限公司,,,,
宁波市江北美吉家居用品有限公司,,,,
宁波国际旅行社有限公司第一分公司,,,,
宁波富广芬纸业有限公司,,,,
宁波江北易安汽车租赁有限公司,,,,
宁波市江北荟宝化妆品店,,,,
宁波江北燃金餐饮店,,,,
宁波市江北亚州日湖会餐饮娱乐有限公司,,,,
宁波市江北区松风桧语设计工作室,,,,
宁波市江北明而达眼镜店,,,,
宁波江北达膳餐饮有限公司,,,,
宁波那一野向日葵艺术培训有限公司,,,,
宁波市江北晨浠广告服务部,,,,
宁波市江北声韵电子有限公司,,,,
宁波梓盛数字文化有限公司,,,,
宁波云酷科技有限公司,,,,
宁波文浩商业管理有限公司,,,,
宁波经济技术开发区恒信贸易发展有限公司江北办事处,,,,
宁波子曦文化传播有限公司,,,,
昇雁（宁波）珠宝有限公司,,,,
宁波威成文化传媒有限公司,,,,
宁波嘉明汽车服务有限公司,,,,
宁波市江北慈城素娇面馆,,,,
宁海君临天下旅行社有限公司江北洪塘门市部,,,,
宁波华臻旭艺文化传媒有限公司,,,,
锦鲤（宁波市）艺术培训有限公司,,,,
宁波郎真文化有限公司,,,,
浙江省电信实业集团有限公司宁波市分公司,,,,
宁波江北崔宇办公用品经营部,,,,
浙江同生人力资源管理服务有限公司宁波江北餐饮分公司,,,,
宁波市普世达泳池用品有限公司,,,,
宁波新文书报刊经营有限公司日湖公园报刊亭,,,,
宁波市江北原时烤肉店,,,,
宁波市江北宁宁小吃店,,,,
宁波江北区安沁市场营销策划服务部,,,,
宁波市江北一丰钢管租赁站,,,,
宁波寰普企业管理有限公司,,,,
宁波琦玉广告传媒有限公司,,,,
宁波天越房地产营销策划有限公司,,,,
宁波江北岳宝洋餐饮店（个体工商户）,,,,
宁波恒升广告有限公司,,,,
宁波市江北盛行教育信息咨询有限公司,,,,
宁波市江北常洪大酒店有限公司,,,,
宁波市江北鹏弘汽车租赁有限公司,,,,
宁波温暖之家助农产业发展有限公司,,,,
宁波市江北麦雷顿斯贸易有限公司,,,,
宁波江北心野餐厅,,,,
宁波市江北慈城大光明眼镜店,,,,
宁波市江北新丰盛珠宝行,,,,
宁波江北怡情轩棋牌室,,,,
宁波市普世达泳池用品有限公司,,,,
宁波市江北慈城慈一饭店,,,,
宁波江北南日星召文艺创作工作室,,,,
宁波恒耀商务服务有限公司,,,,
宁波宗坤贸易有限公司,,,,
宁波市江北慈城甘雨民间工艺坊,,,,
宁波甬徽电子有限公司,,,,
宁波利腾商贸有限公司,,,,
宁波火焰商务咨询有限公司,,,,
宁波市江北区诗碧曼化妆品店,,,,
宁波亿辰建筑设计有限公司,,,,
宁波巴依企业管理咨询有限公司,,,,
宁波江北米墨设计工作室,,,,
宁波恒奕文化发展有限公司,,,,
宁波市奉化溪口老宋照相馆,,,,
宁波恒睿文化产业有限公司,,,,
宁波奉化欣茂企业管理服务部,,,,
奉化市虎啸刘网吧（普通合伙）,,,,
宁波市奉化区闻静静家纺店,,,,
宁波奉化莼湖袁记快餐店,,,,
宁波奉化区小小装饰画店,,,,
大爱书院香河酒店有限公司宁波分公司,,,,
宁波市翔鸿未来文化用品有限公司,,,,
宁波奉化远阳汽车服务有限公司,,,,
宁波葛军辉餐饮管理有限公司,,,,
宁波高辉贸易有限公司,,,,
宁波市奉化区雪窦山公共交通服务有限公司,,,,
奉化市阳光文具制造有限公司,,,,
宁波奉化星光盛殿娱乐会所（普通合伙）,,,,
奉化市阿杰汽车服务有限公司,,,,
宁波老故事酒店管理有限公司,,,,
宁波市奉化区浓墨重彩广告经营部,,,,
宁波碧海珍源餐饮有限公司,,,,
宁波万舸电子商务有限公司,,,,
宁波盛峰广告传媒有限公司,,,,
宁波旷观文化传播有限公司,,,,
宁波奉化伟越企业管理服务部,,,,
宁波市奉化区岳林亚珠土菜馆,,,,
宁波奉化日尧暮摄影工作室（个体工商户）,,,,
奉化市泉溪书画社,,,,
宁波华昌泰户外用品有限公司,,,,
宁波江氧设备租赁有限公司,,,,
宁波市朴宿怡澜民宿有限公司,,,,
宁波市奉化区徐飞云烤鱼店,,,,
奉化市王永华餐厅,,,,
宁波奉化富璟火锅店,,,,
宁波奉化三横聚客园饭店,,,,
宁波市奉化区宝鑫珠宝首饰店,,,,
宁波奉化富翔工艺品厂,,,,
宁波市奉化区赵君化妆品店,,,,
上海生椰出马餐饮管理有限公司,,,,
宁波沐风堂艺术传媒有限公司,,,,
宁波市奉化区啊芬餐饮店,,,,
宁波辰友珠宝有限公司,,,,
宁波市奉化溪口金港湾浴场,,,,
宁波雪窦山演艺经纪有限公司,,,,
宁波奉化万达古茗奶茶店,,,,
宁波市奉化区林红餐饮店,,,,
宁波以沫文化传媒有限公司第五分公司,,,,
奉化市晶都汽车租赁有限公司,,,,
宁波斌华二手车经纪有限公司,,,,
宁波市奉化区阳辰广告装饰部,,,,
宁波市奉化区万福来打金店,,,,
宁波奉化星动溜溜轮滑店,,,,
爱意文化传媒（宁波）有限公司,,,,
宁波简丹空间设计有限公司,,,,
宁波市镇海区骆驼和美家纺店,,,,
宁波众爱贸易有限公司,,,,
宁波俞诚文化传媒有限公司,,,,
宁波市镇海区骆驼吴继西棋牌室,,,,
宁波大头郭文化传媒有限公司,,,,
宁波市镇海区骆驼赣川相饭店,,,,
宁波驿泊停车管理有限公司,,,,
宁波市镇海区招宝山一品奶茶店,,,,
宁波市镇海区骆驼加勒比海盗餐厅,,,,
宁波市镇海区骆驼温新化妆品商行,,,,
宁波光耀文化传媒有限公司,,,,
宁波镇海北杏企业管理工作室,,,,
宁波市劲达体育发展有限公司,,,,
宁波地平线装潢设计有限公司,,,,
宁波镇海荣幸餐饮服务部,,,,
宁波卓战酒店管理有限公司,,,,
宁波市镇海区招宝山约饭快餐店,,,,
宁波锺亿摄影器材有限公司,,,,
宁波市镇海区庄市吐司奶吧饮品店,,,,
宁波宇惠通贸易有限公司,,,,
宁波悦邦汽车贸易有限公司,,,,
宁波市镇海区澥浦许家餐馆,,,,
宁波市镇海区骆驼百兴家电商店,,,,
宁波泓扬电子商务有限公司,,,,
宁波市镇海区招宝山任雪窗帘店,,,,
宁波凯华展览有限公司,,,,
宁波苏合文化传媒有限公司,,,,
宁波市镇海区骆驼赤宵川菜馆,,,,
宁波镇海沃锡君挖掘机租赁部,,,,
宁波中耕稻盛文化发展有限公司,,,,
宁波启通教育科技有限公司,,,,
宁波市镇海区骆驼四方打字店,,,,
宁波祥昶商贸有限公司,,,,
宁波市镇海龙豪塑品厂,,,,
宁波市镇海区骆驼星诺儿童乐园,,,,
宁波市镇海区九龙湖芳华里广告创意工作室,,,,
宁波猛士文化传媒有限公司,,,,
宁波阿特艺术特长培训有限公司,,,,
宁波市镇海杰岳网吧有限公司,,,,
宁波市镇海区小米艺术特长培训有限公司,,,,
宁波市镇海区九龙湖面前山农家乐店,,,,
宁波花涧谷尚文化传媒有限公司,,,,
宁波市镇海区贝乐艺术特长培训有限公司,,,,
浙江晨熠数字科技有限公司,,,,
宁波市镇海区庄市青林咖啡店,,,,
宁波锐意数码影像有限公司,,,,
宁波市镇海区庄市陈术华饭店,,,,
宁波市鄞州首南迈诺餐厅,,,,
宁波易媒文化传媒有限公司,,,,
宁波梅山保税港区海根杨甫洲商务服务部,,,,
宁波海曙诗云足浴店,,,,
宁波磨古文化有限公司,,,,
