czrkrkid,birth_pcc,belo_pcc,identi_id,nm,used_nm,gen,nation,birth_dt,birth_country,czrkjggj,native_pcc,edu_degree,marital_status,mili_ser_status,addr,xpurl,czrkhhid,account_num,account_type,household_rela,dead_dt,dead_can_type,moveout_dt,moveout_can_type,can_dt,can_id,police_station_nm,czrkpcsjgdm,street_nm,resi_commit_nm,czrkjlx,czrkjwh,czrkxzjd,czrksjxgxsj
,,,,,,,,,,,,,,,北仑区新碶街道中河路399号银泰城一层1059-2号商铺,,,,,,,,,,,,,,,,,,,
,,,,,,,,,,,,,,,浙江省宁波市北仑区梅山街道梅山七星路88号5幢D302室-12693（集群注册）,,,,,,,,,,,,,,,,,,,
,,,,,,,,,,,,,,,浙江省宁波市北仑区春晓街道明月路827号,,,,,,,,,,,,,,,,,,,
,,,,,,,,,,,,,,,浙江省宁波市北仑区梅山街道梅山七星路88号6幢C201室-107625（集群注册）,,,,,,,,,,,,,,,,,,,
,,,,,,,,,,,,,,,浙江省宁波市北仑区梅山街道梅山七星路88号6幢C201室-112565（集群注册）,,,,,,,,,,,,,,,,,,,
,,,,,,,,,,,,,,,浙江省宁波市北仑区梅山街道梅山七星路88号6幢C202室-3865（集群注册）,,,,,,,,,,,,,,,,,,,
,,,,,,,,,,,,,,,浙江省宁波市北仑区梅山街道梅山七星路88号5幢D302室-11504（集群注册）,,,,,,,,,,,,,,,,,,,
,,,,,,,,,,,,,,,浙江省,,,,,,,,,,,,,,,,,,,
,,,,,,,,,,,,,,,浙江省宁波市北仑区梅山街道梅山七星路88号5幢D302室-14422（集群注册）,,,,,,,,,,,,,,,,,,,
,,,,,,,,,,,,,,,北仑新碶九华山路429号203室,,,,,,,,,,,,,,,,,,,
,,,,,,,,,,,,,,,北仑区新碶街道东河路游泳池边,,,,,,,,,,,,,,,,,,,
,,,,,,,,,,,,,,,浙江省宁波市北仑区新碶街道辽河路588号（隆顺家园）14幢辽河路580号202室,,,,,,,,,,,,,,,,,,,
,,,,,,,,,,,,,,,浙江省宁波市北仑区霞浦街道长江南路1号（蓝海资源配置中心）3幢1109号,,,,,,,,,,,,,,,,,,,
,,,,,,,,,,,,,,,浙江省宁波市北仑区新碶街道明州路11号1幢（2-2）号-1二楼,,,,,,,,,,,,,,,,,,,
,,,,,,,,,,,,,,,浙江省宁波市北仑区梅山街道梅山七星路88号5幢D302室-1970（集群注册）,,,,,,,,,,,,,,,,,,,
,,,,,,,,,,,,,,,浙江省宁波市北仑区新碶街道新大路367号1幢734室-2,,,,,,,,,,,,,,,,,,,
,,,,,,,,,,,,,,,浙江省宁波市北仑区春晓街道春晓街道观海路211号6幢1号60-21,,,,,,,,,,,,,,,,,,,
,,,,,,,,,,,,,,,浙江省宁波市北仑区梅山街道梅山七星路88号6幢C202室-4808（集群注册）,,,,,,,,,,,,,,,,,,,
,,,,,,,,,,,,,,,浙江省宁波市北仑区梅山街道梅山七星路88号6幢C201室-111707（集群注册）,,,,,,,,,,,,,,,,,,,
,,,,,,,,,,,,,,,浙江省宁波市北仑区梅山街道梅山七星路88号6幢C201室-113487（集群注册）,,,,,,,,,,,,,,,,,,,
,,,,,,,,,,,,,,,浙江省宁波市北仑区大碶街道宁穿路88号4幢2号404室,,,,,,,,,,,,,,,,,,,
,,,,,,,,,,,,,,,浙江省宁波市北仑区小港街道振兴东路250号1幢250号一层-1,,,,,,,,,,,,,,,,,,,
,,,,,,,,,,,,,,,浙江省宁波市北仑区梅山街道梅山七星路88号6幢C201室-119601（集群注册）,,,,,,,,,,,,,,,,,,,
,,,,,,,,,,,,,,,浙江省宁波市北仑区新碶街道中河路182号1幢408室,,,,,,,,,,,,,,,,,,,
,,,,,,,,,,,,,,,浙江省宁波市北仑区梅山街道梅山七星路88号6幢C201室-113424（集群注册）,,,,,,,,,,,,,,,,,,,
,,,,,,,,,,,,,,,浙江省宁波市北仑区春晓街道听海路662号3幢2号1楼-7,,,,,,,,,,,,,,,,,,,
,,,,,,,,,,,,,,,北仑区新碶高凤路553号1幢553号二楼,,,,,,,,,,,,,,,,,,,
,,,,,,,,,,,,,,,北仑区新碶星中路2号621室,,,,,,,,,,,,,,,,,,,
,,,,,,,,,,,,,,,浙江省宁波市北仑区柴桥街道薪桥北路475号,,,,,,,,,,,,,,,,,,,
,,,,,,,,,,,,,,,浙江省宁波市北仑区梅山街道梅山七星路88号5幢D302室-1965（集群注册）,,,,,,,,,,,,,,,,,,,
,,,,,,,,,,,,,,,浙江省宁波市北仑区梅山街道梅山七星路88号6幢C201室-113015（集群注册）,,,,,,,,,,,,,,,,,,,
,,,,,,,,,,,,,,,浙江省宁波市北仑区梅山街道梅港村南汇陈家东80号二层-2,,,,,,,,,,,,,,,,,,,
,,,,,,,,,,,,,,,浙江省宁波市北仑区霞浦街道陈华村周家祠71号-1,,,,,,,,,,,,,,,,,,,
,,,,,,,,,,,,,,,浙江省宁波市北仑区梅山街道梅山七星路88号6幢C201室-109548（集群注册）,,,,,,,,,,,,,,,,,,,
,,,,,,,,,,,,,,,浙江省宁波保税区兴业一路5号1幢7楼701室（甬保市场公司托管T342号）,,,,,,,,,,,,,,,,,,,
,,,,,,,,,,,,,,,浙江省宁波市北仑区梅山街道梅山七星路88号5幢D302室-12381（集群注册）,,,,,,,,,,,,,,,,,,,
,,,,,,,,,,,,,,,北仑区戚家山街道东海路202巷32号14幢,,,,,,,,,,,,,,,,,,,
,,,,,,,,,,,,,,,浙江省宁波市北仑区梅山街道梅山七星路88号6幢C201室-100901（集群注册）,,,,,,,,,,,,,,,,,,,
,,,,,,,,,,,,,,,浙江省宁波市北仑区梅山街道梅山七星路88号5幢D302室-3751（集群注册）,,,,,,,,,,,,,,,,,,,
,,,,,,,,,,,,,,,浙江省宁波市北仑区梅山街道梅山七星路88号6幢C201室-105984（集群注册）,,,,,,,,,,,,,,,,,,,
,,,,,,,,,,,,,,,浙江省宁波市北仑区梅山街道梅山七星路88号5幢D302室-12131（集群注册）,,,,,,,,,,,,,,,,,,,
,,,,,,,,,,,,,,,浙江省宁波市北仑区梅山街道梅山七星路88号6幢C201室-113943（集群注册）,,,,,,,,,,,,,,,,,,,
,,,,,,,,,,,,,,,浙江省宁波市大榭开发区碧海华庭10幢一楼L1-003号商铺,,,,,,,,,,,,,,,,,,,
,,,,,,,,,,,,,,,浙江省宁波市北仑区梅山街道梅山七星路88号5幢D302室-14479（集群注册）,,,,,,,,,,,,,,,,,,,
,,,,,,,,,,,,,,,浙江省宁波市北仑区梅山街道梅山七星路88号5幢D302室-15366（集群注册）,,,,,,,,,,,,,,,,,,,
,,,,,,,,,,,,,,,浙江省宁波市北仑区梅山街道梅山七星路88号5幢D302室-3257（集群注册）,,,,,,,,,,,,,,,,,,,
,,,,,,,,,,,,,,,浙江省宁波市北仑区梅山街道梅山七星路88号5幢D302室-15719（集群注册）,,,,,,,,,,,,,,,,,,,
,,,,,,,,,,,,,,,浙江省宁波市北仑区梅山街道梅山七星路88号5幢D302室-2733（集群注册）,,,,,,,,,,,,,,,,,,,
,,,,,,,,,,,,,,,浙江省宁波市北仑区梅山街道梅山七星路88号5幢D302室-4754（集群注册）,,,,,,,,,,,,,,,,,,,
,,,,,,,,,,,,,,,"浙江省宁波市北仑区新碶新大路959号3层,961-965号（单号）2-3层,967号1-3层",,,,,,,,,,,,,,,,,,,
,,,,,,,,,,,,,,,浙江省宁波市北仑区梅山街道梅山七星路88号6幢C201室-106612（集群注册）,,,,,,,,,,,,,,,,,,,
,,,,,,,,,,,,,,,浙江省宁波市北仑区梅山街道梅山七星路88号6幢C201室-118937（集群注册）,,,,,,,,,,,,,,,,,,,
,,,,,,,,,,,,,,,北仑区柴桥街道薪桥北路428号,,,,,,,,,,,,,,,,,,,
,,,,,,,,,,,,,,,浙江省宁波市北仑区梅山街道梅山七星路88号6幢C202室-00000225（集群注册）,,,,,,,,,,,,,,,,,,,
,,,,,,,,,,,,,,,浙江省宁波市北仑区大碶街道宝山路1298号6层655室（承诺申报）,,,,,,,,,,,,,,,,,,,
,,,,,,,,,,,,,,,浙江省宁波市北仑区小港街道枫林路68弄36号10幢1号楼-2F-223,,,,,,,,,,,,,,,,,,,
,,,,,,,,,,,,,,,浙江省宁波市北仑区大碶街道宝山路1282号博地影秀城七层C702-C703,,,,,,,,,,,,,,,,,,,
,,,,,,,,,,,,,,,浙江省宁波保税区兴业大道2号A812室（甬保商务秘书公司托管B1667号）,,,,,,,,,,,,,,,,,,,
,,,,,,,,,,,,,,,浙江省宁波市北仑区新碶街道中河南路295号一层、297号,,,,,,,,,,,,,,,,,,,
,,,,,,,,,,,,,,,浙江省宁波市北仑区梅山街道梅山七星路88号6幢C201室-108165（集群注册）,,,,,,,,,,,,,,,,,,,
,,,,,,,,,,,,,,,北仑区白峰街道枫江路1339号17幢1号102室,,,,,,,,,,,,,,,,,,,
,,,,,,,,,,,,,,,浙江省宁波市北仑区小港街道渡口南路199号29幢199号-2,,,,,,,,,,,,,,,,,,,
,,,,,,,,,,,,,,,浙江省宁波市北仑区小港街道新模村墓孝陈320号一层-1（承诺申报）,,,,,,,,,,,,,,,,,,,
,,,,,,,,,,,,,,,浙江省宁波市北仑区新碶街道宝山路128号（黄金海岸）D2幢502室-2,,,,,,,,,,,,,,,,,,,
,,,,,,,,,,,,,,,浙江省宁波市北仑区梅山街道梅山七星路88号6幢C202室-4025（集群注册）,,,,,,,,,,,,,,,,,,,
,,,,,,,,,,,,,,,宁波保税区国际发展大厦203-1室,,,,,,,,,,,,,,,,,,,
,,,,,,,,,,,,,,,浙江省宁波市北仑区新碶街道华山路111-1号（承诺申报）,,,,,,,,,,,,,,,,,,,
,,,,,,,,,,,,,,,浙江省宁波市北仑区梅山街道梅山七星路88号5幢D302室-37484（集群注册）,,,,,,,,,,,,,,,,,,,
,,,,,,,,,,,,,,,北仑区梅山街道梅港村外墩头40-2号（二楼）,,,,,,,,,,,,,,,,,,,
,,,,,,,,,,,,,,,浙江省宁波市北仑区梅山街道梅山七星路88号6幢C201室-113590（集群注册）,,,,,,,,,,,,,,,,,,,
,,,,,,,,,,,,,,,浙江省宁波市北仑区梅山街道梅山七星路88号6幢C201室-105265（集群注册）,,,,,,,,,,,,,,,,,,,
,,,,,,,,,,,,,,,浙江省宁波市北仑区新碶街道宝山路527号（北仑金融大厦）1幢2201-10室,,,,,,,,,,,,,,,,,,,
,,,,,,,,,,,,,,,浙江省宁波市北仑区梅山街道梅山七星路88号6幢C201室-113962（集群注册）,,,,,,,,,,,,,,,,,,,
,,,,,,,,,,,,,,,浙江省宁波市北仑区梅山街道梅山七星路88号5幢D302室-12659（集群注册）,,,,,,,,,,,,,,,,,,,
,,,,,,,,,,,,,,,浙江省宁波市北仑区梅山街道梅山七星路88号5幢D302室-4672（集群注册）,,,,,,,,,,,,,,,,,,,
,,,,,,,,,,,,,,,浙江省宁波市北仑区梅山街道梅山七星路88号5幢D302室-7408（集群注册）,,,,,,,,,,,,,,,,,,,
,,,,,,,,,,,,,,,浙江省宁波市北仑区梅山街道梅山七星路88号6幢C202室-00000734（集群注册）,,,,,,,,,,,,,,,,,,,
,,,,,,,,,,,,,,,浙江省宁波市北仑区岷山路505号（银泰城）2幢2-3号2060-1号,,,,,,,,,,,,,,,,,,,
,,,,,,,,,,,,,,,浙江省宁波市北仑区梅山街道梅山七星路88号6幢C202室-946（集群注册）,,,,,,,,,,,,,,,,,,,
,,,,,,,,,,,,,,,浙江省宁波市北仑区梅山街道梅山七星路88号5幢D302室-14695（集群注册）,,,,,,,,,,,,,,,,,,,
,,,,,,,,,,,,,,,浙江省宁波市北仑区梅山街道梅山七星路88号6幢C201室-102885（集群注册）,,,,,,,,,,,,,,,,,,,
,,,,,,,,,,,,,,,浙江省宁波市北仑区梅山街道梅山七星路88号5幢D302室-3126（集群注册）,,,,,,,,,,,,,,,,,,,
,,,,,,,,,,,,,,,浙江省宁波市北仑区梅山街道梅山七星路88号6幢C201室-113295（集群注册）,,,,,,,,,,,,,,,,,,,
,,,,,,,,,,,,,,,北仑区小港街道渡口南路177巷20号1幢20号,,,,,,,,,,,,,,,,,,,
,,,,,,,,,,,,,,,浙江省宁波市北仑区梅山街道梅山七星路88号6幢C202室-3699（集群注册）,,,,,,,,,,,,,,,,,,,
,,,,,,,,,,,,,,,北仑区柴桥街道白云路46号,,,,,,,,,,,,,,,,,,,
,,,,,,,,,,,,,,,浙江省宁波市北仑区大碶街道新大路1508号-1,,,,,,,,,,,,,,,,,,,
,,,,,,,,,,,,,,,北仑区霞浦街道永定河路55号7幢1号2-3,,,,,,,,,,,,,,,,,,,
,,,,,,,,,,,,,,,浙江省宁波市北仑区新碶街道中河路126号139幢126号-1,,,,,,,,,,,,,,,,,,,
,,,,,,,,,,,,,,,浙江省宁波市北仑区梅山街道梅港村茶厂跟东25-1号,,,,,,,,,,,,,,,,,,,
,,,,,,,,,,,,,,,宁波保税区国际发展大厦202-135室,,,,,,,,,,,,,,,,,,,
,,,,,,,,,,,,,,,浙江省宁波市北仑区梅山街道梅山七星路88号5幢D302室-19097（集群注册）,,,,,,,,,,,,,,,,,,,
,,,,,,,,,,,,,,,浙江省宁波市北仑区新碶街道恒山路488号1幢1号10层1001室,,,,,,,,,,,,,,,,,,,
,,,,,,,,,,,,,,,北仑区新碶街道镇府路17号,,,,,,,,,,,,,,,,,,,
,,,,,,,,,,,,,,,浙江省宁波市北仑区梅山街道梅山七星路88号6幢C201室-110677（集群注册）,,,,,,,,,,,,,,,,,,,
,,,,,,,,,,,,,,,浙江省宁波市北仑区梅山街道梅山七星路88号5幢D302室-15203（集群注册）,,,,,,,,,,,,,,,,,,,
,,,,,,,,,,,,,,,浙江省宁波市北仑区梅山街道梅山七星路88号5幢D302室-582（集群注册）,,,,,,,,,,,,,,,,,,,
,,,,,,,,,,,,,,,浙江省宁波市北仑区梅山街道梅山七星路88号5幢D302室-3879（集群注册）,,,,,,,,,,,,,,,,,,,
,,,,,,,,,,,,,,,浙江省宁波市北仑区梅山街道梅山七星路88号5幢D302室-6388（集群注册）,,,,,,,,,,,,,,,,,,,
,,,,,,,,,,,,,,,浙江省宁波市北仑区春晓春晓大道128号2幢1号第1层的第40轴-第41轴,,,,,,,,,,,,,,,,,,,
,,,,,,,,,,,,,,,北仑新大路1069-2号D座101-2室,,,,,,,,,,,,,,,,,,,
,,,,,,,,,,,,,,,浙江省宁波保税区兴业大道2号A812室（甬保商务秘书公司托管B43号）,,,,,,,,,,,,,,,,,,,
,,,,,,,,,,,,,,,浙江省宁波市北仑区梅山街道梅山七星路88号5幢D302室-9150（集群注册）,,,,,,,,,,,,,,,,,,,
,,,,,,,,,,,,,,,北仑戚家山街道联合区域皇冠大厦裙楼三层,,,,,,,,,,,,,,,,,,,
,,,,,,,,,,,,,,,浙江省宁波市北仑区梅山街道梅山七星路88号6幢C201室-110233（集群注册）,,,,,,,,,,,,,,,,,,,
,,,,,,,,,,,,,,,浙江省宁波市北仑区梅山街道梅山七星路88号5幢D302室-32810（集群注册）,,,,,,,,,,,,,,,,,,,
,,,,,,,,,,,,,,,浙江省宁波市北仑区梅山街道梅山七星路88号5幢D302室-11264（集群注册）,,,,,,,,,,,,,,,,,,,
,,,,,,,,,,,,,,,浙江省宁波市北仑区大碶街道宝山路1288号16层1687室,,,,,,,,,,,,,,,,,,,
,,,,,,,,,,,,,,,浙江省宁波市北仑区梅山街道梅山七星路88号6幢C201室-106196（集群注册）,,,,,,,,,,,,,,,,,,,
,,,,,,,,,,,,,,,浙江省宁波市北仑区春晓街道洋沙山（梅山湾冰雪大世界北侧-3）,,,,,,,,,,,,,,,,,,,
,,,,,,,,,,,,,,,浙江省宁波市北仑区梅山街道梅山七星路88号5幢D302室-6068（集群注册）,,,,,,,,,,,,,,,,,,,
,,,,,,,,,,,,,,,浙江省宁波市北仑区梅山街道梅中村里岙下路191-1号,,,,,,,,,,,,,,,,,,,
,,,,,,,,,,,,,,,浙江省宁波市北仑区梅山街道梅山七星路88号6幢C201室-111911（集群注册）,,,,,,,,,,,,,,,,,,,
,,,,,,,,,,,,,,,浙江省宁波市北仑区梅山盐场1号办公楼二十一号111室,,,,,,,,,,,,,,,,,,,
,,,,,,,,,,,,,,,北仑区新碶街道新建路2-3号,,,,,,,,,,,,,,,,,,,
,,,,,,,,,,,,,,,浙江省宁波市北仑区梅山街道梅山七星路88号6幢C201室-108055（集群注册）,,,,,,,,,,,,,,,,,,,
,,,,,,,,,,,,,,,浙江省宁波市北仑区霞浦街道陈华村大夫第85号-1（承诺申报）,,,,,,,,,,,,,,,,,,,
,,,,,,,,,,,,,,,北仑区柴桥街道同盟村吴家19号,,,,,,,,,,,,,,,,,,,
,,,,,,,,,,,,,,,浙江省宁波市北仑区大碶街道宝山路1288号13层1302室,,,,,,,,,,,,,,,,,,,
,,,,,,,,,,,,,,,浙江省宁波市北仑区梅山街道梅山七星路88号5幢D302室-5565（集群注册）,,,,,,,,,,,,,,,,,,,
,,,,,,,,,,,,,,,浙江省宁波市大榭开发区海岸路257号-2,,,,,,,,,,,,,,,,,,,
,,,,,,,,,,,,,,,浙江省宁波市北仑区梅山街道梅山七星路88号5幢D302室-234（集群注册）,,,,,,,,,,,,,,,,,,,
,,,,,,,,,,,,,,,浙江省宁波市北仑区梅山街道梅山七星路88号5幢D302室-14231（集群注册）,,,,,,,,,,,,,,,,,,,
,,,,,,,,,,,,,,,浙江省宁波市北仑区梅山街道梅山七星路88号5幢D302室-7692（集群注册）,,,,,,,,,,,,,,,,,,,
,,,,,,,,,,,,,,,浙江省宁波市北仑区梅山街道梅山七星路88号5幢D302室-15369（集群注册）,,,,,,,,,,,,,,,,,,,
,,,,,,,,,,,,,,,浙江省宁波市北仑区新碶街道宝山路65号（凤凰国际商务广场）2幢304室,,,,,,,,,,,,,,,,,,,
,,,,,,,,,,,,,,,浙江省宁波市北仑区大碶街道徐洋六路58-14.15.16号1幢1-1号,,,,,,,,,,,,,,,,,,,
,,,,,,,,,,,,,,,浙江省宁波保税区大厦314室,,,,,,,,,,,,,,,,,,,
,,,,,,,,,,,,,,,浙江省宁波市北仑区梅山街道梅山七星路88号6幢C201室-107071（集群注册）,,,,,,,,,,,,,,,,,,,
,,,,,,,,,,,,,,,浙江省宁波市保税区宁波保税区银天大厦909-4室,,,,,,,,,,,,,,,,,,,
,,,,,,,,,,,,,,,浙江省宁波市北仑区梅山街道梅山七星路88号5幢D302室-689（集群注册）,,,,,,,,,,,,,,,,,,,
,,,,,,,,,,,,,,,浙江省宁波市大榭开发区信拓路275号1幢702室（住所申报承诺试点区）,,,,,,,,,,,,,,,,,,,
,,,,,,,,,,,,,,,浙江省宁波市北仑区梅山街道梅山七星路88号5幢D302室-5298（集群注册）,,,,,,,,,,,,,,,,,,,
,,,,,,,,,,,,,,,浙江省宁波市北仑区梅山街道梅山七星路88号5幢D302室-4644（集群注册）,,,,,,,,,,,,,,,,,,,
,,,,,,,,,,,,,,,浙江省宁波市北仑区梅山街道梅山七星路88号6幢C201室-110890（集群注册）,,,,,,,,,,,,,,,,,,,
,,,,,,,,,,,,,,,浙江省宁波市北仑区梅山街道梅山七星路88号5幢D302室-12601（集群注册）,,,,,,,,,,,,,,,,,,,
,,,,,,,,,,,,,,,浙江省宁波市北仑区新碶街道中河路399号（银泰城）2幢4-6号04090-B-5室,,,,,,,,,,,,,,,,,,,
,,,,,,,,,,,,,,,浙江省宁波市北仑区春晓街道听海路675号1幢01号第一层675-24,,,,,,,,,,,,,,,,,,,
,,,,,,,,,,,,,,,浙江省宁波市北仑区梅山街道梅山盐场1号办公楼二十号641室,,,,,,,,,,,,,,,,,,,
,,,,,,,,,,,,,,,浙江省宁波保税区兴业大道2号A812室（甬保商务秘书公司托管N74号）,,,,,,,,,,,,,,,,,,,
,,,,,,,,,,,,,,,浙江省宁波市北仑区梅山街道梅山七星路88号6幢C202室-4895（集群注册）,,,,,,,,,,,,,,,,,,,
,,,,,,,,,,,,,,,浙江省宁波市北仑区梅山街道梅山七星路88号5幢D302室-13971（集群注册）,,,,,,,,,,,,,,,,,,,
,,,,,,,,,,,,,,,北仑区新大路1069号41幢1号414室,,,,,,,,,,,,,,,,,,,
,,,,,,,,,,,,,,,浙江省宁波市北仑区梅山街道梅山七星路88号5幢D302室-16445（集群注册）,,,,,,,,,,,,,,,,,,,
,,,,,,,,,,,,,,,北仑区新碶街道富邦世纪商业广场B区富邦街33、35、115、116号,,,,,,,,,,,,,,,,,,,
,,,,,,,,,,,,,,,浙江省宁波市北仑区梅山街道梅山七星路88号6幢C201室-100801（集群注册）,,,,,,,,,,,,,,,,,,,
,,,,,,,,,,,,,,,浙江省宁波市北仑区柴桥街道盟光路501号,,,,,,,,,,,,,,,,,,,
,,,,,,,,,,,,,,,浙江省宁波市北仑区新碶街道宝山路217号（东一时区大厦）C幢1924室,,,,,,,,,,,,,,,,,,,
,,,,,,,,,,,,,,,浙江省宁波市北仑区梅山街道梅山七星路88号5幢D302室-3784（集群注册）,,,,,,,,,,,,,,,,,,,
,,,,,,,,,,,,,,,浙江省宁波市北仑区梅山街道梅山七星路88号6幢C201室-103289（集群注册）,,,,,,,,,,,,,,,,,,,
,,,,,,,,,,,,,,,浙江省宁波市北仑区梅山梅山大道288号2幢412室,,,,,,,,,,,,,,,,,,,
,,,,,,,,,,,,,,,浙江省宁波市北仑区梅山街道梅山七星路88号6幢C202室00000010（集群注册）,,,,,,,,,,,,,,,,,,,
,,,,,,,,,,,,,,,浙江省宁波保税区兴业大道2号A812室（甬保商务秘书公司托管A250号）,,,,,,,,,,,,,,,,,,,
,,,,,,,,,,,,,,,浙江省宁波市北仑区梅山街道梅山七星路88号6幢C201室-105829（集群注册）,,,,,,,,,,,,,,,,,,,
,,,,,,,,,,,,,,,浙江省宁波市北仑区新碶街道恒山路863号1幢219室216,,,,,,,,,,,,,,,,,,,
,,,,,,,,,,,,,,,浙江省宁波市北仑区霞浦街道长江南路155号（梧高名座）1幢3-5、4-5号,,,,,,,,,,,,,,,,,,,
,,,,,,,,,,,,,,,浙江省慈溪市白沙路街道慈甬路1848号,,,,,,,,,,,,,,,,,,,
,,,,,,,,,,,,,,,浙江省慈溪市周巷镇天元镇北路18号（一至二楼）,,,,,,,,,,,,,,,,,,,
,,,,,,,,,,,,,,,浙江省宁波杭州湾新区庵东镇宏兴村七塘公路20号（住宅）,,,,,,,,,,,,,,,,,,,
,,,,,,,,,,,,,,,浙江省慈溪市浒山街道慈甬路187-189号（二楼）,,,,,,,,,,,,,,,,,,,
,,,,,,,,,,,,,,,浙江省慈溪市观海卫镇城隍庙村广义路138号、136号,,,,,,,,,,,,,,,,,,,
,,,,,,,,,,,,,,,慈溪市胜山镇胜山头村马潭路260号,,,,,,,,,,,,,,,,,,,
,,,,,,,,,,,,,,,浙江省慈溪市浒山街道新都汇51号（新都汇商务中心）,,,,,,,,,,,,,,,,,,,
,,,,,,,,,,,,,,,慈溪市周巷镇潭东村陆巷89号,,,,,,,,,,,,,,,,,,,
,,,,,,,,,,,,,,,慈溪市掌起镇巴里村贴水路7号,,,,,,,,,,,,,,,,,,,
,,,,,,,,,,,,,,,浙江省宁波市慈溪市古塘街道西洋寺路112号,,,,,,,,,,,,,,,,,,,
,,,,,,,,,,,,,,,浙江省宁波前湾新区世纪城揽月苑12号楼2-10室,,,,,,,,,,,,,,,,,,,
,,,,,,,,,,,,,,,浙江省宁波市慈溪市古塘街道吉祥路393-395号（一层）,,,,,,,,,,,,,,,,,,,
,,,,,,,,,,,,,,,慈溪市桥头镇小桥头村,,,,,,,,,,,,,,,,,,,
,,,,,,,,,,,,,,,浙江省慈溪市白沙路街道人和路896号、898号（湖心半岛花苑）,,,,,,,,,,,,,,,,,,,
,,,,,,,,,,,,,,,浙江省慈溪市浒山街道孙塘南路56号（和田雅园）,,,,,,,,,,,,,,,,,,,
,,,,,,,,,,,,,,,浙江省慈溪市坎墩街道坎中村坎墩街871号,,,,,,,,,,,,,,,,,,,
,,,,,,,,,,,,,,,浙江省慈溪市宗汉街道马家路村后池里头90号,,,,,,,,,,,,,,,,,,,
,,,,,,,,,,,,,,,浙江省慈溪市观海卫镇鸣兴西路268-270号,,,,,,,,,,,,,,,,,,,
,,,,,,,,,,,,,,,浙江省宁波市慈溪市观海卫镇广义南路71号,,,,,,,,,,,,,,,,,,,
,,,,,,,,,,,,,,,慈溪市坎墩街道三群村三群小区65号,,,,,,,,,,,,,,,,,,,
,,,,,,,,,,,,,,,慈溪市龙山镇农垦场三分场,,,,,,,,,,,,,,,,,,,
,,,,,,,,,,,,,,,慈溪市坎墩街道沈五村,,,,,,,,,,,,,,,,,,,
,,,,,,,,,,,,,,,宁波杭州湾新区庵东镇西三村廿八叉,,,,,,,,,,,,,,,,,,,
,,,,,,,,,,,,,,,浙江省慈溪市龙山镇施公山村蓬莱中街642号,,,,,,,,,,,,,,,,,,,
,,,,,,,,,,,,,,,慈溪市浒山街道金一路7号,,,,,,,,,,,,,,,,,,,
,,,,,,,,,,,,,,,浙江省宁波市慈溪市观海卫镇工业园东区桃园东路14号,,,,,,,,,,,,,,,,,,,
,,,,,,,,,,,,,,,慈溪市龙山镇新东村慈范路351号6号楼3楼,,,,,,,,,,,,,,,,,,,
,,,,,,,,,,,,,,,浙江省慈溪市古塘街道科技路189号B栋-1,,,,,,,,,,,,,,,,,,,
,,,,,,,,,,,,,,,浙江省慈溪市观海卫镇三北中路66号,,,,,,,,,,,,,,,,,,,
,,,,,,,,,,,,,,,浙江省慈溪市逍林镇逍林大道861号,,,,,,,,,,,,,,,,,,,
,,,,,,,,,,,,,,,浙江省慈溪市龙山镇达蓬村达蓬北路,,,,,,,,,,,,,,,,,,,
,,,,,,,,,,,,,,,慈溪市横河镇河滨东路128号,,,,,,,,,,,,,,,,,,,
,,,,,,,,,,,,,,,浙江省宁波杭州湾新区庵东镇元祥村庵余路227号,,,,,,,,,,,,,,,,,,,
,,,,,,,,,,,,,,,浙江省慈溪市龙山镇农垦场龙镇大道259号,,,,,,,,,,,,,,,,,,,
,,,,,,,,,,,,,,,慈溪市周巷镇镇东新村上庵东147号,,,,,,,,,,,,,,,,,,,
,,,,,,,,,,,,,,,宁波杭州湾新区滨海一路,,,,,,,,,,,,,,,,,,,
,,,,,,,,,,,,,,,浙江省宁波市慈溪市掌起镇柴家村夜市北路4号,,,,,,,,,,,,,,,,,,,
,,,,,,,,,,,,,,,浙江省慈溪市白沙路街道金帅大厦<4-1>室402号,,,,,,,,,,,,,,,,,,,
,,,,,,,,,,,,,,,慈溪市古塘街道西洋寺路125号,,,,,,,,,,,,,,,,,,,
,,,,,,,,,,,,,,,浙江省宁波市慈溪市掌起镇厉家村周家西弄25号,,,,,,,,,,,,,,,,,,,
,,,,,,,,,,,,,,,慈溪市胜山镇镇前村（联丰）,,,,,,,,,,,,,,,,,,,
,,,,,,,,,,,,,,,浙江省宁波市慈溪市观海卫镇白洋村,,,,,,,,,,,,,,,,,,,
,,,,,,,,,,,,,,,浙江省宁波市慈溪市古塘街道大新路130号,,,,,,,,,,,,,,,,,,,
,,,,,,,,,,,,,,,慈溪市坎墩街道坎中村,,,,,,,,,,,,,,,,,,,
,,,,,,,,,,,,,,,慈溪市逍林镇桥一村缘堂路87号,,,,,,,,,,,,,,,,,,,
,,,,,,,,,,,,,,,浙江省慈溪市浒山街道金一路240号,,,,,,,,,,,,,,,,,,,
,,,,,,,,,,,,,,,浙江省慈溪市横河镇洋山岗村蒋家河9号,,,,,,,,,,,,,,,,,,,
,,,,,,,,,,,,,,,浙江省宁波市慈溪市周巷镇兴业北路651号（二楼）,,,,,,,,,,,,,,,,,,,
,,,,,,,,,,,,,,,浙江省慈溪市白沙路街道群丰社区先士地路8号,,,,,,,,,,,,,,,,,,,
,,,,,,,,,,,,,,,浙江省慈溪市古塘街道孙塘北路1389号一层-6号,,,,,,,,,,,,,,,,,,,
,,,,,,,,,,,,,,,慈溪市坎墩街道二灶市村九甲弄南148号,,,,,,,,,,,,,,,,,,,
,,,,,,,,,,,,,,,浙江省宁波前湾新区崇寿镇六塘村六塘869号,,,,,,,,,,,,,,,,,,,
,,,,,,,,,,,,,,,浙江省宁波市慈溪市观海卫镇观海卫路191号,,,,,,,,,,,,,,,,,,,
,,,,,,,,,,,,,,,浙江省慈溪市附海镇南圆村观附公路500号,,,,,,,,,,,,,,,,,,,
,,,,,,,,,,,,,,,慈溪市附海镇海中路22号,,,,,,,,,,,,,,,,,,,
,,,,,,,,,,,,,,,慈溪市龙山镇新西村人民路4号,,,,,,,,,,,,,,,,,,,
,,,,,,,,,,,,,,,浙江省宁波前湾新区世纪城梦想公寓1号楼1507室,,,,,,,,,,,,,,,,,,,
,,,,,,,,,,,,,,,慈溪市古塘街道西洋寺路110号,,,,,,,,,,,,,,,,,,,
,,,,,,,,,,,,,,,慈溪市匡堰镇王家埭村,,,,,,,,,,,,,,,,,,,
,,,,,,,,,,,,,,,浙江省慈溪市逍林镇宏跃村林西路328号,,,,,,,,,,,,,,,,,,,
,,,,,,,,,,,,,,,浙江省慈溪市新浦镇荣誉村阮家丁339号,,,,,,,,,,,,,,,,,,,
,,,,,,,,,,,,,,,浙江省慈溪市浒山街道东山路219号一层,,,,,,,,,,,,,,,,,,,
,,,,,,,,,,,,,,,浙江省慈溪市坎墩街道人和家园一号楼1409室,,,,,,,,,,,,,,,,,,,
,,,,,,,,,,,,,,,浙江省慈溪市通汇路89号（综合商贸城）第4080号商铺,,,,,,,,,,,,,,,,,,,
,,,,,,,,,,,,,,,浙江省慈溪市观海卫镇沈师桥村三北东路783、785号,,,,,,,,,,,,,,,,,,,
,,,,,,,,,,,,,,,浙江省慈溪市古塘街道明州路454号6幢301、302、303、308,,,,,,,,,,,,,,,,,,,
,,,,,,,,,,,,,,,浙江省慈溪市匡堰镇倡隆村楝树下37号,,,,,,,,,,,,,,,,,,,
,,,,,,,,,,,,,,,慈溪市逍林镇宏跃村,,,,,,,,,,,,,,,,,,,
,,,,,,,,,,,,,,,慈溪市龙山镇达蓬村,,,,,,,,,,,,,,,,,,,
,,,,,,,,,,,,,,,浙江省慈溪市浒山街道上林坊4号楼水门路178#,,,,,,,,,,,,,,,,,,,
,,,,,,,,,,,,,,,浙江省宁波市慈溪市长河镇贤江大道252—258号,,,,,,,,,,,,,,,,,,,
,,,,,,,,,,,,,,,浙江省宁波市慈溪市观海卫镇观海卫路628号（嘉润购物中心）<1-14>室,,,,,,,,,,,,,,,,,,,
,,,,,,,,,,,,,,,浙江省宁波市慈溪市掌起镇镇中路256-260号,,,,,,,,,,,,,,,,,,,
,,,,,,,,,,,,,,,龙海市华达运输有限公司,,,,,,,,,,,,,,,,,,,
,,,,,,,,,,,,,,,浙江省宁波杭州湾新区庵东镇工业园区纬一路88号10号楼,,,,,,,,,,,,,,,,,,,
,,,,,,,,,,,,,,,浙江省宁波市慈溪市掌起镇环城西路38号,,,,,,,,,,,,,,,,,,,
,,,,,,,,,,,,,,,浙江省宁波市慈溪市白沙路街道辰佳大厦<26-2><26-3>室83号工位（自主申报）,,,,,,,,,,,,,,,,,,,
,,,,,,,,,,,,,,,浙江省宁波市慈溪市掌起镇工业区环城西路18号,,,,,,,,,,,,,,,,,,,
,,,,,,,,,,,,,,,浙江省慈溪市浒山街道慈百路252号、254号、256号,,,,,,,,,,,,,,,,,,,
,,,,,,,,,,,,,,,浙江省宁波市慈溪市掌起镇北二环路68号,,,,,,,,,,,,,,,,,,,
,,,,,,,,,,,,,,,慈溪市桥头镇丰潭村后横路46弄4号,,,,,,,,,,,,,,,,,,,
,,,,,,,,,,,,,,,浙江省宁波前湾新区金瑞街18号一楼,,,,,,,,,,,,,,,,,,,
,,,,,,,,,,,,,,,浙江省慈溪市观海卫镇鸣兴村罗鸣南路81号,,,,,,,,,,,,,,,,,,,
,,,,,,,,,,,,,,,浙江省慈溪市浒山街道东山路262号（一层）,,,,,,,,,,,,,,,,,,,
,,,,,,,,,,,,,,,浙江省宁波前湾新区杭州湾大道2615号,,,,,,,,,,,,,,,,,,,
,,,,,,,,,,,,,,,浙江省宁波前湾新区金瑞街56号一楼,,,,,,,,,,,,,,,,,,,
,,,,,,,,,,,,,,,浙江省宁波市慈溪市长河镇沧田村沧大公路52号,,,,,,,,,,,,,,,,,,,
,,,,,,,,,,,,,,,慈溪市掌起镇厉家村镇横街694号,,,,,,,,,,,,,,,,,,,
,,,,,,,,,,,,,,,浙江省宁波市慈溪市浒山街道金一路310号,,,,,,,,,,,,,,,,,,,
,,,,,,,,,,,,,,,浙江省慈溪市横河镇上剑山杨梅大道白金汉爵西门口,,,,,,,,,,,,,,,,,,,
,,,,,,,,,,,,,,,浙江省宁波市慈溪市白沙路街道新河坊3号楼<1-1>-<1-16>、<1-18>-<1-24>、<2-1>-<2-6>、<2-8>-<2-12>、<3-1>-<3-4>室（自主申报）,,,,,,,,,,,,,,,,,,,
,,,,,,,,,,,,,,,浙江省宁波前湾新区滨海二路928号,,,,,,,,,,,,,,,,,,,
,,,,,,,,,,,,,,,宁波杭州湾新区商贸街5号楼13-15#,,,,,,,,,,,,,,,,,,,
,,,,,,,,,,,,,,,浙江省慈溪市龙山镇腾龙四路67号（山水苑）,,,,,,,,,,,,,,,,,,,
,,,,,,,,,,,,,,,浙江省慈溪市浒山街道时代华都4号楼903室,,,,,,,,,,,,,,,,,,,
,,,,,,,,,,,,,,,浙江省慈溪市宗汉街道新华街297号,,,,,,,,,,,,,,,,,,,
,,,,,,,,,,,,,,,慈溪市横河镇龙泉村,,,,,,,,,,,,,,,,,,,
,,,,,,,,,,,,,,,浙江省慈溪市观海卫镇南城边街,,,,,,,,,,,,,,,,,,,
,,,,,,,,,,,,,,,浙江省慈溪市浒山街道天九街150号,,,,,,,,,,,,,,,,,,,
,,,,,,,,,,,,,,,浙江省宁波市慈溪市掌起镇镇中路165号,,,,,,,,,,,,,,,,,,,
,,,,,,,,,,,,,,,浙江省宁波杭州湾新区庵东镇富北村罗北北区147-1号,,,,,,,,,,,,,,,,,,,
,,,,,,,,,,,,,,,浙江省慈溪市浒山街道上房路13号（慈澜府）,,,,,,,,,,,,,,,,,,,
,,,,,,,,,,,,,,,浙江省慈溪市崇寿镇永清北路267号（瑞和名苑）,,,,,,,,,,,,,,,,,,,
,,,,,,,,,,,,,,,浙江省宁波杭州湾新区金源大道19号世纪金源购物中心A区一层L-F1-1019,,,,,,,,,,,,,,,,,,,
,,,,,,,,,,,,,,,浙江省慈溪市横河镇龙南村柘岙陈家71号,,,,,,,,,,,,,,,,,,,
,,,,,,,,,,,,,,,慈溪市逍林镇新园村河后路8号,,,,,,,,,,,,,,,,,,,
,,,,,,,,,,,,,,,浙江省宁波市杭州湾新区宁波杭州湾新区杭州湾大道88号10号楼5-08-39室,,,,,,,,,,,,,,,,,,,
,,,,,,,,,,,,,,,浙江省慈溪市龙山镇新西村后头园路30号,,,,,,,,,,,,,,,,,,,
,,,,,,,,,,,,,,,宁波杭州湾新区新江厦购物广场室内步行街一层1-21号商铺,,,,,,,,,,,,,,,,,,,
,,,,,,,,,,,,,,,浙江省慈溪市掌起镇工业区环城西路18号,,,,,,,,,,,,,,,,,,,
,,,,,,,,,,,,,,,浙江省慈溪市浒山街道开元街189#店面,,,,,,,,,,,,,,,,,,,
,,,,,,,,,,,,,,,浙江省慈溪市浒山街道东山路273-275号一层,,,,,,,,,,,,,,,,,,,
,,,,,,,,,,,,,,,浙江省慈溪市古塘街道三北西大街320-326#（三北名都）（一、二层）,,,,,,,,,,,,,,,,,,,
,,,,,,,,,,,,,,,浙江省慈溪市逍林镇逍林大道877号,,,,,,,,,,,,,,,,,,,
,,,,,,,,,,,,,,,浙江省慈溪市附海镇东海村韩家路50号,,,,,,,,,,,,,,,,,,,
,,,,,,,,,,,,,,,浙江省慈溪市观海卫镇神仙路32号,,,,,,,,,,,,,,,,,,,
,,,,,,,,,,,,,,,慈溪市浒山街道东山路219号,,,,,,,,,,,,,,,,,,,
,,,,,,,,,,,,,,,浙江省宁波前湾新区庵东镇富民村富民路70弄16号（住宅）,,,,,,,,,,,,,,,,,,,
,,,,,,,,,,,,,,,浙江省慈溪市浒山街道金一西路122号-124号（玫瑰园）,,,,,,,,,,,,,,,,,,,
,,,,,,,,,,,,,,,浙江省慈溪市龙山镇西门外村伏龙路72号,,,,,,,,,,,,,,,,,,,
,,,,,,,,,,,,,,,慈溪市庵东镇元祥村,,,,,,,,,,,,,,,,,,,
,,,,,,,,,,,,,,,浙江省慈溪市古塘街道北二环东路56号（实验公寓7号楼一层）,,,,,,,,,,,,,,,,,,,
,,,,,,,,,,,,,,,浙江省慈溪市崇寿镇六塘东街99号,,,,,,,,,,,,,,,,,,,
,,,,,,,,,,,,,,,浙江省慈溪市宗汉街道新界村新界路59号,,,,,,,,,,,,,,,,,,,
,,,,,,,,,,,,,,,浙江省宁波市慈溪市周巷镇周至大道58号周巷中国食品城商铺F<2-91>,,,,,,,,,,,,,,,,,,,
,,,,,,,,,,,,,,,浙江省宁波市慈溪市古塘街道兴业路124-136号,,,,,,,,,,,,,,,,,,,
,,,,,,,,,,,,,,,浙江省慈溪市浒山街道嘉景园28号楼<4-3>、<4-4>室,,,,,,,,,,,,,,,,,,,
,,,,,,,,,,,,,,,浙江省慈溪市横河镇杨梅大道89号,,,,,,,,,,,,,,,,,,,
,,,,,,,,,,,,,,,慈溪市观海卫镇工业园西区（五里村）,,,,,,,,,,,,,,,,,,,
,,,,,,,,,,,,,,,宁波杭州湾新区南洋商城1幢3-1、3-2、3-3、3-4号,,,,,,,,,,,,,,,,,,,
,,,,,,,,,,,,,,,慈溪市观海卫镇广义路,,,,,,,,,,,,,,,,,,,
,,,,,,,,,,,,,,,浙江省慈溪市坎墩街道坎西村顺和路299号,,,,,,,,,,,,,,,,,,,
,,,,,,,,,,,,,,,浙江省宁波杭州湾新区世纪城揽月苑12号楼9-3室（企恒商务托管19）,,,,,,,,,,,,,,,,,,,
,,,,,,,,,,,,,,,浙江省宁波杭州湾新区南洋商城9幢1-26、2-5号,,,,,,,,,,,,,,,,,,,
,,,,,,,,,,,,,,,浙江省慈溪市白沙路街道北三环东路1888号（爱琴海购物公园）一楼10148点位（自主申报）,,,,,,,,,,,,,,,,,,,
,,,,,,,,,,,,,,,浙江省慈溪市龙山镇农垦场龙镇大道219号-4,,,,,,,,,,,,,,,,,,,
,,,,,,,,,,,,,,,慈溪市观海卫镇东大街172号,,,,,,,,,,,,,,,,,,,
,,,,,,,,,,,,,,,浙江省慈溪市横河镇东上河村翠屏路588号,,,,,,,,,,,,,,,,,,,
,,,,,,,,,,,,,,,浙江省慈溪市胜山镇经贸大街558号（慈溪轻纺布料城D区8幢4号）（自主申报）,,,,,,,,,,,,,,,,,,,
,,,,,,,,,,,,,,,浙江省宁波市慈溪市观海卫镇广义路231号,,,,,,,,,,,,,,,,,,,
,,,,,,,,,,,,,,,浙江省宁波市海曙区广安路209弄2号（3-1-7）,,,,,,,,,,,,,,,,,,,
,,,,,,,,,,,,,,,浙江省宁波市海曙区丽园北路755号1278室,,,,,,,,,,,,,,,,,,,
,,,,,,,,,,,,,,,宁波市海曙区联丰路141号458室,,,,,,,,,,,,,,,,,,,
,,,,,,,,,,,,,,,浙江省宁波市海曙区顺德路468号、通达路298、310号2-111、113、116、123、125、126、129、132、194、195、197、199、201、202、204、205、206,,,,,,,,,,,,,,,,,,,
,,,,,,,,,,,,,,,宁波市海曙区南塘河街344号,,,,,,,,,,,,,,,,,,,
,,,,,,,,,,,,,,,浙江省宁波市海曙区孝闻街134号5幢A407室,,,,,,,,,,,,,,,,,,,
,,,,,,,,,,,,,,,浙江省宁波市海曙区药行街31号<19-2>D,,,,,,,,,,,,,,,,,,,
,,,,,,,,,,,,,,,浙江省宁波市海曙区望春工业园区布政东路128号,,,,,,,,,,,,,,,,,,,
,,,,,,,,,,,,,,,浙江省宁波市海曙区大河头路65号3幢206室,,,,,,,,,,,,,,,,,,,
,,,,,,,,,,,,,,,海曙区环城西路南段688弄27号,,,,,,,,,,,,,,,,,,,
,,,,,,,,,,,,,,,浙江省海曙区青林商业中心69号,,,,,,,,,,,,,,,,,,,
,,,,,,,,,,,,,,,浙江省宁波市海曙区古林镇科创南路88号,,,,,,,,,,,,,,,,,,,
,,,,,,,,,,,,,,,浙江省宁波市海曙区环城西路北段439号东六楼A1-3,,,,,,,,,,,,,,,,,,,
,,,,,,,,,,,,,,,浙江省宁波市海曙区宝善路90号5幢2楼-1,,,,,,,,,,,,,,,,,,,
,,,,,,,,,,,,,,,浙江省青林湾西区8号（4-1）,,,,,,,,,,,,,,,,,,,
,,,,,,,,,,,,,,,浙江省宁波市海曙区奥创水晶中心3幢85号11-24,,,,,,,,,,,,,,,,,,,
,,,,,,,,,,,,,,,海曙区高塘四村商业一号楼95号,,,,,,,,,,,,,,,,,,,
,,,,,,,,,,,,,,,宁波市鄞州区洞桥镇三李村,,,,,,,,,,,,,,,,,,,
,,,,,,,,,,,,,,,浙江省宁波市海曙区古林镇薛家南路499号第14层（08、10房间）,,,,,,,,,,,,,,,,,,,
,,,,,,,,,,,,,,,浙江省宁波市海曙区吴家路4号1-3室,,,,,,,,,,,,,,,,,,,
,,,,,,,,,,,,,,,浙江省宁波市海曙区长春路35号<5-27>,,,,,,,,,,,,,,,,,,,
,,,,,,,,,,,,,,,浙江省宁波市海曙区古林镇中心路309号,,,,,,,,,,,,,,,,,,,
,,,,,,,,,,,,,,,海曙区碶闸街170号、172号（天一广场内）,,,,,,,,,,,,,,,,,,,
,,,,,,,,,,,,,,,海曙区公园路76弄4号（3-3）室,,,,,,,,,,,,,,,,,,,
,,,,,,,,,,,,,,,海曙区广安路201号（6-57）室,,,,,,,,,,,,,,,,,,,
,,,,,,,,,,,,,,,浙江省宁波市海曙区石碶街道雅渡新村沿街房68号,,,,,,,,,,,,,,,,,,,
,,,,,,,,,,,,,,,浙江省宁波市海曙区丽园北路755号1178室,,,,,,,,,,,,,,,,,,,
,,,,,,,,,,,,,,,浙江省宁波市海曙区药行街139号（23-26）室,,,,,,,,,,,,,,,,,,,
,,,,,,,,,,,,,,,浙江省宁波市海曙区石碶街道北路三村3幢11号（塘西村）,,,,,,,,,,,,,,,,,,,
,,,,,,,,,,,,,,,浙江省宁波市海曙区高桥镇秀丰村三成路27号-3,,,,,,,,,,,,,,,,,,,
,,,,,,,,,,,,,,,浙江省宁波市海曙区带河巷19号-1,,,,,,,,,,,,,,,,,,,
,,,,,,,,,,,,,,,浙江省宁波市海曙区灵桥路768号芝士公园一层F1040,,,,,,,,,,,,,,,,,,,
,,,,,,,,,,,,,,,宁波市海曙区鄞江镇凤凰山路77号,,,,,,,,,,,,,,,,,,,
,,,,,,,,,,,,,,,浙江省宁波市海曙区中山东路188号F1层1B-6-1号,,,,,,,,,,,,,,,,,,,
,,,,,,,,,,,,,,,浙江省宁波市海曙区集士港镇卖面桥村,,,,,,,,,,,,,,,,,,,
,,,,,,,,,,,,,,,浙江省宁波市海曙区药行街169号（2-17）室,,,,,,,,,,,,,,,,,,,
,,,,,,,,,,,,,,,浙江省宁波市海曙区药行街212号（3-8）-（3-14）（5-5）,,,,,,,,,,,,,,,,,,,
,,,,,,,,,,,,,,,宁波市海曙区集士港镇祝家桥村,,,,,,,,,,,,,,,,,,,
,,,,,,,,,,,,,,,浙江省宁波市海曙区横街镇万华村,,,,,,,,,,,,,,,,,,,
,,,,,,,,,,,,,,,海曙区广济街22号302室,,,,,,,,,,,,,,,,,,,
,,,,,,,,,,,,,,,浙江省宁波市海曙区月湖街道长春路望湖市场1F-34号,,,,,,,,,,,,,,,,,,,
,,,,,,,,,,,,,,,浙江省宁波市海曙区集士港镇祝家桥村,,,,,,,,,,,,,,,,,,,
,,,,,,,,,,,,,,,浙江省宁波市海曙区三支街151号海曙区人才开发广场一层532工位,,,,,,,,,,,,,,,,,,,
,,,,,,,,,,,,,,,浙江省宁波市海曙区药行街204-210号（4-19）室,,,,,,,,,,,,,,,,,,,
,,,,,,,,,,,,,,,宁波市海曙区中山东路93号（8-14）室,,,,,,,,,,,,,,,,,,,
,,,,,,,,,,,,,,,海曙区灵桥日用品市场二层256、258号,,,,,,,,,,,,,,,,,,,
,,,,,,,,,,,,,,,海曙区柳汀街397号1-6,,,,,,,,,,,,,,,,,,,
,,,,,,,,,,,,,,,浙江省宁波市海曙区石碶街道益智新村益智北路七排45号,,,,,,,,,,,,,,,,,,,
,,,,,,,,,,,,,,,浙江省宁波市海曙区古林镇礼嘉桥村61号,,,,,,,,,,,,,,,,,,,
,,,,,,,,,,,,,,,浙江省宁波市海曙区集士港镇集仕芯谷4幢503-5室,,,,,,,,,,,,,,,,,,,
,,,,,,,,,,,,,,,浙江省宁波市海曙区银润豪景商务广场41号013幢（9-3）室,,,,,,,,,,,,,,,,,,,
,,,,,,,,,,,,,,,浙江省宁波市海曙区高桥镇红心村学院路389号,,,,,,,,,,,,,,,,,,,
,,,,,,,,,,,,,,,浙江省宁波市海曙区后莫家巷50号2-112室,,,,,,,,,,,,,,,,,,,
,,,,,,,,,,,,,,,浙江省宁波市海曙区段塘东路135号701室,,,,,,,,,,,,,,,,,,,
,,,,,,,,,,,,,,,宁波市海曙区解放南路63号5幢6楼,,,,,,,,,,,,,,,,,,,
,,,,,,,,,,,,,,,浙江省宁波市海曙区鼓楼街道西河街66号101室-2,,,,,,,,,,,,,,,,,,,
,,,,,,,,,,,,,,,浙江省宁波市海曙区高桥镇罗曼风情17幢51单元618室,,,,,,,,,,,,,,,,,,,
,,,,,,,,,,,,,,,浙江省宁波市海曙区章水镇杜岙村下严,,,,,,,,,,,,,,,,,,,
,,,,,,,,,,,,,,,浙江省宁波市海曙区龙观乡山下村张家新村11幢43号,,,,,,,,,,,,,,,,,,,
,,,,,,,,,,,,,,,浙江省宁波市海曙区环城西路北段323弄75号317室,,,,,,,,,,,,,,,,,,,
,,,,,,,,,,,,,,,浙江省宁波市海曙区华楼巷19号（5-6）,,,,,,,,,,,,,,,,,,,
,,,,,,,,,,,,,,,浙江省宁波市海曙区高桥镇秀丰村宁波大红鹰学院内南区N-6,,,,,,,,,,,,,,,,,,,
,,,,,,,,,,,,,,,浙江省宁波市海曙区鄞奉路469弄17号9-2室,,,,,,,,,,,,,,,,,,,
,,,,,,,,,,,,,,,"海曙环城西路1085弄37号,39号（1-26）部分（1-27）",,,,,,,,,,,,,,,,,,,
,,,,,,,,,,,,,,,浙江省宁波市海曙区蓝天路68-1号<1-32><2-15>,,,,,,,,,,,,,,,,,,,
,,,,,,,,,,,,,,,浙江省宁波市海曙区望春工业园区布政东路367号4号楼6楼602室,,,,,,,,,,,,,,,,,,,
,,,,,,,,,,,,,,,浙江省宁波市海曙区气象路827号0649幢3号楼3043工位,,,,,,,,,,,,,,,,,,,
,,,,,,,,,,,,,,,浙江省宁波市海曙区古林镇包家车站后面薛家南路1301号,,,,,,,,,,,,,,,,,,,
,,,,,,,,,,,,,,,海曙区环城西路南段54号（5-16）室,,,,,,,,,,,,,,,,,,,
,,,,,,,,,,,,,,,浙江省宁波市海曙区东鼓道地下商业街B2-M-42（蓝鲸）,,,,,,,,,,,,,,,,,,,
,,,,,,,,,,,,,,,浙江省宁波市海曙区联丰路141号880室,,,,,,,,,,,,,,,,,,,
,,,,,,,,,,,,,,,浙江省宁波市海曙区古林镇布政新村58号,,,,,,,,,,,,,,,,,,,
,,,,,,,,,,,,,,,浙江省宁波市海曙区古林镇气象路827号0649幢294室,,,,,,,,,,,,,,,,,,,
,,,,,,,,,,,,,,,浙江省宁波市海曙区古林镇方家（土耷）村,,,,,,,,,,,,,,,,,,,
,,,,,,,,,,,,,,,浙江省宁波市海曙区新园路109弄157号（1-1）（1-2）（2-1）室,,,,,,,,,,,,,,,,,,,
,,,,,,,,,,,,,,,浙江省宁波市海曙区高桥镇柳鸣路160号店面房第127-129号,,,,,,,,,,,,,,,,,,,
,,,,,,,,,,,,,,,宁波市鄞州区高桥镇藕缆桥桥村联丰中路499号A1102、A1103、A1104、A1105、A1106,,,,,,,,,,,,,,,,,,,
,,,,,,,,,,,,,,,海曙区环城西路南段345号<13-6>,,,,,,,,,,,,,,,,,,,
,,,,,,,,,,,,,,,浙江省宁波市海曙区前莫家巷147号（1-11）,,,,,,,,,,,,,,,,,,,
,,,,,,,,,,,,,,,浙江省宁波市海曙区日新街51-52号宁波天一广场IVa区第一层IVa127室,,,,,,,,,,,,,,,,,,,
,,,,,,,,,,,,,,,海曙区三市日用品交易市场经营区71、72,,,,,,,,,,,,,,,,,,,
,,,,,,,,,,,,,,,浙江省宁波市海曙区药行街88号IIId区第一层IIId105,,,,,,,,,,,,,,,,,,,
,,,,,,,,,,,,,,,海曙区段塘西路129弄77号二楼,,,,,,,,,,,,,,,,,,,
,,,,,,,,,,,,,,,浙江省宁波市海曙区壹都文化广场23号（3-29）室,,,,,,,,,,,,,,,,,,,
,,,,,,,,,,,,,,,浙江省宁波市海曙区高桥镇徐家漕路571号,,,,,,,,,,,,,,,,,,,
,,,,,,,,,,,,,,,浙江省宁波市海曙区桂芳桥巷32号15幢（1-13）（1-14）（2-9）,,,,,,,,,,,,,,,,,,,
,,,,,,,,,,,,,,,浙江省宁波市海曙区古林镇气象路827号0649幢263室,,,,,,,,,,,,,,,,,,,
,,,,,,,,,,,,,,,浙江省宁波市海曙区青苹果商务广场72号050幢18-6室（集中办公区）,,,,,,,,,,,,,,,,,,,
,,,,,,,,,,,,,,,浙江省宁波市海曙区段塘街道泛亚中心28号（10-10）,,,,,,,,,,,,,,,,,,,
,,,,,,,,,,,,,,,海曙区鄞奉路771号（4-9）,,,,,,,,,,,,,,,,,,,
,,,,,,,,,,,,,,,浙江省宁波市海曙区古林镇布政渔业村（藕池板桥）,,,,,,,,,,,,,,,,,,,
,,,,,,,,,,,,,,,浙江省宁波市海曙区顺德路136弄58号（14-49）室（集中办公区）,,,,,,,,,,,,,,,,,,,
,,,,,,,,,,,,,,,浙江省宁波市海曙区华楼巷19号（6-23）室,,,,,,,,,,,,,,,,,,,
,,,,,,,,,,,,,,,宁波市海曙区鄞江镇光溪村四明东路28号,,,,,,,,,,,,,,,,,,,
,,,,,,,,,,,,,,,浙江省宁波市海曙区新星路111号高鑫广场内664-308A号商铺,,,,,,,,,,,,,,,,,,,
,,,,,,,,,,,,,,,浙江省宁波市海曙区华楼巷19号（5-20）,,,,,,,,,,,,,,,,,,,
,,,,,,,,,,,,,,,浙江省宁波市海曙区中山东路152号（1-10）室,,,,,,,,,,,,,,,,,,,
,,,,,,,,,,,,,,,浙江省宁波市海曙区汇头巷1号817室,,,,,,,,,,,,,,,,,,,
,,,,,,,,,,,,,,,海曙区蓝天路6号8702室,,,,,,,,,,,,,,,,,,,
,,,,,,,,,,,,,,,宁波市鄞州区洞桥镇上凌村,,,,,,,,,,,,,,,,,,,
,,,,,,,,,,,,,,,浙江省宁波市海曙区新典星座39号（4-2）室,,,,,,,,,,,,,,,,,,,
,,,,,,,,,,,,,,,浙江省宁波市海曙区柳汀街657号2幢020工位,,,,,,,,,,,,,,,,,,,
,,,,,,,,,,,,,,,浙江省宁波市海曙区石碶街道雅戈尔大道919号-1,,,,,,,,,,,,,,,,,,,
,,,,,,,,,,,,,,,宁波市海曙区鄞奉路520-1号（1-1）,,,,,,,,,,,,,,,,,,,
,,,,,,,,,,,,,,,浙江省宁波市海曙区高桥镇藕缆桥村西路南面,,,,,,,,,,,,,,,,,,,
,,,,,,,,,,,,,,,浙江省宁波市海曙区白杨街77号,,,,,,,,,,,,,,,,,,,
,,,,,,,,,,,,,,,浙江省宁波市海曙区环城西路南段158弄39号<15-12>（集中办公）,,,,,,,,,,,,,,,,,,,
,,,,,,,,,,,,,,,浙江省宁波市海曙区洞桥镇王家桥村,,,,,,,,,,,,,,,,,,,
,,,,,,,,,,,,,,,浙江省宁波市海曙区高桥镇藕缆桥村联丰中路499号A2050-A2054,,,,,,,,,,,,,,,,,,,
,,,,,,,,,,,,,,,浙江省宁波市海曙区丽园南路2弄6号9-6-5室,,,,,,,,,,,,,,,,,,,
,,,,,,,,,,,,,,,浙江省宁波市海曙区段塘街道顺德路136弄58号<21-34><21-35>,,,,,,,,,,,,,,,,,,,
,,,,,,,,,,,,,,,浙江省宁波市海曙区青林商业中心6、15号（9-25）室,,,,,,,,,,,,,,,,,,,
,,,,,,,,,,,,,,,浙江省宁波市海曙区古林镇藕池村绿荷苑,,,,,,,,,,,,,,,,,,,
,,,,,,,,,,,,,,,浙江省宁波市海曙区中山西路57号二层,,,,,,,,,,,,,,,,,,,
,,,,,,,,,,,,,,,海曙区灵桥路164号东恩中学大门旁,,,,,,,,,,,,,,,,,,,
,,,,,,,,,,,,,,,浙江省宁波市海曙区联丰路257号（1-8）,,,,,,,,,,,,,,,,,,,
,,,,,,,,,,,,,,,浙江省宁波市海曙区高桥镇学院路899号宁波财经学院内学生活动中心310-011室,,,,,,,,,,,,,,,,,,,
,,,,,,,,,,,,,,,浙江省宁波市海曙区三支街151号海曙区人才开发广场二层1575工位,,,,,,,,,,,,,,,,,,,
,,,,,,,,,,,,,,,浙江省宁波市海曙区南门街道郎官西弄41-44号（1-1）,,,,,,,,,,,,,,,,,,,
,,,,,,,,,,,,,,,海曙区中山东路181号35、36层,,,,,,,,,,,,,,,,,,,
,,,,,,,,,,,,,,,浙江省宁波市海曙区横街镇横街南路99号,,,,,,,,,,,,,,,,,,,
,,,,,,,,,,,,,,,浙江省宁波市海曙区解放北路138号4-6-8室,,,,,,,,,,,,,,,,,,,
,,,,,,,,,,,,,,,海曙区大沙泥街88号富茂大厦8楼〈8-1〉室,,,,,,,,,,,,,,,,,,,
,,,,,,,,,,,,,,,海曙区新典路10弄8号（3-7）,,,,,,,,,,,,,,,,,,,
,,,,,,,,,,,,,,,浙江省宁波市海曙区石碶街道雅源北路114号,,,,,,,,,,,,,,,,,,,
,,,,,,,,,,,,,,,宁波市海曙区联丰路141号426室,,,,,,,,,,,,,,,,,,,
,,,,,,,,,,,,,,,浙江省宁波市海曙区奥创水晶中心4幢113号1-17,,,,,,,,,,,,,,,,,,,
,,,,,,,,,,,,,,,浙江省宁波市海曙区蓝天路9号5-3-1室,,,,,,,,,,,,,,,,,,,
,,,,,,,,,,,,,,,浙江省宁波市海曙区华楼巷19号3-31室,,,,,,,,,,,,,,,,,,,
,,,,,,,,,,,,,,,浙江省宁波市海曙区环城西路南段521号（1-5）室,,,,,,,,,,,,,,,,,,,
,,,,,,,,,,,,,,,浙江省宁波市海曙区开明街130弄6号（1-3）,,,,,,,,,,,,,,,,,,,
,,,,,,,,,,,,,,,浙江省宁波市海曙区三市路1号（2-20）室,,,,,,,,,,,,,,,,,,,
,,,,,,,,,,,,,,,浙江省宁波市海曙区海华院47号6-17室,,,,,,,,,,,,,,,,,,,
,,,,,,,,,,,,,,,浙江省宁波市鄞州区福明街道民安路978号<1-4>（天东宾馆）,,,,,,,,,,,,,,,,,,,
,,,,,,,,,,,,,,,浙江省宁波市鄞州区中兴路417号（7-23）,,,,,,,,,,,,,,,,,,,
,,,,,,,,,,,,,,,浙江省宁波市鄞州区朝晖路136号（临时）体育健身中心综合楼一楼局部06-1号,,,,,,,,,,,,,,,,,,,
,,,,,,,,,,,,,,,宁波市鄞州区东吴镇文体中心,,,,,,,,,,,,,,,,,,,
,,,,,,,,,,,,,,,宁波高新区创苑路750号003幢7楼775室,,,,,,,,,,,,,,,,,,,
,,,,,,,,,,,,,,,宁波市鄞州区钱湖北路288号（印象城第F1层01-07A）,,,,,,,,,,,,,,,,,,,
,,,,,,,,,,,,,,,浙江省宁波市鄞州区首南街道日丽东路学府苑教师公寓商业街三区19号,,,,,,,,,,,,,,,,,,,
,,,,,,,,,,,,,,,宁波市鄞州区中河街道嵩江东路1号（1-9）,,,,,,,,,,,,,,,,,,,
,,,,,,,,,,,,,,,宁波市鄞州区首南街道泰康中路500号1001室（集中办公区）,,,,,,,,,,,,,,,,,,,
,,,,,,,,,,,,,,,宁波市江东区锦涟酒店142室,,,,,,,,,,,,,,,,,,,
,,,,,,,,,,,,,,,宁波市鄞州区首南街道天童南路578弄501室-9,,,,,,,,,,,,,,,,,,,
,,,,,,,,,,,,,,,浙江省宁波市鄞州区海晏北路189号宁波阪急B14室,,,,,,,,,,,,,,,,,,,
,,,,,,,,,,,,,,,浙江省宁波高新区梅景路715号,,,,,,,,,,,,,,,,,,,
,,,,,,,,,,,,,,,浙江省宁波市鄞州区福明路1016号（1-2）,,,,,,,,,,,,,,,,,,,
,,,,,,,,,,,,,,,江东区会展路222号进口商品展示交易中心9号馆1楼中厅,,,,,,,,,,,,,,,,,,,
,,,,,,,,,,,,,,,宁波市鄞州区中河街道宋诏桥路40号,,,,,,,,,,,,,,,,,,,
,,,,,,,,,,,,,,,浙江省宁波市鄞州区钟公庙街道嵩江中路879号2301-3室,,,,,,,,,,,,,,,,,,,
,,,,,,,,,,,,,,,浙江省宁波市鄞州区中河街道锦寓路655弄26号2012室,,,,,,,,,,,,,,,,,,,
,,,,,,,,,,,,,,,宁波高新区光华路1号032幢9-11-2,,,,,,,,,,,,,,,,,,,
,,,,,,,,,,,,,,,浙江省宁波市鄞州区姜山镇环镇路（北大路102号-15）,,,,,,,,,,,,,,,,,,,
,,,,,,,,,,,,,,,江东区民安东路99号宁波泛太平洋酒店一楼,,,,,,,,,,,,,,,,,,,
,,,,,,,,,,,,,,,宁波市鄞州区钱湖北路288号印象城01-07B号商铺,,,,,,,,,,,,,,,,,,,
,,,,,,,,,,,,,,,浙江省宁波市鄞州区邱隘镇德厚街231弄39号242室,,,,,,,,,,,,,,,,,,,
,,,,,,,,,,,,,,,宁波东钱湖旅游度假区莫枝南路308号,,,,,,,,,,,,,,,,,,,
,,,,,,,,,,,,,,,浙江省宁波市鄞州区姜山镇人民北路78号一楼靠北3向店面,,,,,,,,,,,,,,,,,,,
,,,,,,,,,,,,,,,浙江省宁波市鄞州区姜山镇蓉江村朝阳路347号,,,,,,,,,,,,,,,,,,,
,,,,,,,,,,,,,,,浙江省宁波市鄞州区咸祥镇龚犊村咸兴路12号,,,,,,,,,,,,,,,,,,,
,,,,,,,,,,,,,,,浙江省宁波市鄞州区潘火街道潘火路648号（DF-C1-6-A3）,,,,,,,,,,,,,,,,,,,
,,,,,,,,,,,,,,,宁波市鄞州区诚信路959号G幢1102室,,,,,,,,,,,,,,,,,,,
,,,,,,,,,,,,,,,浙江省宁波市鄞州区中河街道贸城东路666号,,,,,,,,,,,,,,,,,,,
,,,,,,,,,,,,,,,浙江省宁波市鄞州区咸祥镇咸四村75-1号,,,,,,,,,,,,,,,,,,,
,,,,,,,,,,,,,,,浙江省宁波市鄞州区明楼街道海丝之源.拾里江丰348-1号,,,,,,,,,,,,,,,,,,,
,,,,,,,,,,,,,,,浙江省宁波市鄞州区钟公庙街道四明中路999号万达商业广场室内步行街2F层2B-06-A、2B-06-B、2B-07号商铺,,,,,,,,,,,,,,,,,,,
,,,,,,,,,,,,,,,浙江省宁波市鄞州区钟公庙街道城南商务大厦2幢1501-9室,,,,,,,,,,,,,,,,,,,
,,,,,,,,,,,,,,,浙江省宁波市鄞州区首南街道钱湖南路638号108室,,,,,,,,,,,,,,,,,,,
,,,,,,,,,,,,,,,宁波市鄞州区五乡镇蟠龙北村19号,,,,,,,,,,,,,,,,,,,
,,,,,,,,,,,,,,,浙江省宁波市鄞州区姜山镇高压路6号A幢413室-4,,,,,,,,,,,,,,,,,,,
,,,,,,,,,,,,,,,浙江省宁波市鄞州区邱隘镇汇头村2幢1-1-239室,,,,,,,,,,,,,,,,,,,
,,,,,,,,,,,,,,,宁波市鄞州区天童北路1501号316室,,,,,,,,,,,,,,,,,,,
,,,,,,,,,,,,,,,江东惊驾路293-295号,,,,,,,,,,,,,,,,,,,
,,,,,,,,,,,,,,,浙江省宁波市鄞州区百丈路158号（6-2）（集中办公区）,,,,,,,,,,,,,,,,,,,
,,,,,,,,,,,,,,,浙江省宁波市鄞州区首南中路683号1-1,,,,,,,,,,,,,,,,,,,
,,,,,,,,,,,,,,,宁波江东环城南路东段999号1幢楼201室,,,,,,,,,,,,,,,,,,,
,,,,,,,,,,,,,,,浙江省宁波市鄞州区天童南路2365号海港城商业广场6F-610-2号商铺,,,,,,,,,,,,,,,,,,,
,,,,,,,,,,,,,,,浙江省宁波市鄞州区明楼街道东岸名邸30号1-23,,,,,,,,,,,,,,,,,,,
,,,,,,,,,,,,,,,浙江省宁波市鄞州区瞻岐镇合一村人和小区247号,,,,,,,,,,,,,,,,,,,
,,,,,,,,,,,,,,,浙江省宁波市鄞州区中兴路51号003幢1-7-2,,,,,,,,,,,,,,,,,,,
,,,,,,,,,,,,,,,浙江省宁波高新区翔云北路99号9号楼3-3-3室,,,,,,,,,,,,,,,,,,,
,,,,,,,,,,,,,,,古林镇布政,,,,,,,,,,,,,,,,,,,
,,,,,,,,,,,,,,,浙江省宁波市鄞州区咸祥镇龚犊村咸中路36号,,,,,,,,,,,,,,,,,,,
,,,,,,,,,,,,,,,浙江省宁波市鄞州区钱湖北路958号1520室,,,,,,,,,,,,,,,,,,,
,,,,,,,,,,,,,,,宁波市鄞州区邱隘镇横泾兴发新村9幢5-6号,,,,,,,,,,,,,,,,,,,
,,,,,,,,,,,,,,,浙江省宁波市鄞州区邱隘镇渔金村工业区A幢320室,,,,,,,,,,,,,,,,,,,
,,,,,,,,,,,,,,,浙江省宁波市鄞州区启明路78号,,,,,,,,,,,,,,,,,,,
,,,,,,,,,,,,,,,宁波市鄞州区东吴镇文化中心,,,,,,,,,,,,,,,,,,,
,,,,,,,,,,,,,,,浙江省宁波市鄞州区新天路1018号新天地商务大厦一号楼大堂,,,,,,,,,,,,,,,,,,,
,,,,,,,,,,,,,,,宁波市鄞州区宁南北路1288号联盛广场B区第二层2-49、2-50号,,,,,,,,,,,,,,,,,,,
,,,,,,,,,,,,,,,浙江省宁波市鄞州区东钱湖镇环湖东路1566号韩岭水街18幢4号1-4,,,,,,,,,,,,,,,,,,,
,,,,,,,,,,,,,,,浙江省宁波市鄞州区姜山镇科技园区,,,,,,,,,,,,,,,,,,,
,,,,,,,,,,,,,,,浙江省宁波市鄞州区姜山镇天童南路2945号,,,,,,,,,,,,,,,,,,,
,,,,,,,,,,,,,,,宁波高新区江南路599号科技大厦4楼411-88室,,,,,,,,,,,,,,,,,,,
,,,,,,,,,,,,,,,宁波市鄞州区邱隘镇回龙村,,,,,,,,,,,,,,,,,,,
,,,,,,,,,,,,,,,江东区惊驾路648-650号（双号）002幢（1-7）（2-7）,,,,,,,,,,,,,,,,,,,
,,,,,,,,,,,,,,,宁波市鄞州区堇山中路414-2号,,,,,,,,,,,,,,,,,,,
,,,,,,,,,,,,,,,浙江省宁波市鄞州区首南街道蝶缘路258号603-3室,,,,,,,,,,,,,,,,,,,
,,,,,,,,,,,,,,,浙江省宁波市鄞州区日丽东路学府苑教师公寓商业街2楼35-2,,,,,,,,,,,,,,,,,,,
,,,,,,,,,,,,,,,浙江省宁波市鄞州区福明街道承源路321号、宝华街99号、汇银大厦1、2、3号1-1-6,,,,,,,,,,,,,,,,,,,
,,,,,,,,,,,,,,,宁波高新区江南路1528号16-6-2,,,,,,,,,,,,,,,,,,,
,,,,,,,,,,,,,,,浙江省宁波市鄞州区瞻岐镇东一村瞻虹雅苑小区17号,,,,,,,,,,,,,,,,,,,
,,,,,,,,,,,,,,,浙江省宁波市鄞州区东胜街道徐戎路临39号18幢113室,,,,,,,,,,,,,,,,,,,
,,,,,,,,,,,,,,,浙江省宁波市鄞州区钟公庙街道四明西路128号,,,,,,,,,,,,,,,,,,,
,,,,,,,,,,,,,,,浙江省宁波市鄞州区潘火街道紫郡小区29幢67号203室（住宅）,,,,,,,,,,,,,,,,,,,
,,,,,,,,,,,,,,,江东区惊驾路333号,,,,,,,,,,,,,,,,,,,
,,,,,,,,,,,,,,,浙江省宁波市鄞州区钟公庙街道四明西路383号,,,,,,,,,,,,,,,,,,,
,,,,,,,,,,,,,,,浙江省宁波市鄞州区姜山镇明曙路530号-5-6,,,,,,,,,,,,,,,,,,,
,,,,,,,,,,,,,,,浙江省宁波高新区星海北路1、15号025幢2-10,,,,,,,,,,,,,,,,,,,
,,,,,,,,,,,,,,,浙江省宁波高新区江南路1528号16-6-4,,,,,,,,,,,,,,,,,,,
,,,,,,,,,,,,,,,宁波市鄞州区东吴镇北村原165车站,,,,,,,,,,,,,,,,,,,
,,,,,,,,,,,,,,,浙江省宁波高新区扬帆广场8、20、32号14-30-2051,,,,,,,,,,,,,,,,,,,
,,,,,,,,,,,,,,,浙江省宁波市鄞州区兴宁东路330弄26号1204室-5,,,,,,,,,,,,,,,,,,,
,,,,,,,,,,,,,,,宁波市江东区中兴路597号（1-1）（2-1）,,,,,,,,,,,,,,,,,,,
,,,,,,,,,,,,,,,浙江省宁波高新区聚贤路400号1-4-2,,,,,,,,,,,,,,,,,,,
,,,,,,,,,,,,,,,浙江省宁波市鄞州区首南街道蝶缘路258号1903室-2,,,,,,,,,,,,,,,,,,,
,,,,,,,,,,,,,,,宁波东钱湖旅游度假区莫枝北路2幢4号,,,,,,,,,,,,,,,,,,,
,,,,,,,,,,,,,,,浙江省宁波市鄞州区海晏北路55号1-3,,,,,,,,,,,,,,,,,,,
,,,,,,,,,,,,,,,浙江省宁波市鄞州区福明街道海晏南路116弄1号1-47,,,,,,,,,,,,,,,,,,,
,,,,,,,,,,,,,,,浙江省宁波高新区光华路299弄8幢25号1-1,,,,,,,,,,,,,,,,,,,
,,,,,,,,,,,,,,,"浙江省宁波市鄞州区王隘南路285号,桃源街248号,滨江商业广场109、110、111号2-9-1",,,,,,,,,,,,,,,,,,,
,,,,,,,,,,,,,,,浙江省宁波市鄞州区钟公庙街道锦寓路788号60幢2-32,,,,,,,,,,,,,,,,,,,
,,,,,,,,,,,,,,,宁波市鄞州区咸祥镇海南村四份兑56号,,,,,,,,,,,,,,,,,,,
,,,,,,,,,,,,,,,宁波市鄞州区姜山镇人民中路245号（2-3楼）,,,,,,,,,,,,,,,,,,,
,,,,,,,,,,,,,,,宁波市鄞州区中河街道春园路575-2号,,,,,,,,,,,,,,,,,,,
,,,,,,,,,,,,,,,"浙江省宁波市鄞州区福明街道世纪大道北段551号005幢2-1,3-1",,,,,,,,,,,,,,,,,,,
,,,,,,,,,,,,,,,浙江省宁波市鄞州区中河街道嵩江中路532号,,,,,,,,,,,,,,,,,,,
,,,,,,,,,,,,,,,宁波市鄞州区天达巷252号1302室-3,,,,,,,,,,,,,,,,,,,
,,,,,,,,,,,,,,,江东区和济街181号002幢（3-4）,,,,,,,,,,,,,,,,,,,
,,,,,,,,,,,,,,,浙江省宁波市鄞州区江东北路375号006幢（13-1）宁波和丰创意广场丰庭楼1306-3单元,,,,,,,,,,,,,,,,,,,
,,,,,,,,,,,,,,,浙江省宁波市鄞州区中河街道沧海商业广场9、21号405室,,,,,,,,,,,,,,,,,,,
,,,,,,,,,,,,,,,浙江省宁波市鄞州区钟公庙街道建设路93号、广德湖北路783号、理想城家园20号202室,,,,,,,,,,,,,,,,,,,
,,,,,,,,,,,,,,,浙江省宁波高新区翔云北路99号1号楼2单元1-3室,,,,,,,,,,,,,,,,,,,
,,,,,,,,,,,,,,,浙江省宁波市鄞州区嵩江西路1号慧和大厦2号楼（钻石楼）1层1-2号,,,,,,,,,,,,,,,,,,,
,,,,,,,,,,,,,,,宁波市鄞州区四明中路788号（凯旋明天4幢11号414室）,,,,,,,,,,,,,,,,,,,
,,,,,,,,,,,,,,,浙江省宁波高新区明达路1幢9号一楼（丘地号:2903207）（住宅）,,,,,,,,,,,,,,,,,,,
,,,,,,,,,,,,,,,浙江省宁波市鄞州区福明街道中山东路1083号世纪东方商业广场B018A 1#,,,,,,,,,,,,,,,,,,,
,,,,,,,,,,,,,,,浙江省宁波市鄞州区钟公庙街道四明西路65号1-1单元,,,,,,,,,,,,,,,,,,,
,,,,,,,,,,,,,,,浙江省宁波高新区星海北路69号-5,,,,,,,,,,,,,,,,,,,
,,,,,,,,,,,,,,,宁波高新区创苑路750号002幢743室,,,,,,,,,,,,,,,,,,,
,,,,,,,,,,,,,,,浙江省宁波市鄞县大道东钱湖段11号（C幢100室）,,,,,,,,,,,,,,,,,,,
,,,,,,,,,,,,,,,浙江省宁波市鄞州区咸祥镇南路,,,,,,,,,,,,,,,,,,,
,,,,,,,,,,,,,,,浙江省宁波高新区江南路2000号金沙码头奥莱公园1F-70,,,,,,,,,,,,,,,,,,,
,,,,,,,,,,,,,,,浙江省宁波市鄞州区前河南路501号,,,,,,,,,,,,,,,,,,,
,,,,,,,,,,,,,,,浙江省宁波市鄞州区邱隘镇沈家村晨源大楼901-11室,,,,,,,,,,,,,,,,,,,
,,,,,,,,,,,,,,,浙江省宁波市鄞州区樟树街489号052幢（1-5）（2-5）（3-5）,,,,,,,,,,,,,,,,,,,
,,,,,,,,,,,,,,,宁波高新区星海南路100号华商大厦21-1-8室,,,,,,,,,,,,,,,,,,,
,,,,,,,,,,,,,,,浙江省宁波市鄞州区彩虹南路16号,,,,,,,,,,,,,,,,,,,
,,,,,,,,,,,,,,,浙江省宁波东钱湖旅游度假区钱湖大道338号5-11-4（试点区）,,,,,,,,,,,,,,,,,,,
,,,,,,,,,,,,,,,鄞州区江东北路250号（1-4）,,,,,,,,,,,,,,,,,,,
,,,,,,,,,,,,,,,"浙江省宁波高新区光华路107号,华苑银座1号,创苑路788号1-8-1",,,,,,,,,,,,,,,,,,,
,,,,,,,,,,,,,,,"浙江省宁波东钱湖旅游度假区环湖东路1566号韩岭水街62幢1-1,2-1",,,,,,,,,,,,,,,,,,,
,,,,,,,,,,,,,,,浙江省宁波市鄞州区首南街道学士路270号409室（承诺申报）,,,,,,,,,,,,,,,,,,,
,,,,,,,,,,,,,,,浙江省宁波市象山县丹西街道滨海大道929号2502-02室-B932（宏义托管）（自主申报）,,,,,,,,,,,,,,,,,,,
,,,,,,,,,,,,,,,浙江省象山县新桥镇影视大道16号（自主申报）,,,,,,,,,,,,,,,,,,,
,,,,,,,,,,,,,,,浙江省宁波市象山县石浦镇铜瓦门路24号26号,,,,,,,,,,,,,,,,,,,
,,,,,,,,,,,,,,,浙江省宁波市象山县丹西街道新丰路139号（自主申报）,,,,,,,,,,,,,,,,,,,
,,,,,,,,,,,,,,,浙江省宁波市象山县新桥镇象山影视城-民国城A5-5-318室（自主申报）,,,,,,,,,,,,,,,,,,,
,,,,,,,,,,,,,,,浙江省宁波市象山县墙头镇方家岙村中大路69号,,,,,,,,,,,,,,,,,,,
,,,,,,,,,,,,,,,浙江省象山县高塘岛乡花岙村天筑塘,,,,,,,,,,,,,,,,,,,
,,,,,,,,,,,,,,,浙江省宁波市象山县新桥镇影视大道16号,,,,,,,,,,,,,,,,,,,
,,,,,,,,,,,,,,,浙江省象山县丹西街道天安路380号,,,,,,,,,,,,,,,,,,,
,,,,,,,,,,,,,,,象山县丹东门前涂,,,,,,,,,,,,,,,,,,,
,,,,,,,,,,,,,,,浙江省象山县新桥镇影视大道16号,,,,,,,,,,,,,,,,,,,
,,,,,,,,,,,,,,,浙江省宁波市象山县石浦镇曙光花苑别墅39幢129号（住宅）,,,,,,,,,,,,,,,,,,,
,,,,,,,,,,,,,,,浙江省宁波市象山县丹东街道大目湾新城海天路777号（天天美食区域4号）,,,,,,,,,,,,,,,,,,,
,,,,,,,,,,,,,,,"浙江省宁波市象山县石浦镇火炉头路104-1,104-2,106-1,106-2,106-3号",,,,,,,,,,,,,,,,,,,
,,,,,,,,,,,,,,,浙江省象山县新桥镇影视大道16号（自主申报）,,,,,,,,,,,,,,,,,,,
,,,,,,,,,,,,,,,浙江省象山县新桥镇象山影视城-民国城A1-1.2（自主申报）,,,,,,,,,,,,,,,,,,,
,,,,,,,,,,,,,,,"浙江省宁波市象山县新桥镇神雕侠侣城襄阳路4号,6号113室（自主申报）",,,,,,,,,,,,,,,,,,,
,,,,,,,,,,,,,,,浙江省宁波市象山县丹西街道天华家俱城一楼12.13号,,,,,,,,,,,,,,,,,,,
,,,,,,,,,,,,,,,浙江省宁波市象山县新桥镇象山影视城-民国城A7-4-318室（自主申报）,,,,,,,,,,,,,,,,,,,
,,,,,,,,,,,,,,,浙江省象山县丹西街道杨家村261号,,,,,,,,,,,,,,,,,,,
,,,,,,,,,,,,,,,浙江省宁波市象山县石浦镇申宁巷23号（自主申报）,,,,,,,,,,,,,,,,,,,
,,,,,,,,,,,,,,,浙江省宁波市象山县西周镇昌明路34号（自主申报）,,,,,,,,,,,,,,,,,,,
,,,,,,,,,,,,,,,浙江省象山县新桥镇灵岙村中灵岙,,,,,,,,,,,,,,,,,,,
,,,,,,,,,,,,,,,浙江省宁波象保合作区航天大道99号11幢684室,,,,,,,,,,,,,,,,,,,
,,,,,,,,,,,,,,,浙江省宁波市象山县石浦镇沙塘湾村48号,,,,,,,,,,,,,,,,,,,
,,,,,,,,,,,,,,,浙江省宁波象保合作区航天大道99号12幢678室,,,,,,,,,,,,,,,,,,,
,,,,,,,,,,,,,,,浙江省宁波市象山县新桥镇象山影视城-民国城A8-4.5-105室（自主申报）,,,,,,,,,,,,,,,,,,,
,,,,,,,,,,,,,,,浙江省宁波市象山县新桥镇象山影视城-民国城A6-2-308室（自主申报）,,,,,,,,,,,,,,,,,,,
,,,,,,,,,,,,,,,浙江省宁波市象山县新桥镇象山影视城-民国城A7-5-110室（自主申报）,,,,,,,,,,,,,,,,,,,
,,,,,,,,,,,,,,,浙江省宁波市象山县新桥镇象山影视城-民国城A6-2-304室（自主申报）,,,,,,,,,,,,,,,,,,,
,,,,,,,,,,,,,,,"浙江省宁波市象山县新桥镇神雕侠侣城襄阳路7号,9号-313室（自主申报）",,,,,,,,,,,,,,,,,,,
,,,,,,,,,,,,,,,浙江省象山县鹤浦镇大沙村水库边,,,,,,,,,,,,,,,,,,,
,,,,,,,,,,,,,,,浙江省宁波市象山县新桥镇象山影视城-民国城A5-6-303室（自主申报）,,,,,,,,,,,,,,,,,,,
,,,,,,,,,,,,,,,浙江省宁波市象山县新桥镇象山影视城-民国城A9-2-111室（自主申报）,,,,,,,,,,,,,,,,,,,
,,,,,,,,,,,,,,,"浙江省宁波市象山县新桥镇神雕侠侣城神雕路10号,12号,14号106室（自主申报）",,,,,,,,,,,,,,,,,,,
,,,,,,,,,,,,,,,浙江省宁波市象山县新桥镇象山影视城-民国城A9-3-401室（自主申报）,,,,,,,,,,,,,,,,,,,
,,,,,,,,,,,,,,,浙江省宁波市象山县丹西街道丹阳西路285号501室（自主申报）,,,,,,,,,,,,,,,,,,,
,,,,,,,,,,,,,,,浙江省宁波市象山县新桥镇象山影视城-民国城A6-3-409室（自主申报）,,,,,,,,,,,,,,,,,,,
,,,,,,,,,,,,,,,浙江省宁波市象山县爵溪街道新瀛路23号（自主申报）,,,,,,,,,,,,,,,,,,,
,,,,,,,,,,,,,,,浙江省宁波市象山县丹东街道丹峰东路2号12-01室（住宅、自主申报）,,,,,,,,,,,,,,,,,,,
,,,,,,,,,,,,,,,浙江省宁波市象山县新桥镇春秋战国城咸阳路10号-103室（自主申报）,,,,,,,,,,,,,,,,,,,
,,,,,,,,,,,,,,,浙江省宁波市象山县新桥镇春秋战国城邯郸路1号-225室（自主申报）,,,,,,,,,,,,,,,,,,,
,,,,,,,,,,,,,,,浙江省宁波市象山县丹东街道上进路39-1号（自主申报）,,,,,,,,,,,,,,,,,,,
,,,,,,,,,,,,,,,浙江省宁波市象山县新桥镇象山影视城-民国城A3-1.2-215室（自主申报）,,,,,,,,,,,,,,,,,,,
,,,,,,,,,,,,,,,浙江省宁波市象山县新桥镇黄公岙村黄新路84号（自主申报）,,,,,,,,,,,,,,,,,,,
,,,,,,,,,,,,,,,浙江省宁波市象山县石浦镇海宁路水产城16号,,,,,,,,,,,,,,,,,,,
,,,,,,,,,,,,,,,浙江省宁波市象山县丹西街道丹南路266号万达广场3层3017A铺,,,,,,,,,,,,,,,,,,,
,,,,,,,,,,,,,,,浙江省宁波市象山县新桥镇象山影视城-民国城A10-4-411室（自主申报）,,,,,,,,,,,,,,,,,,,
,,,,,,,,,,,,,,,浙江省宁波市象山县定塘镇兴定路89号,,,,,,,,,,,,,,,,,,,
,,,,,,,,,,,,,,,浙江省宁波象保合作区邻里中心商住楼1号楼608室,,,,,,,,,,,,,,,,,,,
,,,,,,,,,,,,,,,浙江省宁波市象山县新桥镇春秋战国城邯郸路3号-301室（自主申报）,,,,,,,,,,,,,,,,,,,
,,,,,,,,,,,,,,,浙江省宁波市象山县丹东街道后山村683号（自主申报）,,,,,,,,,,,,,,,,,,,
,,,,,,,,,,,,,,,浙江省宁波市象山县新桥镇象山影视城-民国城A4-5-207室（自主申报）,,,,,,,,,,,,,,,,,,,
,,,,,,,,,,,,,,,"浙江省宁波市象山县石浦镇浦港佳苑B幢1梯1002室（住宅,自主申报）",,,,,,,,,,,,,,,,,,,
,,,,,,,,,,,,,,,浙江省宁波市象山县新桥镇春秋战国城邯郸路2号-308室（自主申报）,,,,,,,,,,,,,,,,,,,
,,,,,,,,,,,,,,,浙江省宁波市象山县新桥镇象山影视城-民国城A4-1-105室（自主申报）,,,,,,,,,,,,,,,,,,,
,,,,,,,,,,,,,,,浙江省象山县定塘镇大湾山村里塘29号（住宅、自主申报）,,,,,,,,,,,,,,,,,,,
,,,,,,,,,,,,,,,浙江省象山县新桥镇影视大道16号,,,,,,,,,,,,,,,,,,,
,,,,,,,,,,,,,,,浙江省宁波市象山县丹东街道丹河东路977号（风情街6号楼）,,,,,,,,,,,,,,,,,,,
,,,,,,,,,,,,,,,浙江省宁波市象山县新桥镇神雕侠侣城村街路4号6号-303室（自主申报）,,,,,,,,,,,,,,,,,,,
,,,,,,,,,,,,,,,浙江省象山县石浦镇渔港南路南起第7间营门房,,,,,,,,,,,,,,,,,,,
,,,,,,,,,,,,,,,浙江省宁波市象山县新桥镇象山影视城-民国城A7-2-318室（自主申报）,,,,,,,,,,,,,,,,,,,
,,,,,,,,,,,,,,,浙江省宁波市象山县丹东街道丹阳路1208号（自主申报）,,,,,,,,,,,,,,,,,,,
,,,,,,,,,,,,,,,浙江省宁波市象山县西周镇莲花村岩四炮山109（自主申报）,,,,,,,,,,,,,,,,,,,
,,,,,,,,,,,,,,,浙江省宁波市象山县新桥镇神雕侠侣城鸳鸯二路1号3号5号-217室（自主申报）,,,,,,,,,,,,,,,,,,,
,,,,,,,,,,,,,,,浙江省象山县丹西街道建设路97号,,,,,,,,,,,,,,,,,,,
,,,,,,,,,,,,,,,浙江省宁波市象山县新桥镇象山影视城-民国城A8-2-301室（自主申报）,,,,,,,,,,,,,,,,,,,
,,,,,,,,,,,,,,,浙江省象山县新桥镇关头村脉山路15号（住宅、自主申报）,,,,,,,,,,,,,,,,,,,
,,,,,,,,,,,,,,,浙江省宁波市象山县丹东街道象山港路766号,,,,,,,,,,,,,,,,,,,
,,,,,,,,,,,,,,,浙江省宁波市象山县爵溪街道望海路5-1号,,,,,,,,,,,,,,,,,,,
,,,,,,,,,,,,,,,浙江省宁波市象山县丹东街道步东路18-6号,,,,,,,,,,,,,,,,,,,
,,,,,,,,,,,,,,,浙江省宁波市象山县丹西街道上吴村吴中路1号（自主申报）,,,,,,,,,,,,,,,,,,,
,,,,,,,,,,,,,,,浙江省宁波市象山县新桥镇象山影视城-民国城A3-5-116室（自主申报）,,,,,,,,,,,,,,,,,,,
,,,,,,,,,,,,,,,"浙江省宁波市象山县新桥镇神雕侠侣城榕林路,榕林路2号,4号,5号-108室（自主申报）",,,,,,,,,,,,,,,,,,,
,,,,,,,,,,,,,,,浙江省宁波市象山县鹤浦镇大沙村103号,,,,,,,,,,,,,,,,,,,
,,,,,,,,,,,,,,,浙江省宁波市象山县定塘镇田洋湖村182号,,,,,,,,,,,,,,,,,,,
,,,,,,,,,,,,,,,浙江省宁波市象山县墙头镇黄溪村文化礼堂南新房区左排第一幢,,,,,,,,,,,,,,,,,,,
,,,,,,,,,,,,,,,浙江省宁波市象山县丹西街道滨海大道929号2502-02室-B629（宏义托管）（自主申报）,,,,,,,,,,,,,,,,,,,
,,,,,,,,,,,,,,,浙江省象山县丹东街道大目湾新城天安路1111号7楼（自主申报）,,,,,,,,,,,,,,,,,,,
,,,,,,,,,,,,,,,浙江省宁波市象山县新桥镇影视大道16号,,,,,,,,,,,,,,,,,,,
,,,,,,,,,,,,,,,象山县定塘镇沙地村15号,,,,,,,,,,,,,,,,,,,
,,,,,,,,,,,,,,,浙江省宁波市象山县新桥镇象山影视城-民国城A7-8-104室（自主申报）,,,,,,,,,,,,,,,,,,,
,,,,,,,,,,,,,,,象山县丹西街道蓬莱路245号,,,,,,,,,,,,,,,,,,,
,,,,,,,,,,,,,,,浙江省宁波市象山县晓塘乡中岙村316号（自主申报）,,,,,,,,,,,,,,,,,,,
,,,,,,,,,,,,,,,浙江省宁波市象山县丹西街道滨海大道929号2502-02室-B280（宏义托管）（自主申报）,,,,,,,,,,,,,,,,,,,
,,,,,,,,,,,,,,,浙江省象山县城南高新创业园区里井路5号的象山融通二手车交易市场内A区5号商铺,,,,,,,,,,,,,,,,,,,
,,,,,,,,,,,,,,,象山县丹西街道丹南路567号,,,,,,,,,,,,,,,,,,,
,,,,,,,,,,,,,,,浙江省宁波市象山县新桥镇象山影视城-民国城A7-1-203室（自主申报）,,,,,,,,,,,,,,,,,,,
,,,,,,,,,,,,,,,浙江省象山县新桥镇高塘村加油站对面,,,,,,,,,,,,,,,,,,,
,,,,,,,,,,,,,,,浙江省宁波象保合作区智汇佳苑11幢595室,,,,,,,,,,,,,,,,,,,
,,,,,,,,,,,,,,,浙江省宁波市象山县贤庠镇岑晁街82号（自主申报）,,,,,,,,,,,,,,,,,,,
,,,,,,,,,,,,,,,浙江省宁波市象山县丹西街道小河头村136号（自主申报）,,,,,,,,,,,,,,,,,,,
,,,,,,,,,,,,,,,浙江省宁波市象山县石浦镇南屏路193号2-07、2-08,,,,,,,,,,,,,,,,,,,
,,,,,,,,,,,,,,,浙江省宁波市象山县新桥镇神雕侠侣城神雕路7号212室（自主申报）,,,,,,,,,,,,,,,,,,,
,,,,,,,,,,,,,,,浙江省象山县西周镇崟港路11号,,,,,,,,,,,,,,,,,,,
,,,,,,,,,,,,,,,浙江省宁波市象山县西周镇下沈迎宾东路56号,,,,,,,,,,,,,,,,,,,
,,,,,,,,,,,,,,,浙江省宁波市象山县茅洋乡花墙村6号,,,,,,,,,,,,,,,,,,,
,,,,,,,,,,,,,,,浙江省余姚市丈亭镇新民中路94-1号,,,,,,,,,,,,,,,,,,,
,,,,,,,,,,,,,,,浙江省余姚市玉立路185号,,,,,,,,,,,,,,,,,,,
,,,,,,,,,,,,,,,浙江省余姚市牟山镇青港村陈村（原姚西采石场南侧）（住宅、自主申报）,,,,,,,,,,,,,,,,,,,
,,,,,,,,,,,,,,,浙江省余姚市四明广场1幢101-501（新华联百货2F-18、2F-19）（自主申报）,,,,,,,,,,,,,,,,,,,
,,,,,,,,,,,,,,,浙江省余姚市伊顿国际城33幢401室,,,,,,,,,,,,,,,,,,,
,,,,,,,,,,,,,,,余姚市黄家埠镇五车堰村汤下堰,,,,,,,,,,,,,,,,,,,
,,,,,,,,,,,,,,,浙江省余姚市梨洲街道竹山村工业区86号,,,,,,,,,,,,,,,,,,,
,,,,,,,,,,,,,,,浙江省余姚市马渚镇斗门村街江路27号,,,,,,,,,,,,,,,,,,,
,,,,,,,,,,,,,,,余姚市阳明街道芝山村,,,,,,,,,,,,,,,,,,,
,,,,,,,,,,,,,,,浙江省宁波市余姚市河姆渡镇江中村车厩道头26号（住宅、自主申报）,,,,,,,,,,,,,,,,,,,
,,,,,,,,,,,,,,,余姚市大黄桥南路668号,,,,,,,,,,,,,,,,,,,
,,,,,,,,,,,,,,,浙江省宁波市余姚市三七市镇安捷东路422号,,,,,,,,,,,,,,,,,,,
,,,,,,,,,,,,,,,浙江省余姚市凤山街道同光村吴家塔61号,,,,,,,,,,,,,,,,,,,
,,,,,,,,,,,,,,,余姚市长城路51号,,,,,,,,,,,,,,,,,,,
,,,,,,,,,,,,,,,浙江省余姚市金型路1209号,,,,,,,,,,,,,,,,,,,
,,,,,,,,,,,,,,,浙江省宁波市余姚市三七市镇工业园区,,,,,,,,,,,,,,,,,,,
,,,,,,,,,,,,,,,浙江省余姚市新建北路62号5#楼116-118室（自主申报）,,,,,,,,,,,,,,,,,,,
,,,,,,,,,,,,,,,浙江省余姚市梨洲街道苏家园村林枫143-3号（住宅自主申报）,,,,,,,,,,,,,,,,,,,
,,,,,,,,,,,,,,,余姚市健康路34号,,,,,,,,,,,,,,,,,,,
,,,,,,,,,,,,,,,余姚市凤山街道永丰村前闻家93-2号,,,,,,,,,,,,,,,,,,,
,,,,,,,,,,,,,,,浙江省余姚市阳明街道富巷北路555号（自主申报）,,,,,,,,,,,,,,,,,,,
,,,,,,,,,,,,,,,余姚市阳明西路567号,,,,,,,,,,,,,,,,,,,
,,,,,,,,,,,,,,,浙江省余姚市南雷路10-52号（自主申报）,,,,,,,,,,,,,,,,,,,
,,,,,,,,,,,,,,,浙江省余姚市谭家岭西路市实验学校内,,,,,,,,,,,,,,,,,,,
,,,,,,,,,,,,,,,浙江省余姚市阳明街道方桥村余方路50号,,,,,,,,,,,,,,,,,,,
,,,,,,,,,,,,,,,浙江省余姚市凤山街道永丰村横堰中路11-15号,,,,,,,,,,,,,,,,,,,
,,,,,,,,,,,,,,,浙江省余姚市临山镇兰海村市场新区21号（自主申报）,,,,,,,,,,,,,,,,,,,
,,,,,,,,,,,,,,,浙江省余姚市阳光国际大厦A座501室,,,,,,,,,,,,,,,,,,,
,,,,,,,,,,,,,,,浙江省余姚市低塘街道低塘村图强商苑51号,,,,,,,,,,,,,,,,,,,
,,,,,,,,,,,,,,,浙江省余姚市谭家岭东路836号2楼（自主申报）,,,,,,,,,,,,,,,,,,,
,,,,,,,,,,,,,,,浙江省宁波市余姚市丈亭镇寺前王村新周家新村211号（住宅、自主申报）,,,,,,,,,,,,,,,,,,,
,,,,,,,,,,,,,,,余姚市新建北路62号2号楼204室,,,,,,,,,,,,,,,,,,,
,,,,,,,,,,,,,,,浙江省余姚市舜水南路5号楼7室,,,,,,,,,,,,,,,,,,,
,,,,,,,,,,,,,,,浙江省余姚市城东路888号（华润五彩城L530号商铺）,,,,,,,,,,,,,,,,,,,
,,,,,,,,,,,,,,,余姚市舜水南路72号,,,,,,,,,,,,,,,,,,,
,,,,,,,,,,,,,,,浙江省余姚市长元路87号（自主申报）,,,,,,,,,,,,,,,,,,,
,,,,,,,,,,,,,,,浙江省余姚市阳明街道云鼎商城1幢307室（自主申报）,,,,,,,,,,,,,,,,,,,
,,,,,,,,,,,,,,,浙江省余姚市新建北路62号文化创意广场15号楼106（自主申报）,,,,,,,,,,,,,,,,,,,
,,,,,,,,,,,,,,,浙江省余姚市黄家埠镇华家村中河路188号（自主申报）,,,,,,,,,,,,,,,,,,,
,,,,,,,,,,,,,,,余姚市低塘街道郑巷村（新南路40号）,,,,,,,,,,,,,,,,,,,
,,,,,,,,,,,,,,,浙江省余姚市梨洲街道竹山村樟树下30号（住宅、自主申报）,,,,,,,,,,,,,,,,,,,
,,,,,,,,,,,,,,,浙江省余姚市马渚镇东一路35号,,,,,,,,,,,,,,,,,,,
,,,,,,,,,,,,,,,浙江省余姚市凤山街道五星村新建北路705号,,,,,,,,,,,,,,,,,,,
,,,,,,,,,,,,,,,浙江省余姚市泗门镇镇北路109号一层,,,,,,,,,,,,,,,,,,,
,,,,,,,,,,,,,,,浙江省余姚市绿地悦山府24号楼4楼411室（自主申报）,,,,,,,,,,,,,,,,,,,
,,,,,,,,,,,,,,,浙江省余姚市小曹娥镇朗海村朗夹公路263号（自主申报）,,,,,,,,,,,,,,,,,,,
,,,,,,,,,,,,,,,余姚市东旱门南路188号,,,,,,,,,,,,,,,,,,,
,,,,,,,,,,,,,,,浙江省余姚市星光路205号,,,,,,,,,,,,,,,,,,,
,,,,,,,,,,,,,,,浙江省余姚市庙弄路45号,,,,,,,,,,,,,,,,,,,
,,,,,,,,,,,,,,,浙江省余姚市三凤路191号（自主申报）,,,,,,,,,,,,,,,,,,,
,,,,,,,,,,,,,,,余姚市低塘街道镆剑山村徐巷河南97号,,,,,,,,,,,,,,,,,,,
,,,,,,,,,,,,,,,浙江省余姚市阳明西路183号,,,,,,,,,,,,,,,,,,,
,,,,,,,,,,,,,,,浙江省余姚市阳明街道丰山前村上下畈39号,,,,,,,,,,,,,,,,,,,
,,,,,,,,,,,,,,,余姚市东江沿路392号,,,,,,,,,,,,,,,,,,,
,,,,,,,,,,,,,,,余姚市长元路朝南-3（租房）,,,,,,,,,,,,,,,,,,,
,,,,,,,,,,,,,,,余姚市金茂商都135B 137B,,,,,,,,,,,,,,,,,,,
,,,,,,,,,,,,,,,浙江省宁波市余姚市河姆渡镇翁方村河西101号（自主申报）,,,,,,,,,,,,,,,,,,,
,,,,,,,,,,,,,,,浙江省余姚市梨洲街道新墅村里岙48号-3（住宅自主申报）,,,,,,,,,,,,,,,,,,,
,,,,,,,,,,,,,,,浙江省余姚市临山镇临山村周百东南路31号（自主申报）,,,,,,,,,,,,,,,,,,,
,,,,,,,,,,,,,,,余姚市梁弄镇横坎头村桥头,,,,,,,,,,,,,,,,,,,
,,,,,,,,,,,,,,,浙江省余姚市南门副食品市场44号,,,,,,,,,,,,,,,,,,,
,,,,,,,,,,,,,,,浙江省余姚市北滨江路7号、8号,,,,,,,,,,,,,,,,,,,
,,,,,,,,,,,,,,,浙江省余姚市小曹娥镇朗海村朗夹公路58号,,,,,,,,,,,,,,,,,,,
,,,,,,,,,,,,,,,浙江省余姚市低塘街道光明西路28-8号,,,,,,,,,,,,,,,,,,,
,,,,,,,,,,,,,,,浙江省余姚市低塘街道兴塘路132、134号（自主申报）,,,,,,,,,,,,,,,,,,,
,,,,,,,,,,,,,,,浙江省余姚市丈亭镇渔溪村西街B区32号,,,,,,,,,,,,,,,,,,,
,,,,,,,,,,,,,,,浙江省余姚市低塘街道洋山村北区268号（住宅、自主申报）,,,,,,,,,,,,,,,,,,,
,,,,,,,,,,,,,,,浙江省余姚市梨洲街道姜家渡村谭家岭东路861、863、865、867、869、871、873号,,,,,,,,,,,,,,,,,,,
,,,,,,,,,,,,,,,浙江省余姚市兰江街道西郊村田庄4号,,,,,,,,,,,,,,,,,,,
,,,,,,,,,,,,,,,余姚市阳明街道北滨江路158弄5号楼（租房）,,,,,,,,,,,,,,,,,,,
,,,,,,,,,,,,,,,余姚市玉立路185号,,,,,,,,,,,,,,,,,,,
,,,,,,,,,,,,,,,余姚市黄家埠镇高桥村329国道南边15号,,,,,,,,,,,,,,,,,,,
,,,,,,,,,,,,,,,浙江省余姚市朗霞街道欣朗路138号,,,,,,,,,,,,,,,,,,,
,,,,,,,,,,,,,,,余姚市鹿亭乡中村村,,,,,,,,,,,,,,,,,,,
,,,,,,,,,,,,,,,余姚市大黄桥路102-104号,,,,,,,,,,,,,,,,,,,
,,,,,,,,,,,,,,,浙江省余姚市梨洲街道东旱门南路188号多元创业大厦A座609室（自主申报）,,,,,,,,,,,,,,,,,,,
,,,,,,,,,,,,,,,浙江省余姚市世南东路362号,,,,,,,,,,,,,,,,,,,
,,,,,,,,,,,,,,,浙江省宁波市余姚市丈亭镇丈亭村翁家东26号（自主申报）,,,,,,,,,,,,,,,,,,,
,,,,,,,,,,,,,,,浙江省余姚市凤山街道五彩城1幢1507（自主申报）,,,,,,,,,,,,,,,,,,,
,,,,,,,,,,,,,,,余姚市阳明街道新桥村小山头7-1号,,,,,,,,,,,,,,,,,,,
,,,,,,,,,,,,,,,余姚市梨洲街道南雷路309号（租房）,,,,,,,,,,,,,,,,,,,
,,,,,,,,,,,,,,,浙江省余姚市凤山街道五星村笆里35号（住宅、自主申报）,,,,,,,,,,,,,,,,,,,
,,,,,,,,,,,,,,,浙江省余姚市世南西路237-1号（自主申报）,,,,,,,,,,,,,,,,,,,
,,,,,,,,,,,,,,,浙江省余姚市兰江街道四明西路855-5号（万达金街）（自主申报）,,,,,,,,,,,,,,,,,,,
,,,,,,,,,,,,,,,浙江省余姚市陆埠镇江南村钟山北路245号,,,,,,,,,,,,,,,,,,,
,,,,,,,,,,,,,,,余姚市凤山街道五星村前郑河沿29号,,,,,,,,,,,,,,,,,,,
,,,,,,,,,,,,,,,浙江省余姚市梨洲街道古路头村双龙260号（住宅、自主申报）,,,,,,,,,,,,,,,,,,,
,,,,,,,,,,,,,,,浙江省余姚市泗门镇湖北村市场路86号,,,,,,,,,,,,,,,,,,,
,,,,,,,,,,,,,,,余姚市阳明街道芝山村西于巷24号,,,,,,,,,,,,,,,,,,,
,,,,,,,,,,,,,,,余姚市阳明西路91号,,,,,,,,,,,,,,,,,,,
,,,,,,,,,,,,,,,余姚市东旱门路27号第二层,,,,,,,,,,,,,,,,,,,
,,,,,,,,,,,,,,,余姚市大黄桥南路337号,,,,,,,,,,,,,,,,,,,
,,,,,,,,,,,,,,,浙江省余姚市新建北路62号5号楼102室,,,,,,,,,,,,,,,,,,,
,,,,,,,,,,,,,,,浙江省余姚市凤山街道模具城D1幢5号（自主申报）,,,,,,,,,,,,,,,,,,,
,,,,,,,,,,,,,,,余姚市子陵路52-5号,,,,,,,,,,,,,,,,,,,
,,,,,,,,,,,,,,,浙江省余姚市阳明东路269号凤山菜场二楼（自主申报）,,,,,,,,,,,,,,,,,,,
,,,,,,,,,,,,,,,余姚市马渚镇小马路1-8号,,,,,,,,,,,,,,,,,,,
,,,,,,,,,,,,,,,浙江省宁波市宁海县岔路镇霞客路7–1号（自主申报）,,,,,,,,,,,,,,,,,,,
,,,,,,,,,,,,,,,宁海县跃龙街道百家农产品市场内,,,,,,,,,,,,,,,,,,,
,,,,,,,,,,,,,,,浙江省宁波市宁海县桃源街道翻身村39号（自主申报）,,,,,,,,,,,,,,,,,,,
,,,,,,,,,,,,,,,浙江省宁波市宁海县黄坛镇王家染村54号（自主申报）,,,,,,,,,,,,,,,,,,,
,,,,,,,,,,,,,,,浙江省宁波市宁海县跃龙街道金檀路105号（自主申报）,,,,,,,,,,,,,,,,,,,
,,,,,,,,,,,,,,,浙江省宁波市宁海县桥头胡街道林家村69号（自主申报）,,,,,,,,,,,,,,,,,,,
,,,,,,,,,,,,,,,浙江省宁波市宁海县跃龙街道杜鹃巷42弄33号（自主申报）,,,,,,,,,,,,,,,,,,,
,,,,,,,,,,,,,,,浙江省宁波市宁海县桃源街道科园南路10号,,,,,,,,,,,,,,,,,,,
,,,,,,,,,,,,,,,浙江省宁波市宁海县桃源街道兴海北路166号（自主申报）,,,,,,,,,,,,,,,,,,,
,,,,,,,,,,,,,,,浙江省宁波市宁海县深甽镇南溪温泉6号（自主申报）,,,,,,,,,,,,,,,,,,,
,,,,,,,,,,,,,,,浙江省宁波市宁海县桥头胡街道九都路108对面（自主申报工改商）,,,,,,,,,,,,,,,,,,,
,,,,,,,,,,,,,,,浙江省宁波市宁海县跃龙街道西城国际43幢904室（自主申报）,,,,,,,,,,,,,,,,,,,
,,,,,,,,,,,,,,,浙江省宁波市宁海县桑洲镇屿山北路6号345（隆赫）（自主申报）,,,,,,,,,,,,,,,,,,,
,,,,,,,,,,,,,,,浙江省宁波市宁海县桃源街道沙田路19弄8号（自主申报）,,,,,,,,,,,,,,,,,,,
,,,,,,,,,,,,,,,浙江省宁波市宁海县跃龙街道淮河路77号（自主申报）,,,,,,,,,,,,,,,,,,,
,,,,,,,,,,,,,,,浙江省宁波市宁海县跃龙街道檀树路（模具城）,,,,,,,,,,,,,,,,,,,
,,,,,,,,,,,,,,,浙江省宁波市宁海县跃龙街道桃源中路168号西子国际广场B1D2（自主申报）,,,,,,,,,,,,,,,,,,,
,,,,,,,,,,,,,,,浙江省宁波市宁海县桃源街道学勉路160号（自主申报）,,,,,,,,,,,,,,,,,,,
,,,,,,,,,,,,,,,浙江省宁波市宁海县长街镇隔洋塘村,,,,,,,,,,,,,,,,,,,
,,,,,,,,,,,,,,,宁海县梅林街道兰田村（住宅）,,,,,,,,,,,,,,,,,,,
,,,,,,,,,,,,,,,浙江省宁波市宁海县跃龙街道高园巷38弄2号（自主申报）,,,,,,,,,,,,,,,,,,,
,,,,,,,,,,,,,,,宁海县桃源街道金龙路16号,,,,,,,,,,,,,,,,,,,
,,,,,,,,,,,,,,,浙江省宁波市宁海县力洋镇力兴中路65号（自主申报）,,,,,,,,,,,,,,,,,,,
,,,,,,,,,,,,,,,浙江省宁波市宁海县跃龙街道云海路28号（自主申报）,,,,,,,,,,,,,,,,,,,
,,,,,,,,,,,,,,,浙江省宁波市宁海县桃源街道兴工西一路32弄9幢5号（自主申报）,,,,,,,,,,,,,,,,,,,
,,,,,,,,,,,,,,,宁海县力洋镇力洋中路59号,,,,,,,,,,,,,,,,,,,
,,,,,,,,,,,,,,,浙江省宁波市宁海县跃龙街道兴宁南路521523号（自主申报）,,,,,,,,,,,,,,,,,,,
,,,,,,,,,,,,,,,浙江省宁波市宁海县深甽镇环城南路52弄10号（自主申报）,,,,,,,,,,,,,,,,,,,
,,,,,,,,,,,,,,,宁海县桃源街道兴工三路212号,,,,,,,,,,,,,,,,,,,
,,,,,,,,,,,,,,,浙江省宁波市宁海县桥头胡街道林家村102号（自主申报）,,,,,,,,,,,,,,,,,,,
,,,,,,,,,,,,,,,浙江省宁波市宁海县胡陈乡谐和路7号（自主申报）,,,,,,,,,,,,,,,,,,,
,,,,,,,,,,,,,,,浙江省桃源南路281号,,,,,,,,,,,,,,,,,,,
,,,,,,,,,,,,,,,浙江省宁波市宁海县跃龙街道世贸中心2幢809室,,,,,,,,,,,,,,,,,,,
,,,,,,,,,,,,,,,宁海县跃龙街道人民大道11号,,,,,,,,,,,,,,,,,,,
,,,,,,,,,,,,,,,浙江省宁波市宁海县西店镇望海村东周291号（自主申报）,,,,,,,,,,,,,,,,,,,
,,,,,,,,,,,,,,,浙江省宁波市宁海县跃龙街道斗门路2061（自主申报）,,,,,,,,,,,,,,,,,,,
,,,,,,,,,,,,,,,宁海县大佳何镇民主村,,,,,,,,,,,,,,,,,,,
,,,,,,,,,,,,,,,浙江省宁波市宁海县跃龙街道山河路623号（自主申报）,,,,,,,,,,,,,,,,,,,
,,,,,,,,,,,,,,,宁海县深甽镇深甽村凤山南路61号,,,,,,,,,,,,,,,,,,,
,,,,,,,,,,,,,,,浙江省宁波市宁海县跃龙街道怡惠路49号（住宅）,,,,,,,,,,,,,,,,,,,
,,,,,,,,,,,,,,,浙江省宁波市宁海县桃源街道江南名都22610（自主申报）,,,,,,,,,,,,,,,,,,,
,,,,,,,,,,,,,,,浙江省宁波市宁海县梅林街道红塔路151号二幢二楼（自主申报）,,,,,,,,,,,,,,,,,,,
,,,,,,,,,,,,,,,浙江省宁波市宁海县西店镇紫江村3号（自主申报）,,,,,,,,,,,,,,,,,,,
,,,,,,,,,,,,,,,宁海县西店镇振兴北路588号,,,,,,,,,,,,,,,,,,,
,,,,,,,,,,,,,,,宁海县桃源街道兴工二路135号,,,,,,,,,,,,,,,,,,,
,,,,,,,,,,,,,,,浙江省宁波市宁海县梅林街道大路周村205号（自主申报）,,,,,,,,,,,,,,,,,,,
,,,,,,,,,,,,,,,宁海县跃龙街道中山东路9号,,,,,,,,,,,,,,,,,,,
,,,,,,,,,,,,,,,浙江省宁波市宁海县力洋镇前宅路89号（自主申报）,,,,,,,,,,,,,,,,,,,
,,,,,,,,,,,,,,,浙江省宁波市宁海县梅林街道建新路1号（自主申报）,,,,,,,,,,,,,,,,,,,
,,,,,,,,,,,,,,,浙江省宁波市宁海县跃龙街道兴宁中路318弄21号,,,,,,,,,,,,,,,,,,,
,,,,,,,,,,,,,,,浙江省宁波市宁海县力洋镇东园村渡头55号（自主申报）,,,,,,,,,,,,,,,,,,,
,,,,,,,,,,,,,,,浙江省宁波市宁海县梅林街道梅林北路13号31,,,,,,,,,,,,,,,,,,,
,,,,,,,,,,,,,,,浙江省宁波市宁海县桃源街道兴工二路165号（自主申报）,,,,,,,,,,,,,,,,,,,
,,,,,,,,,,,,,,,浙江省宁波市宁海县西店镇洪家村379号（自主申报）,,,,,,,,,,,,,,,,,,,
,,,,,,,,,,,,,,,宁海县桃源街道下洋吴村口,,,,,,,,,,,,,,,,,,,
,,,,,,,,,,,,,,,浙江省宁波市宁海县深甽镇燕泉路23号,,,,,,,,,,,,,,,,,,,
,,,,,,,,,,,,,,,浙江省宁波市宁海县跃龙街道连理路208号（自主申报）,,,,,,,,,,,,,,,,,,,
,,,,,,,,,,,,,,,浙江省宁波市宁海县长街镇龙山村273号（自主申报）,,,,,,,,,,,,,,,,,,,
,,,,,,,,,,,,,,,浙江省宁波市宁海县桃源街道海湖府33幢601室（自主申报）,,,,,,,,,,,,,,,,,,,
,,,,,,,,,,,,,,,浙江省宁波市宁海县跃龙街道纺织东路11号（自主申报）,,,,,,,,,,,,,,,,,,,
,,,,,,,,,,,,,,,浙江省宁波市宁海县梅林街道祁家山路31号（自主申报）,,,,,,,,,,,,,,,,,,,
,,,,,,,,,,,,,,,浙江省宁波市宁海县跃龙街道柔石路20号（自主申报）,,,,,,,,,,,,,,,,,,,
,,,,,,,,,,,,,,,浙江省宁波市宁海县强蛟镇王石岙村（自主申报）,,,,,,,,,,,,,,,,,,,
,,,,,,,,,,,,,,,浙江省宁波市宁海县大佳何镇民主村马家1组119号（自主申报）,,,,,,,,,,,,,,,,,,,
,,,,,,,,,,,,,,,浙江省宁波市宁海县茶院乡西林路6号2708（茶乐）（自主申报）,,,,,,,,,,,,,,,,,,,
,,,,,,,,,,,,,,,浙江省宁波市宁海县跃龙街道外环西路369号东方艺术博物馆二楼（自主申报）,,,,,,,,,,,,,,,,,,,
,,,,,,,,,,,,,,,浙江省宁波市宁海县桃源街道气象北路907909911913号（自主申报）,,,,,,,,,,,,,,,,,,,
,,,,,,,,,,,,,,,浙江省宁波市宁海县桃源街道兴工二路110号（自主申报）,,,,,,,,,,,,,,,,,,,
,,,,,,,,,,,,,,,宁海县桃源街道新桥路242号,,,,,,,,,,,,,,,,,,,
,,,,,,,,,,,,,,,浙江省宁波市宁海县力洋镇凤凰山村石碾三组39号（自主申报）,,,,,,,,,,,,,,,,,,,
,,,,,,,,,,,,,,,浙江省宁波市宁海县力洋镇东园村林屿46号（自主申报）,,,,,,,,,,,,,,,,,,,
,,,,,,,,,,,,,,,浙江省宁波市宁海县西店镇蔡家888号（自主申报）,,,,,,,,,,,,,,,,,,,
,,,,,,,,,,,,,,,浙江省宁波市宁海县桥头胡街道中新北街23号,,,,,,,,,,,,,,,,,,,
,,,,,,,,,,,,,,,浙江省宁波市宁海县胡陈乡黄山路138号238（京韬）（自主申报）,,,,,,,,,,,,,,,,,,,
,,,,,,,,,,,,,,,浙江省宁波市宁海县跃龙街道时代大道8号邻里广场4号楼17、18、19（自主申报）,,,,,,,,,,,,,,,,,,,
,,,,,,,,,,,,,,,浙江省宁波市宁海县桃源街道兴宁北路6870号（自主申报）,,,,,,,,,,,,,,,,,,,
,,,,,,,,,,,,,,,浙江省宁波市宁海县跃龙街道气象北路203号,,,,,,,,,,,,,,,,,,,
,,,,,,,,,,,,,,,宁海县梅林街道法昌路1号,,,,,,,,,,,,,,,,,,,
,,,,,,,,,,,,,,,浙江省宁波市宁海县西店镇滨海路41号（自主申报）,,,,,,,,,,,,,,,,,,,
,,,,,,,,,,,,,,,浙江省宁波市宁海县桃源街道气象北路331号（自主申报）,,,,,,,,,,,,,,,,,,,
,,,,,,,,,,,,,,,江北区大庆南路与生宝路交叉口,,,,,,,,,,,,,,,,,,,
,,,,,,,,,,,,,,,浙江省宁波市江北区洪都路159号206室,,,,,,,,,,,,,,,,,,,
,,,,,,,,,,,,,,,江北区慈城镇解放路15号,,,,,,,,,,,,,,,,,,,
,,,,,,,,,,,,,,,浙江省宁波市江北区江北万达商业广场4幢228号112,,,,,,,,,,,,,,,,,,,
,,,,,,,,,,,,,,,浙江省宁波市江北区洪塘中路518号（欧尚超市洪塘中路店内NBHT1002）,,,,,,,,,,,,,,,,,,,
,,,,,,,,,,,,,,,宁波市江北区长兴路677号、685号、687号3幢7212,,,,,,,,,,,,,,,,,,,
,,,,,,,,,,,,,,,浙江省宁波市江北区清河路265号万象城L2层S211S212号,,,,,,,,,,,,,,,,,,,
,,,,,,,,,,,,,,,浙江省宁波市江北区宝马街8号2幢105室,,,,,,,,,,,,,,,,,,,
,,,,,,,,,,,,,,,江北区华业街113号3幢,,,,,,,,,,,,,,,,,,,
,,,,,,,,,,,,,,,江北区慈城镇解放路33号303室（住宅）,,,,,,,,,,,,,,,,,,,
,,,,,,,,,,,,,,,江北区庄桥城庄路北端东侧,,,,,,,,,,,,,,,,,,,
,,,,,,,,,,,,,,,浙江省宁波市江北区人民路90号（113）,,,,,,,,,,,,,,,,,,,
,,,,,,,,,,,,,,,浙江省宁波市江北区洪塘街道赵家村工业B区（108街区）3幢227室,,,,,,,,,,,,,,,,,,,
,,,,,,,,,,,,,,,浙江省宁波市江北区庄桥街道宁慈公路西河亭对面,,,,,,,,,,,,,,,,,,,
,,,,,,,,,,,,,,,浙江省宁波市江北区庄桥街道江北大道158号65幢1180（永辉超市江北万达店Z0568010号商铺）,,,,,,,,,,,,,,,,,,,
,,,,,,,,,,,,,,,浙江省宁波市江北区前江街道宏图路999号易生活购物中心M214号,,,,,,,,,,,,,,,,,,,
,,,,,,,,,,,,,,,浙江省宁波市江北区大闸路1号9幢1层,,,,,,,,,,,,,,,,,,,
,,,,,,,,,,,,,,,浙江省宁波市江北区文教街道北岸琴森小区270、268号<17>,,,,,,,,,,,,,,,,,,,
,,,,,,,,,,,,,,,浙江省宁波市江北区江北大道188号2113（万达商业广场275号商铺）,,,,,,,,,,,,,,,,,,,
,,,,,,,,,,,,,,,江北区大庆南路99号来福士广场04层12/13号,,,,,,,,,,,,,,,,,,,
,,,,,,,,,,,,,,,浙江省宁波市江北区北岸琴森小区207号（18）,,,,,,,,,,,,,,,,,,,
,,,,,,,,,,,,,,,浙江省宁波市江北区庄桥街道创富商业中心10号217,,,,,,,,,,,,,,,,,,,
,,,,,,,,,,,,,,,浙江省宁波市江北区通宁路321弄25号2幢一、二层,,,,,,,,,,,,,,,,,,,
,,,,,,,,,,,,,,,浙江省宁波市江北区海川路76号132幢2144室,,,,,,,,,,,,,,,,,,,
,,,,,,,,,,,,,,,浙江省宁波市江北区风华路928弄4号楼232室,,,,,,,,,,,,,,,,,,,
,,,,,,,,,,,,,,,浙江省宁波市江北区洪塘南路西段107号（互联网家居展示中心）1幢237室,,,,,,,,,,,,,,,,,,,
,,,,,,,,,,,,,,,浙江省宁波市江北区湾头路518号85,,,,,,,,,,,,,,,,,,,
,,,,,,,,,,,,,,,江北区大庆北路318号108室,,,,,,,,,,,,,,,,,,,
,,,,,,,,,,,,,,,浙江省宁波市江北区长兴路689弄21号10幢112室托管269（商务托管）,,,,,,,,,,,,,,,,,,,
,,,,,,,,,,,,,,,浙江省宁波市江北区长兴路689弄21号10幢112室托管4703（商务托管）,,,,,,,,,,,,,,,,,,,
,,,,,,,,,,,,,,,浙江省宁波市江北区长兴路689弄21号10幢112室托管457（商务托管）,,,,,,,,,,,,,,,,,,,
,,,,,,,,,,,,,,,浙江省宁波市江北区慈城镇宁慈西路1455号枫湾家园19幢第11间,,,,,,,,,,,,,,,,,,,
,,,,,,,,,,,,,,,浙江省宁波市江北区春晖佳苑6幢21号<15>,,,,,,,,,,,,,,,,,,,
,,,,,,,,,,,,,,,浙江省宁波市江北区长兴路689弄21号10幢112室托管798（商务托管）,,,,,,,,,,,,,,,,,,,
,,,,,,,,,,,,,,,浙江省宁波市江北区文教路150号65室,,,,,,,,,,,,,,,,,,,
,,,,,,,,,,,,,,,浙江省宁波市江北区宁沁路351弄36号12托管0238（商务托管）,,,,,,,,,,,,,,,,,,,
,,,,,,,,,,,,,,,浙江省江北区桃渡路116号,,,,,,,,,,,,,,,,,,,
,,,,,,,,,,,,,,,浙江省宁波市江北区海外滩花苑55号515,,,,,,,,,,,,,,,,,,,
,,,,,,,,,,,,,,,浙江省宁波市江北区北岸财富中心26号（110）,,,,,,,,,,,,,,,,,,,
,,,,,,,,,,,,,,,浙江省宁波市江北区金山路727号39幢二层,,,,,,,,,,,,,,,,,,,
,,,,,,,,,,,,,,,江北区日湖公园正大门一侧,,,,,,,,,,,,,,,,,,,
,,,,,,,,,,,,,,,"浙江省宁波市江北区洪塘街道长兴东路346号,恒一商业中心2、11、12号3105/106/107/132/133/134/135/136/137/138",,,,,,,,,,,,,,,,,,,
,,,,,,,,,,,,,,,浙江省宁波市江北区文教路17号<12>,,,,,,,,,,,,,,,,,,,
,,,,,,,,,,,,,,,浙江省宁波市江北区洪塘街道洪兴路7号007幢468室,,,,,,,,,,,,,,,,,,,
,,,,,,,,,,,,,,,浙江省宁波市江北区甬江街道外漕村薛家12号（住宅）,,,,,,,,,,,,,,,,,,,
,,,,,,,,,,,,,,,浙江省宁波市江北区长兴路689弄21幢112室托管4094（商务托管）,,,,,,,,,,,,,,,,,,,
,,,,,,,,,,,,,,,浙江省宁波市江北区宁沁路351弄36号12托管0318（商务托管）,,,,,,,,,,,,,,,,,,,
,,,,,,,,,,,,,,,宁波市江北区环城北路东段67号B幢313室,,,,,,,,,,,,,,,,,,,
,,,,,,,,,,,,,,,江北区庄桥街道宝庆路244号一层,,,,,,,,,,,,,,,,,,,
,,,,,,,,,,,,,,,浙江省宁波市江北区江北大道388号1号楼1楼,,,,,,,,,,,,,,,,,,,
,,,,,,,,,,,,,,,浙江省宁波市江北区慈城镇新都会中心71号31至36,,,,,,,,,,,,,,,,,,,
,,,,,,,,,,,,,,,浙江省宁波市江北区江北区常洪停车场北侧,,,,,,,,,,,,,,,,,,,
,,,,,,,,,,,,,,,浙江省宁波市江北区范江岸路421号119,,,,,,,,,,,,,,,,,,,
,,,,,,,,,,,,,,,浙江省宁波市江北区慈城镇太阳殿路702号,,,,,,,,,,,,,,,,,,,
,,,,,,,,,,,,,,,江北区仓储路218号1幢B304室,,,,,,,,,,,,,,,,,,,
,,,,,,,,,,,,,,,浙江省宁波市江北区洪塘街道海富商业中心2号楼1层128~130、156~158,,,,,,,,,,,,,,,,,,,
,,,,,,,,,,,,,,,江北区慈城镇民生路18号,,,,,,,,,,,,,,,,,,,
,,,,,,,,,,,,,,,江北区车站路19号,,,,,,,,,,,,,,,,,,,
,,,,,,,,,,,,,,,浙江省宁波市江北区天合财汇中心80号11,,,,,,,,,,,,,,,,,,,
,,,,,,,,,,,,,,,浙江省宁波市江北区金山路727号39幢二层,,,,,,,,,,,,,,,,,,,
,,,,,,,,,,,,,,,慈城小东门外汤山,,,,,,,,,,,,,,,,,,,
,,,,,,,,,,,,,,,浙江省宁波市江北区洪塘街道颐和名苑23号D1,,,,,,,,,,,,,,,,,,,
,,,,,,,,,,,,,,,浙江省宁波市江北区工业产业园区经十路1号（7）幢102室托管0231（商务托管）,,,,,,,,,,,,,,,,,,,
,,,,,,,,,,,,,,,江北区西草马路121弄57号302室,,,,,,,,,,,,,,,,,,,
,,,,,,,,,,,,,,,慈城上岙邵夹岙,,,,,,,,,,,,,,,,,,,
,,,,,,,,,,,,,,,浙江省宁波市江北区长兴路199号3幢B341室,,,,,,,,,,,,,,,,,,,
,,,,,,,,,,,,,,,浙江省宁波市江北区长兴路689弄21号10幢112室托管5973（商务托管）,,,,,,,,,,,,,,,,,,,
,,,,,,,,,,,,,,,浙江省宁波市江北区聚兴西路390号（弘茂大厦）B幢858,,,,,,,,,,,,,,,,,,,
,,,,,,,,,,,,,,,浙江省宁波市江北区大庆南路99号来福士广场02层39号,,,,,,,,,,,,,,,,,,,
,,,,,,,,,,,,,,,浙江省宁波市江北区长兴路689弄21号10幢112室托管974（商务托管）,,,,,,,,,,,,,,,,,,,
,,,,,,,,,,,,,,,浙江省宁波市江北区长兴路689弄21号10幢112室托管5872（商务托管）,,,,,,,,,,,,,,,,,,,
,,,,,,,,,,,,,,,浙江省宁波市江北区万达商业广场1幢220号910,,,,,,,,,,,,,,,,,,,
,,,,,,,,,,,,,,,浙江省宁波市江北区风华路818号宁波大学东门公寓（第三空间）536室,,,,,,,,,,,,,,,,,,,
,,,,,,,,,,,,,,,浙江省宁波市奉化区溪口镇武岭路52号53号（自主申报）,,,,,,,,,,,,,,,,,,,
,,,,,,,,,,,,,,,浙江省宁波市奉化区大堰镇后畈村,,,,,,,,,,,,,,,,,,,
,,,,,,,,,,,,,,,浙江省宁波市奉化区溪口镇中山路108号-12-20（自主申报）,,,,,,,,,,,,,,,,,,,
,,,,,,,,,,,,,,,浙江省宁波市奉化区西坞街道金水路2号,,,,,,,,,,,,,,,,,,,
,,,,,,,,,,,,,,,浙江省宁波市奉化区锦屏街道桥西岸路686号,,,,,,,,,,,,,,,,,,,
,,,,,,,,,,,,,,,浙江省宁波市奉化区莼湖镇西谢奉松公路边,,,,,,,,,,,,,,,,,,,
,,,,,,,,,,,,,,,浙江省宁波市奉化区岳林街道春天里5幢1606室（住宅）,,,,,,,,,,,,,,,,,,,
,,,,,,,,,,,,,,,浙江省宁波市奉化区溪口镇状元岙村大爱城售楼处,,,,,,,,,,,,,,,,,,,
,,,,,,,,,,,,,,,宁波市奉化区西坞街道王家汇,,,,,,,,,,,,,,,,,,,
,,,,,,,,,,,,,,,浙江省宁波市奉化区义门路建设弄11幢底层14、15间,,,,,,,,,,,,,,,,,,,
,,,,,,,,,,,,,,,浙江省宁波市奉化区岳林街道龙津尚都1幢1号二楼201室、202室、203室、204室（自主申报）,,,,,,,,,,,,,,,,,,,
,,,,,,,,,,,,,,,浙江省宁波市奉化区岳林街道东峰路10号二楼第一间（自主申报）,,,,,,,,,,,,,,,,,,,
,,,,,,,,,,,,,,,浙江省宁波市奉化区云峰路166号（自主申报）,,,,,,,,,,,,,,,,,,,
,,,,,,,,,,,,,,,奉化市锦屏中塔路59号,,,,,,,,,,,,,,,,,,,
,,,,,,,,,,,,,,,浙江省宁波市奉化区中山东路以北一号地块金钟财富广场商业1038、1040、1042号,,,,,,,,,,,,,,,,,,,
,,,,,,,,,,,,,,,奉化市岳林街道明化小区10幢401室（住宅）,,,,,,,,,,,,,,,,,,,
,,,,,,,,,,,,,,,浙江省宁波市奉化区裘村镇湾丽苑33幢体检中心301,,,,,,,,,,,,,,,,,,,
,,,,,,,,,,,,,,,浙江省宁波市奉化区岳林街道中山东路518号金城大厦A幢325室（自主申报）,,,,,,,,,,,,,,,,,,,
,,,,,,,,,,,,,,,浙江省宁波市奉化区锦屏街道南山路153号办公楼一层、二层,,,,,,,,,,,,,,,,,,,
,,,,,,,,,,,,,,,浙江省宁波市奉化区岳林街道东环路68号2幢513-1室（自主申报）,,,,,,,,,,,,,,,,,,,
,,,,,,,,,,,,,,,浙江省宁波市奉化区方桥街道横里埭村南大路14号,,,,,,,,,,,,,,,,,,,
,,,,,,,,,,,,,,,浙江省宁波市奉化区溪口镇公园路1号（自主申报）,,,,,,,,,,,,,,,,,,,
,,,,,,,,,,,,,,,浙江省宁波市奉化区尚田街道广渡村桥头12号（商务秘书企业托管763号）,,,,,,,,,,,,,,,,,,,
,,,,,,,,,,,,,,,浙江省宁波市奉化区岳林街道金钟路以西、大成路以北（华元欢乐城辅楼B幢105、106、107商铺）,,,,,,,,,,,,,,,,,,,
,,,,,,,,,,,,,,,浙江省宁波市奉化区岳林街道瑞府57号-2（自主申报）,,,,,,,,,,,,,,,,,,,
,,,,,,,,,,,,,,,奉化市西坞街道尚桥头村,,,,,,,,,,,,,,,,,,,
,,,,,,,,,,,,,,,浙江省宁波市奉化区莼湖镇洪溪工业园2区2号,,,,,,,,,,,,,,,,,,,
,,,,,,,,,,,,,,,奉化市锦屏街道西环路2幢（住宅）,,,,,,,,,,,,,,,,,,,
,,,,,,,,,,,,,,,浙江省宁波市奉化区翡翠湾海洋公园内,,,,,,,,,,,,,,,,,,,
,,,,,,,,,,,,,,,浙江省宁波市奉化区南山路2-27号,,,,,,,,,,,,,,,,,,,
,,,,,,,,,,,,,,,奉化市锦屏街道长岭路51号,,,,,,,,,,,,,,,,,,,
,,,,,,,,,,,,,,,浙江省宁波市奉化区岳林街道中山东路299号（奉化万达广场4楼31-32号）,,,,,,,,,,,,,,,,,,,
,,,,,,,,,,,,,,,浙江省宁波市奉化区江口街道横路2号,,,,,,,,,,,,,,,,,,,
,,,,,,,,,,,,,,,浙江省宁波市奉化区岳林街道金海路156号（宝龙广场商业购物中心第一层M1-L1-009）（自主申报）,,,,,,,,,,,,,,,,,,,
,,,,,,,,,,,,,,,浙江省宁波市奉化区裘村镇翔鹤谭村,,,,,,,,,,,,,,,,,,,
,,,,,,,,,,,,,,,浙江省宁波市奉化区松岙镇街一村新街路90号（住宅自主申报）,,,,,,,,,,,,,,,,,,,
,,,,,,,,,,,,,,,浙江省上海市宝山区沪太路4361号3号楼2层3215室,,,,,,,,,,,,,,,,,,,
,,,,,,,,,,,,,,,浙江省宁波市奉化区岳林街道天峰路155号（自主申报）,,,,,,,,,,,,,,,,,,,
,,,,,,,,,,,,,,,浙江省宁波市奉化区锦屏街道红墙外弄11号边（住宅）,,,,,,,,,,,,,,,,,,,
,,,,,,,,,,,,,,,浙江省宁波市奉化区尚田街道广渡村桥头12号（商务秘书企业托管150）,,,,,,,,,,,,,,,,,,,
,,,,,,,,,,,,,,,浙江省宁波市奉化区溪口镇中兴中路37-1号,,,,,,,,,,,,,,,,,,,
,,,,,,,,,,,,,,,浙江省宁波市奉化区溪口镇百丈路10幢8号303室（自主申报）,,,,,,,,,,,,,,,,,,,
,,,,,,,,,,,,,,,浙江省宁波市奉化区岳林街道中山路以北桃源路以东奉化万达广场8幢商业24号（-1）,,,,,,,,,,,,,,,,,,,
,,,,,,,,,,,,,,,浙江省宁波市奉化区锦屏街道南大路241号,,,,,,,,,,,,,,,,,,,
,,,,,,,,,,,,,,,浙江省宁波市奉化区岳林街道中山东路299号室内步行街3F层3069号商铺,,,,,,,,,,,,,,,,,,,
,,,,,,,,,,,,,,,奉化市莼湖镇莼民东路20号,,,,,,,,,,,,,,,,,,,
,,,,,,,,,,,,,,,浙江省宁波市奉化区岳林街道龙潭村公路东（住宅）,,,,,,,,,,,,,,,,,,,
,,,,,,,,,,,,,,,浙江省宁波市奉化区岳林街道时代尚府20号商铺（自主申报）,,,,,,,,,,,,,,,,,,,
,,,,,,,,,,,,,,,浙江省宁波市奉化区岳林街道义门路108号,,,,,,,,,,,,,,,,,,,
,,,,,,,,,,,,,,,浙江省宁波市奉化区锦屏街道南山路150号商业-3-2（奉化城泰城F3-03002号点位）（自主申报）,,,,,,,,,,,,,,,,,,,
,,,,,,,,,,,,,,,浙江省宁波市镇海区九龙湖镇龙源路382号1-8室,,,,,,,,,,,,,,,,,,,
,,,,,,,,,,,,,,,浙江省宁波市镇海区庄市街道永旺村野与望乡野青创理想会堂112,,,,,,,,,,,,,,,,,,,
,,,,,,,,,,,,,,,浙江省宁波市镇海区骆驼街道三五路299号（承诺申报）,,,,,,,,,,,,,,,,,,,
,,,,,,,,,,,,,,,浙江省宁波市镇海区澥浦镇凤岭路127号,,,,,,,,,,,,,,,,,,,
,,,,,,,,,,,,,,,浙江省宁波市镇海区骆驼街道民和路339号3-2室,,,,,,,,,,,,,,,,,,,
,,,,,,,,,,,,,,,浙江省宁波市镇海区骆驼街道福业街334号1-14室,,,,,,,,,,,,,,,,,,,
,,,,,,,,,,,,,,,浙江省宁波市镇海区庄市街道逸夫路69号第2层216-1室,,,,,,,,,,,,,,,,,,,
,,,,,,,,,,,,,,,浙江省宁波市镇海区骆驼街道南一西路66号,,,,,,,,,,,,,,,,,,,
,,,,,,,,,,,,,,,浙江省宁波市镇海区蛟川街道金川路8号1047创新创业园A017-01-12号,,,,,,,,,,,,,,,,,,,
,,,,,,,,,,,,,,,招宝山街道清川路220号1-17室,,,,,,,,,,,,,,,,,,,
,,,,,,,,,,,,,,,浙江省宁波市镇海区骆驼街道永茂西路999号吾悦广场四层4006号,,,,,,,,,,,,,,,,,,,
,,,,,,,,,,,,,,,浙江省宁波市镇海区骆驼街道顺业街8号14-4室,,,,,,,,,,,,,,,,,,,
,,,,,,,,,,,,,,,镇海区骆驼街道汇锦路18号,,,,,,,,,,,,,,,,,,,
,,,,,,,,,,,,,,,浙江省宁波市镇海区庄市街道中官西路1277号3号4-1室,,,,,,,,,,,,,,,,,,,
,,,,,,,,,,,,,,,浙江省宁波市镇海区蛟川街道东明路189号二楼,,,,,,,,,,,,,,,,,,,
,,,,,,,,,,,,,,,浙江省宁波市镇海区庄市街道中官西路777号,,,,,,,,,,,,,,,,,,,
,,,,,,,,,,,,,,,"浙江省宁波市镇海区骆驼街道永茂西路999号吾悦广场二期5号3006-2-1、3006-2-2,3006-3",,,,,,,,,,,,,,,,,,,
,,,,,,,,,,,,,,,浙江省宁波市镇海区骆驼街道汶骆路19号3-20室（商务秘书托管18号）,,,,,,,,,,,,,,,,,,,
,,,,,,,,,,,,,,,浙江省宁波市镇海区招宝山街道车站路611号1-33室,,,,,,,,,,,,,,,,,,,
,,,,,,,,,,,,,,,浙江省宁波市镇海区骆驼街道甬骆路西59号西边,,,,,,,,,,,,,,,,,,,
,,,,,,,,,,,,,,,浙江省宁波市镇海区庄市街道毓秀路602号1-4商铺,,,,,,,,,,,,,,,,,,,
,,,,,,,,,,,,,,,宁波市镇海区蛟川街道大运路1号12-2室,,,,,,,,,,,,,,,,,,,
,,,,,,,,,,,,,,,浙江省宁波市镇海区庄市街道兴庄路集贸市场3号楼,,,,,,,,,,,,,,,,,,,
,,,,,,,,,,,,,,,浙江省宁波市镇海区澥浦镇庙戴村87号（华旭机械厂旁）,,,,,,,,,,,,,,,,,,,
,,,,,,,,,,,,,,,浙江省宁波市镇海区骆驼街道团桥村菜场路,,,,,,,,,,,,,,,,,,,
,,,,,,,,,,,,,,,浙江省宁波市镇海区骆驼街道永茂西路66号,,,,,,,,,,,,,,,,,,,
,,,,,,,,,,,,,,,浙江省宁波市镇海区招宝山街道聪园路353号101室（承诺申报）,,,,,,,,,,,,,,,,,,,
,,,,,,,,,,,,,,,镇海区庄市街道中官西路777号,,,,,,,,,,,,,,,,,,,
,,,,,,,,,,,,,,,浙江省宁波市镇海区庄市街道逸夫路69号第1层108室,,,,,,,,,,,,,,,,,,,
,,,,,,,,,,,,,,,浙江省宁波市镇海区骆驼街道骆兴西路17号上城印象苑1、2号1-19室,,,,,,,,,,,,,,,,,,,
,,,,,,,,,,,,,,,浙江省宁波市镇海区庄市街道明海南路288号财富广场5号2-29室,,,,,,,,,,,,,,,,,,,
,,,,,,,,,,,,,,,浙江省宁波市镇海区骆驼街道永茂西路66号,,,,,,,,,,,,,,,,,,,
,,,,,,,,,,,,,,,浙江省宁波市镇海区庄市街道中官西路777号3层205室,,,,,,,,,,,,,,,,,,,
,,,,,,,,,,,,,,,浙江省宁波市镇海区骆驼街道金悦路126号1-5室,,,,,,,,,,,,,,,,,,,
,,,,,,,,,,,,,,,浙江省宁波市镇海区骆驼街道镇骆西路77号8-20室,,,,,,,,,,,,,,,,,,,
,,,,,,,,,,,,,,,镇海区九龙湖镇经济发展区,,,,,,,,,,,,,,,,,,,
,,,,,,,,,,,,,,,浙江省宁波市镇海区骆驼街道永茂西路999号吾悦广场二期5号3040、3039,,,,,,,,,,,,,,,,,,,
,,,,,,,,,,,,,,,浙江省宁波市镇海区九龙湖镇田顾村东沿20号,,,,,,,,,,,,,,,,,,,
,,,,,,,,,,,,,,,宁波市镇海区庄市街道中官西路777号,,,,,,,,,,,,,,,,,,,
,,,,,,,,,,,,,,,浙江省宁波市镇海区庄市街道清泉花园32幢兴庄路176号1-5,,,,,,,,,,,,,,,,,,,
,,,,,,,,,,,,,,,浙江省宁波市镇海区骆驼街道骆兴西路488弄65号2-3室,,,,,,,,,,,,,,,,,,,
,,,,,,,,,,,,,,,浙江省宁波市镇海区庄市街道逸夫路1700弄6号1-3、2-3室,,,,,,,,,,,,,,,,,,,
,,,,,,,,,,,,,,,浙江省宁波市镇海区九龙湖镇九龙湖村横溪,,,,,,,,,,,,,,,,,,,
,,,,,,,,,,,,,,,浙江省宁波市镇海区庄市街道中官西路1277号启迪科技园1号10-1室（A栋1005-2）,,,,,,,,,,,,,,,,,,,
,,,,,,,,,,,,,,,浙江省宁波市镇海区庄市街道兴庄路268号,,,,,,,,,,,,,,,,,,,
,,,,,,,,,,,,,,,浙江省宁波市镇海区骆驼街道镇海大道142号1-9室（商务秘书托管08号）,,,,,,,,,,,,,,,,,,,
,,,,,,,,,,,,,,,浙江省宁波市镇海区庄市街道清泉路159号2-24室,,,,,,,,,,,,,,,,,,,
,,,,,,,,,,,,,,,宁波市镇海区骆驼街道文成西路南侧,,,,,,,,,,,,,,,,,,,
,,,,,,,,,,,,,,,镇海区庄市街道庄市大道1166号,,,,,,,,,,,,,,,,,,,
,,,,,,,,,,,,,,,浙江省宁波市鄞州区首南街道泰康东路199号宁波诺丁汉大学8号楼一食堂一层西北面区域,,,,,,,,,,,,,,,,,,,
,,,,,,,,,,,,,,,浙江省宁波市江北区风华路818号宁波大学黄庆苗楼A450,,,,,,,,,,,,,,,,,,,
,,,,,,,,,,,,,,,浙江省宁波市北仑区梅山街道梅山七星路88号6幢C201室-106413（集群注册）,,,,,,,,,,,,,,,,,,,
,,,,,,,,,,,,,,,浙江省宁波市海曙区望童北路77号<1-7><1-8>,,,,,,,,,,,,,,,,,,,
,,,,,,,,,,,,,,,浙江省宁波市江北区清湖路193号110室,,,,,,,,,,,,,,,,,,,
